date,year,month,original_location,original_location_type,canonical_region,occupancy_rate,rooms,units_or_hotels,total_arrivals,annual_occupancy_rate,source_year,source_report,source_table,source_page,source_granularity,extraction_method,needs_manual_review,review_status,notes,is_pandemic_period
2017-01-01,2017,1,Colombo City,resort_region,Colombo City,73.2,5310,41,219360,75.31,2017,Annual Statistical Report 2017.pdf,Table 23: Monthly Occupancy Rates in Tourist Hotels by Region – 2017,82,monthly,pdftotext_layout,false,not_required,Top-level SLTDA resort region retained unchanged.,false
2017-02-01,2017,2,Colombo City,resort_region,Colombo City,69.7,5310,41,197517,75.31,2017,Annual Statistical Report 2017.pdf,Table 23: Monthly Occupancy Rates in Tourist Hotels by Region – 2017,82,monthly,pdftotext_layout,false,not_required,Top-level SLTDA resort region retained unchanged.,false
2017-03-01,2017,3,Colombo City,resort_region,Colombo City,72.8,5310,41,188076,75.31,2017,Annual Statistical Report 2017.pdf,Table 23: Monthly Occupancy Rates in Tourist Hotels by Region – 2017,82,monthly,pdftotext_layout,false,not_required,Top-level SLTDA resort region retained unchanged.,false
2017-04-01,2017,4,Colombo City,resort_region,Colombo City,67.92,5310,41,160249,75.31,2017,Annual Statistical Report 2017.pdf,Table 23: Monthly Occupancy Rates in Tourist Hotels by Region – 2017,82,monthly,pdftotext_layout,false,not_required,Top-level SLTDA resort region retained unchanged.,false
2017-05-01,2017,5,Colombo City,resort_region,Colombo City,79.53,5310,41,121891,75.31,2017,Annual Statistical Report 2017.pdf,Table 23: Monthly Occupancy Rates in Tourist Hotels by Region – 2017,82,monthly,pdftotext_layout,false,not_required,Top-level SLTDA resort region retained unchanged.,false
2017-06-01,2017,6,Colombo City,resort_region,Colombo City,72.86,5310,41,123351,75.31,2017,Annual Statistical Report 2017.pdf,Table 23: Monthly Occupancy Rates in Tourist Hotels by Region – 2017,82,monthly,pdftotext_layout,false,not_required,Top-level SLTDA resort region retained unchanged.,false
2017-07-01,2017,7,Colombo City,resort_region,Colombo City,71.17,5310,41,205482,75.31,2017,Annual Statistical Report 2017.pdf,Table 23: Monthly Occupancy Rates in Tourist Hotels by Region – 2017,82,monthly,pdftotext_layout,false,not_required,Top-level SLTDA resort region retained unchanged.,false
2017-08-01,2017,8,Colombo City,resort_region,Colombo City,81.57,5310,41,190928,75.31,2017,Annual Statistical Report 2017.pdf,Table 23: Monthly Occupancy Rates in Tourist Hotels by Region – 2017,82,monthly,pdftotext_layout,false,not_required,Top-level SLTDA resort region retained unchanged.,false
2017-09-01,2017,9,Colombo City,resort_region,Colombo City,75.06,5310,41,145077,75.31,2017,Annual Statistical Report 2017.pdf,Table 23: Monthly Occupancy Rates in Tourist Hotels by Region – 2017,82,monthly,pdftotext_layout,false,not_required,Top-level SLTDA resort region retained unchanged.,false
2017-10-01,2017,10,Colombo City,resort_region,Colombo City,78.2,5310,41,152429,75.31,2017,Annual Statistical Report 2017.pdf,Table 23: Monthly Occupancy Rates in Tourist Hotels by Region – 2017,82,monthly,pdftotext_layout,false,not_required,Top-level SLTDA resort region retained unchanged.,false
2017-11-01,2017,11,Colombo City,resort_region,Colombo City,78.34,5310,41,167511,75.31,2017,Annual Statistical Report 2017.pdf,Table 23: Monthly Occupancy Rates in Tourist Hotels by Region – 2017,82,monthly,pdftotext_layout,false,not_required,Top-level SLTDA resort region retained unchanged.,false
2017-12-01,2017,12,Colombo City,resort_region,Colombo City,83.41,5310,41,244536,75.31,2017,Annual Statistical Report 2017.pdf,Table 23: Monthly Occupancy Rates in Tourist Hotels by Region – 2017,82,monthly,pdftotext_layout,false,not_required,Top-level SLTDA resort region retained unchanged.,false
2017-01-01,2017,1,Greater Colombo,resort_region,Greater Colombo,73.44,3225,62,219360,73.14,2017,Annual Statistical Report 2017.pdf,Table 23: Monthly Occupancy Rates in Tourist Hotels by Region – 2017,82,monthly,pdftotext_layout,false,not_required,Top-level SLTDA resort region retained unchanged.,false
2017-02-01,2017,2,Greater Colombo,resort_region,Greater Colombo,71.62,3225,62,197517,73.14,2017,Annual Statistical Report 2017.pdf,Table 23: Monthly Occupancy Rates in Tourist Hotels by Region – 2017,82,monthly,pdftotext_layout,false,not_required,Top-level SLTDA resort region retained unchanged.,false
2017-03-01,2017,3,Greater Colombo,resort_region,Greater Colombo,73.11,3225,62,188076,73.14,2017,Annual Statistical Report 2017.pdf,Table 23: Monthly Occupancy Rates in Tourist Hotels by Region – 2017,82,monthly,pdftotext_layout,false,not_required,Top-level SLTDA resort region retained unchanged.,false
2017-04-01,2017,4,Greater Colombo,resort_region,Greater Colombo,63.49,3225,62,160249,73.14,2017,Annual Statistical Report 2017.pdf,Table 23: Monthly Occupancy Rates in Tourist Hotels by Region – 2017,82,monthly,pdftotext_layout,false,not_required,Top-level SLTDA resort region retained unchanged.,false
2017-05-01,2017,5,Greater Colombo,resort_region,Greater Colombo,73.3,3225,62,121891,73.14,2017,Annual Statistical Report 2017.pdf,Table 23: Monthly Occupancy Rates in Tourist Hotels by Region – 2017,82,monthly,pdftotext_layout,false,not_required,Top-level SLTDA resort region retained unchanged.,false
2017-06-01,2017,6,Greater Colombo,resort_region,Greater Colombo,71.33,3225,62,123351,73.14,2017,Annual Statistical Report 2017.pdf,Table 23: Monthly Occupancy Rates in Tourist Hotels by Region – 2017,82,monthly,pdftotext_layout,false,not_required,Top-level SLTDA resort region retained unchanged.,false
2017-07-01,2017,7,Greater Colombo,resort_region,Greater Colombo,70.03,3225,62,205482,73.14,2017,Annual Statistical Report 2017.pdf,Table 23: Monthly Occupancy Rates in Tourist Hotels by Region – 2017,82,monthly,pdftotext_layout,false,not_required,Top-level SLTDA resort region retained unchanged.,false
2017-08-01,2017,8,Greater Colombo,resort_region,Greater Colombo,77.32,3225,62,190928,73.14,2017,Annual Statistical Report 2017.pdf,Table 23: Monthly Occupancy Rates in Tourist Hotels by Region – 2017,82,monthly,pdftotext_layout,false,not_required,Top-level SLTDA resort region retained unchanged.,false
2017-09-01,2017,9,Greater Colombo,resort_region,Greater Colombo,75.76,3225,62,145077,73.14,2017,Annual Statistical Report 2017.pdf,Table 23: Monthly Occupancy Rates in Tourist Hotels by Region – 2017,82,monthly,pdftotext_layout,false,not_required,Top-level SLTDA resort region retained unchanged.,false
2017-10-01,2017,10,Greater Colombo,resort_region,Greater Colombo,73.35,3225,62,152429,73.14,2017,Annual Statistical Report 2017.pdf,Table 23: Monthly Occupancy Rates in Tourist Hotels by Region – 2017,82,monthly,pdftotext_layout,false,not_required,Top-level SLTDA resort region retained unchanged.,false
2017-11-01,2017,11,Greater Colombo,resort_region,Greater Colombo,76.32,3225,62,167511,73.14,2017,Annual Statistical Report 2017.pdf,Table 23: Monthly Occupancy Rates in Tourist Hotels by Region – 2017,82,monthly,pdftotext_layout,false,not_required,Top-level SLTDA resort region retained unchanged.,false
2017-12-01,2017,12,Greater Colombo,resort_region,Greater Colombo,78.68,3225,62,244536,73.14,2017,Annual Statistical Report 2017.pdf,Table 23: Monthly Occupancy Rates in Tourist Hotels by Region – 2017,82,monthly,pdftotext_layout,false,not_required,Top-level SLTDA resort region retained unchanged.,false
2017-01-01,2017,1,South Coast,resort_region,South Coast,75.22,8270,145,219360,72.38,2017,Annual Statistical Report 2017.pdf,Table 23: Monthly Occupancy Rates in Tourist Hotels by Region – 2017,82,monthly,pdftotext_layout,false,not_required,Top-level SLTDA resort region retained unchanged.,false
2017-02-01,2017,2,South Coast,resort_region,South Coast,74.07,8270,145,197517,72.38,2017,Annual Statistical Report 2017.pdf,Table 23: Monthly Occupancy Rates in Tourist Hotels by Region – 2017,82,monthly,pdftotext_layout,false,not_required,Top-level SLTDA resort region retained unchanged.,false
2017-03-01,2017,3,South Coast,resort_region,South Coast,70.9,8270,145,188076,72.38,2017,Annual Statistical Report 2017.pdf,Table 23: Monthly Occupancy Rates in Tourist Hotels by Region – 2017,82,monthly,pdftotext_layout,false,not_required,Top-level SLTDA resort region retained unchanged.,false
2017-04-01,2017,4,South Coast,resort_region,South Coast,67.32,8270,145,160249,72.38,2017,Annual Statistical Report 2017.pdf,Table 23: Monthly Occupancy Rates in Tourist Hotels by Region – 2017,82,monthly,pdftotext_layout,false,not_required,Top-level SLTDA resort region retained unchanged.,false
2017-05-01,2017,5,South Coast,resort_region,South Coast,68.54,8270,145,121891,72.38,2017,Annual Statistical Report 2017.pdf,Table 23: Monthly Occupancy Rates in Tourist Hotels by Region – 2017,82,monthly,pdftotext_layout,false,not_required,Top-level SLTDA resort region retained unchanged.,false
2017-06-01,2017,6,South Coast,resort_region,South Coast,70.11,8270,145,123351,72.38,2017,Annual Statistical Report 2017.pdf,Table 23: Monthly Occupancy Rates in Tourist Hotels by Region – 2017,82,monthly,pdftotext_layout,false,not_required,Top-level SLTDA resort region retained unchanged.,false
2017-07-01,2017,7,South Coast,resort_region,South Coast,70.53,8270,145,205482,72.38,2017,Annual Statistical Report 2017.pdf,Table 23: Monthly Occupancy Rates in Tourist Hotels by Region – 2017,82,monthly,pdftotext_layout,false,not_required,Top-level SLTDA resort region retained unchanged.,false
2017-08-01,2017,8,South Coast,resort_region,South Coast,73.29,8270,145,190928,72.38,2017,Annual Statistical Report 2017.pdf,Table 23: Monthly Occupancy Rates in Tourist Hotels by Region – 2017,82,monthly,pdftotext_layout,false,not_required,Top-level SLTDA resort region retained unchanged.,false
2017-09-01,2017,9,South Coast,resort_region,South Coast,76.69,8270,145,145077,72.38,2017,Annual Statistical Report 2017.pdf,Table 23: Monthly Occupancy Rates in Tourist Hotels by Region – 2017,82,monthly,pdftotext_layout,false,not_required,Top-level SLTDA resort region retained unchanged.,false
2017-10-01,2017,10,South Coast,resort_region,South Coast,71.05,8270,145,152429,72.38,2017,Annual Statistical Report 2017.pdf,Table 23: Monthly Occupancy Rates in Tourist Hotels by Region – 2017,82,monthly,pdftotext_layout,false,not_required,Top-level SLTDA resort region retained unchanged.,false
2017-11-01,2017,11,South Coast,resort_region,South Coast,72.39,8270,145,167511,72.38,2017,Annual Statistical Report 2017.pdf,Table 23: Monthly Occupancy Rates in Tourist Hotels by Region – 2017,82,monthly,pdftotext_layout,false,not_required,Top-level SLTDA resort region retained unchanged.,false
2017-12-01,2017,12,South Coast,resort_region,South Coast,78.44,8270,145,244536,72.38,2017,Annual Statistical Report 2017.pdf,Table 23: Monthly Occupancy Rates in Tourist Hotels by Region – 2017,82,monthly,pdftotext_layout,false,not_required,Top-level SLTDA resort region retained unchanged.,false
2017-01-01,2017,1,East Coast,resort_region,East Coast,70.65,1129,27,219360,72.95,2017,Annual Statistical Report 2017.pdf,Table 23: Monthly Occupancy Rates in Tourist Hotels by Region – 2017,82,monthly,pdftotext_layout,false,not_required,Top-level SLTDA resort region retained unchanged.,false
2017-02-01,2017,2,East Coast,resort_region,East Coast,76.1,1129,27,197517,72.95,2017,Annual Statistical Report 2017.pdf,Table 23: Monthly Occupancy Rates in Tourist Hotels by Region – 2017,82,monthly,pdftotext_layout,false,not_required,Top-level SLTDA resort region retained unchanged.,false
2017-03-01,2017,3,East Coast,resort_region,East Coast,74.48,1129,27,188076,72.95,2017,Annual Statistical Report 2017.pdf,Table 23: Monthly Occupancy Rates in Tourist Hotels by Region – 2017,82,monthly,pdftotext_layout,false,not_required,Top-level SLTDA resort region retained unchanged.,false
2017-04-01,2017,4,East Coast,resort_region,East Coast,66.78,1129,27,160249,72.95,2017,Annual Statistical Report 2017.pdf,Table 23: Monthly Occupancy Rates in Tourist Hotels by Region – 2017,82,monthly,pdftotext_layout,false,not_required,Top-level SLTDA resort region retained unchanged.,false
2017-05-01,2017,5,East Coast,resort_region,East Coast,68.09,1129,27,121891,72.95,2017,Annual Statistical Report 2017.pdf,Table 23: Monthly Occupancy Rates in Tourist Hotels by Region – 2017,82,monthly,pdftotext_layout,false,not_required,Top-level SLTDA resort region retained unchanged.,false
2017-06-01,2017,6,East Coast,resort_region,East Coast,74.88,1129,27,123351,72.95,2017,Annual Statistical Report 2017.pdf,Table 23: Monthly Occupancy Rates in Tourist Hotels by Region – 2017,82,monthly,pdftotext_layout,false,not_required,Top-level SLTDA resort region retained unchanged.,false
2017-07-01,2017,7,East Coast,resort_region,East Coast,69.08,1129,27,205482,72.95,2017,Annual Statistical Report 2017.pdf,Table 23: Monthly Occupancy Rates in Tourist Hotels by Region – 2017,82,monthly,pdftotext_layout,false,not_required,Top-level SLTDA resort region retained unchanged.,false
2017-08-01,2017,8,East Coast,resort_region,East Coast,79.3,1129,27,190928,72.95,2017,Annual Statistical Report 2017.pdf,Table 23: Monthly Occupancy Rates in Tourist Hotels by Region – 2017,82,monthly,pdftotext_layout,false,not_required,Top-level SLTDA resort region retained unchanged.,false
2017-09-01,2017,9,East Coast,resort_region,East Coast,79.12,1129,27,145077,72.95,2017,Annual Statistical Report 2017.pdf,Table 23: Monthly Occupancy Rates in Tourist Hotels by Region – 2017,82,monthly,pdftotext_layout,false,not_required,Top-level SLTDA resort region retained unchanged.,false
2017-10-01,2017,10,East Coast,resort_region,East Coast,73.19,1129,27,152429,72.95,2017,Annual Statistical Report 2017.pdf,Table 23: Monthly Occupancy Rates in Tourist Hotels by Region – 2017,82,monthly,pdftotext_layout,false,not_required,Top-level SLTDA resort region retained unchanged.,false
2017-11-01,2017,11,East Coast,resort_region,East Coast,68.31,1129,27,167511,72.95,2017,Annual Statistical Report 2017.pdf,Table 23: Monthly Occupancy Rates in Tourist Hotels by Region – 2017,82,monthly,pdftotext_layout,false,not_required,Top-level SLTDA resort region retained unchanged.,false
2017-12-01,2017,12,East Coast,resort_region,East Coast,75.38,1129,27,244536,72.95,2017,Annual Statistical Report 2017.pdf,Table 23: Monthly Occupancy Rates in Tourist Hotels by Region – 2017,82,monthly,pdftotext_layout,false,not_required,Top-level SLTDA resort region retained unchanged.,false
2017-01-01,2017,1,Hill Country,resort_region,Hill Country,69.46,1356,36,219360,73.55,2017,Annual Statistical Report 2017.pdf,Table 23: Monthly Occupancy Rates in Tourist Hotels by Region – 2017,82,monthly,pdftotext_layout,false,not_required,Top-level SLTDA resort region retained unchanged.,false
2017-02-01,2017,2,Hill Country,resort_region,Hill Country,73.43,1356,36,197517,73.55,2017,Annual Statistical Report 2017.pdf,Table 23: Monthly Occupancy Rates in Tourist Hotels by Region – 2017,82,monthly,pdftotext_layout,false,not_required,Top-level SLTDA resort region retained unchanged.,false
2017-03-01,2017,3,Hill Country,resort_region,Hill Country,75.03,1356,36,188076,73.55,2017,Annual Statistical Report 2017.pdf,Table 23: Monthly Occupancy Rates in Tourist Hotels by Region – 2017,82,monthly,pdftotext_layout,false,not_required,Top-level SLTDA resort region retained unchanged.,false
2017-04-01,2017,4,Hill Country,resort_region,Hill Country,70.86,1356,36,160249,73.55,2017,Annual Statistical Report 2017.pdf,Table 23: Monthly Occupancy Rates in Tourist Hotels by Region – 2017,82,monthly,pdftotext_layout,false,not_required,Top-level SLTDA resort region retained unchanged.,false
2017-05-01,2017,5,Hill Country,resort_region,Hill Country,70.27,1356,36,121891,73.55,2017,Annual Statistical Report 2017.pdf,Table 23: Monthly Occupancy Rates in Tourist Hotels by Region – 2017,82,monthly,pdftotext_layout,false,not_required,Top-level SLTDA resort region retained unchanged.,false
2017-06-01,2017,6,Hill Country,resort_region,Hill Country,78.84,1356,36,123351,73.55,2017,Annual Statistical Report 2017.pdf,Table 23: Monthly Occupancy Rates in Tourist Hotels by Region – 2017,82,monthly,pdftotext_layout,false,not_required,Top-level SLTDA resort region retained unchanged.,false
2017-07-01,2017,7,Hill Country,resort_region,Hill Country,68.63,1356,36,205482,73.55,2017,Annual Statistical Report 2017.pdf,Table 23: Monthly Occupancy Rates in Tourist Hotels by Region – 2017,82,monthly,pdftotext_layout,false,not_required,Top-level SLTDA resort region retained unchanged.,false
2017-08-01,2017,8,Hill Country,resort_region,Hill Country,74.24,1356,36,190928,73.55,2017,Annual Statistical Report 2017.pdf,Table 23: Monthly Occupancy Rates in Tourist Hotels by Region – 2017,82,monthly,pdftotext_layout,false,not_required,Top-level SLTDA resort region retained unchanged.,false
2017-09-01,2017,9,Hill Country,resort_region,Hill Country,77.95,1356,36,145077,73.55,2017,Annual Statistical Report 2017.pdf,Table 23: Monthly Occupancy Rates in Tourist Hotels by Region – 2017,82,monthly,pdftotext_layout,false,not_required,Top-level SLTDA resort region retained unchanged.,false
2017-10-01,2017,10,Hill Country,resort_region,Hill Country,72.63,1356,36,152429,73.55,2017,Annual Statistical Report 2017.pdf,Table 23: Monthly Occupancy Rates in Tourist Hotels by Region – 2017,82,monthly,pdftotext_layout,false,not_required,Top-level SLTDA resort region retained unchanged.,false
2017-11-01,2017,11,Hill Country,resort_region,Hill Country,72.18,1356,36,167511,73.55,2017,Annual Statistical Report 2017.pdf,Table 23: Monthly Occupancy Rates in Tourist Hotels by Region – 2017,82,monthly,pdftotext_layout,false,not_required,Top-level SLTDA resort region retained unchanged.,false
2017-12-01,2017,12,Hill Country,resort_region,Hill Country,79.1,1356,36,244536,73.55,2017,Annual Statistical Report 2017.pdf,Table 23: Monthly Occupancy Rates in Tourist Hotels by Region – 2017,82,monthly,pdftotext_layout,false,not_required,Top-level SLTDA resort region retained unchanged.,false
2017-01-01,2017,1,Ancient Cities,resort_region,Ancient Cities,73.67,4024,84,219360,73.85,2017,Annual Statistical Report 2017.pdf,Table 23: Monthly Occupancy Rates in Tourist Hotels by Region – 2017,82,monthly,pdftotext_layout,false,not_required,Top-level SLTDA resort region retained unchanged.,false
2017-02-01,2017,2,Ancient Cities,resort_region,Ancient Cities,75.36,4024,84,197517,73.85,2017,Annual Statistical Report 2017.pdf,Table 23: Monthly Occupancy Rates in Tourist Hotels by Region – 2017,82,monthly,pdftotext_layout,false,not_required,Top-level SLTDA resort region retained unchanged.,false
2017-03-01,2017,3,Ancient Cities,resort_region,Ancient Cities,73.11,4024,84,188076,73.85,2017,Annual Statistical Report 2017.pdf,Table 23: Monthly Occupancy Rates in Tourist Hotels by Region – 2017,82,monthly,pdftotext_layout,false,not_required,Top-level SLTDA resort region retained unchanged.,false
2017-04-01,2017,4,Ancient Cities,resort_region,Ancient Cities,68.89,4024,84,160249,73.85,2017,Annual Statistical Report 2017.pdf,Table 23: Monthly Occupancy Rates in Tourist Hotels by Region – 2017,82,monthly,pdftotext_layout,false,not_required,Top-level SLTDA resort region retained unchanged.,false
2017-05-01,2017,5,Ancient Cities,resort_region,Ancient Cities,66.27,4024,84,121891,73.85,2017,Annual Statistical Report 2017.pdf,Table 23: Monthly Occupancy Rates in Tourist Hotels by Region – 2017,82,monthly,pdftotext_layout,false,not_required,Top-level SLTDA resort region retained unchanged.,false
2017-06-01,2017,6,Ancient Cities,resort_region,Ancient Cities,72.2,4024,84,123351,73.85,2017,Annual Statistical Report 2017.pdf,Table 23: Monthly Occupancy Rates in Tourist Hotels by Region – 2017,82,monthly,pdftotext_layout,false,not_required,Top-level SLTDA resort region retained unchanged.,false
2017-07-01,2017,7,Ancient Cities,resort_region,Ancient Cities,69.74,4024,84,205482,73.85,2017,Annual Statistical Report 2017.pdf,Table 23: Monthly Occupancy Rates in Tourist Hotels by Region – 2017,82,monthly,pdftotext_layout,false,not_required,Top-level SLTDA resort region retained unchanged.,false
2017-08-01,2017,8,Ancient Cities,resort_region,Ancient Cities,79.68,4024,84,190928,73.85,2017,Annual Statistical Report 2017.pdf,Table 23: Monthly Occupancy Rates in Tourist Hotels by Region – 2017,82,monthly,pdftotext_layout,false,not_required,Top-level SLTDA resort region retained unchanged.,false
2017-09-01,2017,9,Ancient Cities,resort_region,Ancient Cities,78.73,4024,84,145077,73.85,2017,Annual Statistical Report 2017.pdf,Table 23: Monthly Occupancy Rates in Tourist Hotels by Region – 2017,82,monthly,pdftotext_layout,false,not_required,Top-level SLTDA resort region retained unchanged.,false
2017-10-01,2017,10,Ancient Cities,resort_region,Ancient Cities,71.45,4024,84,152429,73.85,2017,Annual Statistical Report 2017.pdf,Table 23: Monthly Occupancy Rates in Tourist Hotels by Region – 2017,82,monthly,pdftotext_layout,false,not_required,Top-level SLTDA resort region retained unchanged.,false
2017-11-01,2017,11,Ancient Cities,resort_region,Ancient Cities,77.44,4024,84,167511,73.85,2017,Annual Statistical Report 2017.pdf,Table 23: Monthly Occupancy Rates in Tourist Hotels by Region – 2017,82,monthly,pdftotext_layout,false,not_required,Top-level SLTDA resort region retained unchanged.,false
2017-12-01,2017,12,Ancient Cities,resort_region,Ancient Cities,79.7,4024,84,244536,73.85,2017,Annual Statistical Report 2017.pdf,Table 23: Monthly Occupancy Rates in Tourist Hotels by Region – 2017,82,monthly,pdftotext_layout,false,not_required,Top-level SLTDA resort region retained unchanged.,false
2017-01-01,2017,1,Northern Region,resort_region,Northern Region,67.08,163,6,219360,70.98,2017,Annual Statistical Report 2017.pdf,Table 23: Monthly Occupancy Rates in Tourist Hotels by Region – 2017,82,monthly,pdftotext_layout,false,not_required,Top-level SLTDA resort region retained unchanged.,false
2017-02-01,2017,2,Northern Region,resort_region,Northern Region,68.77,163,6,197517,70.98,2017,Annual Statistical Report 2017.pdf,Table 23: Monthly Occupancy Rates in Tourist Hotels by Region – 2017,82,monthly,pdftotext_layout,false,not_required,Top-level SLTDA resort region retained unchanged.,false
2017-03-01,2017,3,Northern Region,resort_region,Northern Region,68.09,163,6,188076,70.98,2017,Annual Statistical Report 2017.pdf,Table 23: Monthly Occupancy Rates in Tourist Hotels by Region – 2017,82,monthly,pdftotext_layout,false,not_required,Top-level SLTDA resort region retained unchanged.,false
2017-04-01,2017,4,Northern Region,resort_region,Northern Region,65.92,163,6,160249,70.98,2017,Annual Statistical Report 2017.pdf,Table 23: Monthly Occupancy Rates in Tourist Hotels by Region – 2017,82,monthly,pdftotext_layout,false,not_required,Top-level SLTDA resort region retained unchanged.,false
2017-05-01,2017,5,Northern Region,resort_region,Northern Region,68.63,163,6,121891,70.98,2017,Annual Statistical Report 2017.pdf,Table 23: Monthly Occupancy Rates in Tourist Hotels by Region – 2017,82,monthly,pdftotext_layout,false,not_required,Top-level SLTDA resort region retained unchanged.,false
2017-06-01,2017,6,Northern Region,resort_region,Northern Region,78.14,163,6,123351,70.98,2017,Annual Statistical Report 2017.pdf,Table 23: Monthly Occupancy Rates in Tourist Hotels by Region – 2017,82,monthly,pdftotext_layout,false,not_required,Top-level SLTDA resort region retained unchanged.,false
2017-07-01,2017,7,Northern Region,resort_region,Northern Region,66.91,163,6,205482,70.98,2017,Annual Statistical Report 2017.pdf,Table 23: Monthly Occupancy Rates in Tourist Hotels by Region – 2017,82,monthly,pdftotext_layout,false,not_required,Top-level SLTDA resort region retained unchanged.,false
2017-08-01,2017,8,Northern Region,resort_region,Northern Region,72.05,163,6,190928,70.98,2017,Annual Statistical Report 2017.pdf,Table 23: Monthly Occupancy Rates in Tourist Hotels by Region – 2017,82,monthly,pdftotext_layout,false,not_required,Top-level SLTDA resort region retained unchanged.,false
2017-09-01,2017,9,Northern Region,resort_region,Northern Region,73.41,163,6,145077,70.98,2017,Annual Statistical Report 2017.pdf,Table 23: Monthly Occupancy Rates in Tourist Hotels by Region – 2017,82,monthly,pdftotext_layout,false,not_required,Top-level SLTDA resort region retained unchanged.,false
2017-10-01,2017,10,Northern Region,resort_region,Northern Region,72.33,163,6,152429,70.98,2017,Annual Statistical Report 2017.pdf,Table 23: Monthly Occupancy Rates in Tourist Hotels by Region – 2017,82,monthly,pdftotext_layout,false,not_required,Top-level SLTDA resort region retained unchanged.,false
2017-11-01,2017,11,Northern Region,resort_region,Northern Region,74.31,163,6,167511,70.98,2017,Annual Statistical Report 2017.pdf,Table 23: Monthly Occupancy Rates in Tourist Hotels by Region – 2017,82,monthly,pdftotext_layout,false,not_required,Top-level SLTDA resort region retained unchanged.,false
2017-12-01,2017,12,Northern Region,resort_region,Northern Region,76.12,163,6,244536,70.98,2017,Annual Statistical Report 2017.pdf,Table 23: Monthly Occupancy Rates in Tourist Hotels by Region – 2017,82,monthly,pdftotext_layout,false,not_required,Top-level SLTDA resort region retained unchanged.,false
2018-01-01,2018,1,Colombo City,resort_region,Colombo City,81.92,5607,43,238924,79.19,2018,Annual Statistical Report 2018.pdf,Table 22: Monthly Occupancy Rates in Tourist Hotels by Region – 2018,94,monthly,pdftotext_layout,false,not_required,Top-level SLTDA resort region retained unchanged.,false
2018-02-01,2018,2,Colombo City,resort_region,Colombo City,78.42,5607,43,235618,79.19,2018,Annual Statistical Report 2018.pdf,Table 22: Monthly Occupancy Rates in Tourist Hotels by Region – 2018,94,monthly,pdftotext_layout,false,not_required,Top-level SLTDA resort region retained unchanged.,false
2018-03-01,2018,3,Colombo City,resort_region,Colombo City,79.16,5607,43,233382,79.19,2018,Annual Statistical Report 2018.pdf,Table 22: Monthly Occupancy Rates in Tourist Hotels by Region – 2018,94,monthly,pdftotext_layout,false,not_required,Top-level SLTDA resort region retained unchanged.,false
2018-04-01,2018,4,Colombo City,resort_region,Colombo City,71.87,5607,43,180429,79.19,2018,Annual Statistical Report 2018.pdf,Table 22: Monthly Occupancy Rates in Tourist Hotels by Region – 2018,94,monthly,pdftotext_layout,false,not_required,Top-level SLTDA resort region retained unchanged.,false
2018-05-01,2018,5,Colombo City,resort_region,Colombo City,80.35,5607,43,129466,79.19,2018,Annual Statistical Report 2018.pdf,Table 22: Monthly Occupancy Rates in Tourist Hotels by Region – 2018,94,monthly,pdftotext_layout,false,not_required,Top-level SLTDA resort region retained unchanged.,false
2018-06-01,2018,6,Colombo City,resort_region,Colombo City,75.68,5607,43,146828,79.19,2018,Annual Statistical Report 2018.pdf,Table 22: Monthly Occupancy Rates in Tourist Hotels by Region – 2018,94,monthly,pdftotext_layout,false,not_required,Top-level SLTDA resort region retained unchanged.,false
2018-07-01,2018,7,Colombo City,resort_region,Colombo City,79.41,5607,43,217829,79.19,2018,Annual Statistical Report 2018.pdf,Table 22: Monthly Occupancy Rates in Tourist Hotels by Region – 2018,94,monthly,pdftotext_layout,false,not_required,Top-level SLTDA resort region retained unchanged.,false
2018-08-01,2018,8,Colombo City,resort_region,Colombo City,81.89,5607,43,200359,79.19,2018,Annual Statistical Report 2018.pdf,Table 22: Monthly Occupancy Rates in Tourist Hotels by Region – 2018,94,monthly,pdftotext_layout,false,not_required,Top-level SLTDA resort region retained unchanged.,false
2018-09-01,2018,9,Colombo City,resort_region,Colombo City,76.53,5607,43,149087,79.19,2018,Annual Statistical Report 2018.pdf,Table 22: Monthly Occupancy Rates in Tourist Hotels by Region – 2018,94,monthly,pdftotext_layout,false,not_required,Top-level SLTDA resort region retained unchanged.,false
2018-10-01,2018,10,Colombo City,resort_region,Colombo City,78.14,5607,43,153123,79.19,2018,Annual Statistical Report 2018.pdf,Table 22: Monthly Occupancy Rates in Tourist Hotels by Region – 2018,94,monthly,pdftotext_layout,false,not_required,Top-level SLTDA resort region retained unchanged.,false
2018-11-01,2018,11,Colombo City,resort_region,Colombo City,82.79,5607,43,195582,79.19,2018,Annual Statistical Report 2018.pdf,Table 22: Monthly Occupancy Rates in Tourist Hotels by Region – 2018,94,monthly,pdftotext_layout,false,not_required,Top-level SLTDA resort region retained unchanged.,false
2018-12-01,2018,12,Colombo City,resort_region,Colombo City,84.13,5607,43,253169,79.19,2018,Annual Statistical Report 2018.pdf,Table 22: Monthly Occupancy Rates in Tourist Hotels by Region – 2018,94,monthly,pdftotext_layout,false,not_required,Top-level SLTDA resort region retained unchanged.,false
2018-01-01,2018,1,Greater Colombo,resort_region,Greater Colombo,77.77,3269,63,238924,75.41,2018,Annual Statistical Report 2018.pdf,Table 22: Monthly Occupancy Rates in Tourist Hotels by Region – 2018,94,monthly,pdftotext_layout,false,not_required,Top-level SLTDA resort region retained unchanged.,false
2018-02-01,2018,2,Greater Colombo,resort_region,Greater Colombo,73.81,3269,63,235618,75.41,2018,Annual Statistical Report 2018.pdf,Table 22: Monthly Occupancy Rates in Tourist Hotels by Region – 2018,94,monthly,pdftotext_layout,false,not_required,Top-level SLTDA resort region retained unchanged.,false
2018-03-01,2018,3,Greater Colombo,resort_region,Greater Colombo,77.25,3269,63,233382,75.41,2018,Annual Statistical Report 2018.pdf,Table 22: Monthly Occupancy Rates in Tourist Hotels by Region – 2018,94,monthly,pdftotext_layout,false,not_required,Top-level SLTDA resort region retained unchanged.,false
2018-04-01,2018,4,Greater Colombo,resort_region,Greater Colombo,70.27,3269,63,180429,75.41,2018,Annual Statistical Report 2018.pdf,Table 22: Monthly Occupancy Rates in Tourist Hotels by Region – 2018,94,monthly,pdftotext_layout,false,not_required,Top-level SLTDA resort region retained unchanged.,false
2018-05-01,2018,5,Greater Colombo,resort_region,Greater Colombo,71.95,3269,63,129466,75.41,2018,Annual Statistical Report 2018.pdf,Table 22: Monthly Occupancy Rates in Tourist Hotels by Region – 2018,94,monthly,pdftotext_layout,false,not_required,Top-level SLTDA resort region retained unchanged.,false
2018-06-01,2018,6,Greater Colombo,resort_region,Greater Colombo,75.01,3269,63,146828,75.41,2018,Annual Statistical Report 2018.pdf,Table 22: Monthly Occupancy Rates in Tourist Hotels by Region – 2018,94,monthly,pdftotext_layout,false,not_required,Top-level SLTDA resort region retained unchanged.,false
2018-07-01,2018,7,Greater Colombo,resort_region,Greater Colombo,75.24,3269,63,217829,75.41,2018,Annual Statistical Report 2018.pdf,Table 22: Monthly Occupancy Rates in Tourist Hotels by Region – 2018,94,monthly,pdftotext_layout,false,not_required,Top-level SLTDA resort region retained unchanged.,false
2018-08-01,2018,8,Greater Colombo,resort_region,Greater Colombo,76.01,3269,63,200359,75.41,2018,Annual Statistical Report 2018.pdf,Table 22: Monthly Occupancy Rates in Tourist Hotels by Region – 2018,94,monthly,pdftotext_layout,false,not_required,Top-level SLTDA resort region retained unchanged.,false
2018-09-01,2018,9,Greater Colombo,resort_region,Greater Colombo,77.0,3269,63,149087,75.41,2018,Annual Statistical Report 2018.pdf,Table 22: Monthly Occupancy Rates in Tourist Hotels by Region – 2018,94,monthly,pdftotext_layout,false,not_required,Top-level SLTDA resort region retained unchanged.,false
2018-10-01,2018,10,Greater Colombo,resort_region,Greater Colombo,74.55,3269,63,153123,75.41,2018,Annual Statistical Report 2018.pdf,Table 22: Monthly Occupancy Rates in Tourist Hotels by Region – 2018,94,monthly,pdftotext_layout,false,not_required,Top-level SLTDA resort region retained unchanged.,false
2018-11-01,2018,11,Greater Colombo,resort_region,Greater Colombo,77.13,3269,63,195582,75.41,2018,Annual Statistical Report 2018.pdf,Table 22: Monthly Occupancy Rates in Tourist Hotels by Region – 2018,94,monthly,pdftotext_layout,false,not_required,Top-level SLTDA resort region retained unchanged.,false
2018-12-01,2018,12,Greater Colombo,resort_region,Greater Colombo,78.98,3269,63,253169,75.41,2018,Annual Statistical Report 2018.pdf,Table 22: Monthly Occupancy Rates in Tourist Hotels by Region – 2018,94,monthly,pdftotext_layout,false,not_required,Top-level SLTDA resort region retained unchanged.,false
2018-01-01,2018,1,South Coast,resort_region,South Coast,76.89,8676,173,238924,73.1,2018,Annual Statistical Report 2018.pdf,Table 22: Monthly Occupancy Rates in Tourist Hotels by Region – 2018,94,monthly,pdftotext_layout,false,not_required,Top-level SLTDA resort region retained unchanged.,false
2018-02-01,2018,2,South Coast,resort_region,South Coast,75.55,8676,173,235618,73.1,2018,Annual Statistical Report 2018.pdf,Table 22: Monthly Occupancy Rates in Tourist Hotels by Region – 2018,94,monthly,pdftotext_layout,false,not_required,Top-level SLTDA resort region retained unchanged.,false
2018-03-01,2018,3,South Coast,resort_region,South Coast,71.01,8676,173,233382,73.1,2018,Annual Statistical Report 2018.pdf,Table 22: Monthly Occupancy Rates in Tourist Hotels by Region – 2018,94,monthly,pdftotext_layout,false,not_required,Top-level SLTDA resort region retained unchanged.,false
2018-04-01,2018,4,South Coast,resort_region,South Coast,67.86,8676,173,180429,73.1,2018,Annual Statistical Report 2018.pdf,Table 22: Monthly Occupancy Rates in Tourist Hotels by Region – 2018,94,monthly,pdftotext_layout,false,not_required,Top-level SLTDA resort region retained unchanged.,false
2018-05-01,2018,5,South Coast,resort_region,South Coast,66.69,8676,173,129466,73.1,2018,Annual Statistical Report 2018.pdf,Table 22: Monthly Occupancy Rates in Tourist Hotels by Region – 2018,94,monthly,pdftotext_layout,false,not_required,Top-level SLTDA resort region retained unchanged.,false
2018-06-01,2018,6,South Coast,resort_region,South Coast,69.81,8676,173,146828,73.1,2018,Annual Statistical Report 2018.pdf,Table 22: Monthly Occupancy Rates in Tourist Hotels by Region – 2018,94,monthly,pdftotext_layout,false,not_required,Top-level SLTDA resort region retained unchanged.,false
2018-07-01,2018,7,South Coast,resort_region,South Coast,73.33,8676,173,217829,73.1,2018,Annual Statistical Report 2018.pdf,Table 22: Monthly Occupancy Rates in Tourist Hotels by Region – 2018,94,monthly,pdftotext_layout,false,not_required,Top-level SLTDA resort region retained unchanged.,false
2018-08-01,2018,8,South Coast,resort_region,South Coast,72.15,8676,173,200359,73.1,2018,Annual Statistical Report 2018.pdf,Table 22: Monthly Occupancy Rates in Tourist Hotels by Region – 2018,94,monthly,pdftotext_layout,false,not_required,Top-level SLTDA resort region retained unchanged.,false
2018-09-01,2018,9,South Coast,resort_region,South Coast,75.64,8676,173,149087,73.1,2018,Annual Statistical Report 2018.pdf,Table 22: Monthly Occupancy Rates in Tourist Hotels by Region – 2018,94,monthly,pdftotext_layout,false,not_required,Top-level SLTDA resort region retained unchanged.,false
2018-10-01,2018,10,South Coast,resort_region,South Coast,75.88,8676,173,153123,73.1,2018,Annual Statistical Report 2018.pdf,Table 22: Monthly Occupancy Rates in Tourist Hotels by Region – 2018,94,monthly,pdftotext_layout,false,not_required,Top-level SLTDA resort region retained unchanged.,false
2018-11-01,2018,11,South Coast,resort_region,South Coast,75.02,8676,173,195582,73.1,2018,Annual Statistical Report 2018.pdf,Table 22: Monthly Occupancy Rates in Tourist Hotels by Region – 2018,94,monthly,pdftotext_layout,false,not_required,Top-level SLTDA resort region retained unchanged.,false
2018-12-01,2018,12,South Coast,resort_region,South Coast,77.31,8676,173,253169,73.1,2018,Annual Statistical Report 2018.pdf,Table 22: Monthly Occupancy Rates in Tourist Hotels by Region – 2018,94,monthly,pdftotext_layout,false,not_required,Top-level SLTDA resort region retained unchanged.,false
2018-01-01,2018,1,East Coast,resort_region,East Coast,70.28,1149,28,238924,71.35,2018,Annual Statistical Report 2018.pdf,Table 22: Monthly Occupancy Rates in Tourist Hotels by Region – 2018,94,monthly,pdftotext_layout,false,not_required,Top-level SLTDA resort region retained unchanged.,false
2018-02-01,2018,2,East Coast,resort_region,East Coast,72.76,1149,28,235618,71.35,2018,Annual Statistical Report 2018.pdf,Table 22: Monthly Occupancy Rates in Tourist Hotels by Region – 2018,94,monthly,pdftotext_layout,false,not_required,Top-level SLTDA resort region retained unchanged.,false
2018-03-01,2018,3,East Coast,resort_region,East Coast,73.94,1149,28,233382,71.35,2018,Annual Statistical Report 2018.pdf,Table 22: Monthly Occupancy Rates in Tourist Hotels by Region – 2018,94,monthly,pdftotext_layout,false,not_required,Top-level SLTDA resort region retained unchanged.,false
2018-04-01,2018,4,East Coast,resort_region,East Coast,63.42,1149,28,180429,71.35,2018,Annual Statistical Report 2018.pdf,Table 22: Monthly Occupancy Rates in Tourist Hotels by Region – 2018,94,monthly,pdftotext_layout,false,not_required,Top-level SLTDA resort region retained unchanged.,false
2018-05-01,2018,5,East Coast,resort_region,East Coast,66.47,1149,28,129466,71.35,2018,Annual Statistical Report 2018.pdf,Table 22: Monthly Occupancy Rates in Tourist Hotels by Region – 2018,94,monthly,pdftotext_layout,false,not_required,Top-level SLTDA resort region retained unchanged.,false
2018-06-01,2018,6,East Coast,resort_region,East Coast,69.32,1149,28,146828,71.35,2018,Annual Statistical Report 2018.pdf,Table 22: Monthly Occupancy Rates in Tourist Hotels by Region – 2018,94,monthly,pdftotext_layout,false,not_required,Top-level SLTDA resort region retained unchanged.,false
2018-07-01,2018,7,East Coast,resort_region,East Coast,72.33,1149,28,217829,71.35,2018,Annual Statistical Report 2018.pdf,Table 22: Monthly Occupancy Rates in Tourist Hotels by Region – 2018,94,monthly,pdftotext_layout,false,not_required,Top-level SLTDA resort region retained unchanged.,false
2018-08-01,2018,8,East Coast,resort_region,East Coast,80.38,1149,28,200359,71.35,2018,Annual Statistical Report 2018.pdf,Table 22: Monthly Occupancy Rates in Tourist Hotels by Region – 2018,94,monthly,pdftotext_layout,false,not_required,Top-level SLTDA resort region retained unchanged.,false
2018-09-01,2018,9,East Coast,resort_region,East Coast,77.33,1149,28,149087,71.35,2018,Annual Statistical Report 2018.pdf,Table 22: Monthly Occupancy Rates in Tourist Hotels by Region – 2018,94,monthly,pdftotext_layout,false,not_required,Top-level SLTDA resort region retained unchanged.,false
2018-10-01,2018,10,East Coast,resort_region,East Coast,72.12,1149,28,153123,71.35,2018,Annual Statistical Report 2018.pdf,Table 22: Monthly Occupancy Rates in Tourist Hotels by Region – 2018,94,monthly,pdftotext_layout,false,not_required,Top-level SLTDA resort region retained unchanged.,false
2018-11-01,2018,11,East Coast,resort_region,East Coast,65.24,1149,28,195582,71.35,2018,Annual Statistical Report 2018.pdf,Table 22: Monthly Occupancy Rates in Tourist Hotels by Region – 2018,94,monthly,pdftotext_layout,false,not_required,Top-level SLTDA resort region retained unchanged.,false
2018-12-01,2018,12,East Coast,resort_region,East Coast,72.55,1149,28,253169,71.35,2018,Annual Statistical Report 2018.pdf,Table 22: Monthly Occupancy Rates in Tourist Hotels by Region – 2018,94,monthly,pdftotext_layout,false,not_required,Top-level SLTDA resort region retained unchanged.,false
2018-01-01,2018,1,Hill Country,resort_region,Hill Country,72.06,1489,46,238924,71.67,2018,Annual Statistical Report 2018.pdf,Table 22: Monthly Occupancy Rates in Tourist Hotels by Region – 2018,94,monthly,pdftotext_layout,false,not_required,Top-level SLTDA resort region retained unchanged.,false
2018-02-01,2018,2,Hill Country,resort_region,Hill Country,71.11,1489,46,235618,71.67,2018,Annual Statistical Report 2018.pdf,Table 22: Monthly Occupancy Rates in Tourist Hotels by Region – 2018,94,monthly,pdftotext_layout,false,not_required,Top-level SLTDA resort region retained unchanged.,false
2018-03-01,2018,3,Hill Country,resort_region,Hill Country,73.53,1489,46,233382,71.67,2018,Annual Statistical Report 2018.pdf,Table 22: Monthly Occupancy Rates in Tourist Hotels by Region – 2018,94,monthly,pdftotext_layout,false,not_required,Top-level SLTDA resort region retained unchanged.,false
2018-04-01,2018,4,Hill Country,resort_region,Hill Country,64.17,1489,46,180429,71.67,2018,Annual Statistical Report 2018.pdf,Table 22: Monthly Occupancy Rates in Tourist Hotels by Region – 2018,94,monthly,pdftotext_layout,false,not_required,Top-level SLTDA resort region retained unchanged.,false
2018-05-01,2018,5,Hill Country,resort_region,Hill Country,66.03,1489,46,129466,71.67,2018,Annual Statistical Report 2018.pdf,Table 22: Monthly Occupancy Rates in Tourist Hotels by Region – 2018,94,monthly,pdftotext_layout,false,not_required,Top-level SLTDA resort region retained unchanged.,false
2018-06-01,2018,6,Hill Country,resort_region,Hill Country,63.33,1489,46,146828,71.67,2018,Annual Statistical Report 2018.pdf,Table 22: Monthly Occupancy Rates in Tourist Hotels by Region – 2018,94,monthly,pdftotext_layout,false,not_required,Top-level SLTDA resort region retained unchanged.,false
2018-07-01,2018,7,Hill Country,resort_region,Hill Country,74.68,1489,46,217829,71.67,2018,Annual Statistical Report 2018.pdf,Table 22: Monthly Occupancy Rates in Tourist Hotels by Region – 2018,94,monthly,pdftotext_layout,false,not_required,Top-level SLTDA resort region retained unchanged.,false
2018-08-01,2018,8,Hill Country,resort_region,Hill Country,77.04,1489,46,200359,71.67,2018,Annual Statistical Report 2018.pdf,Table 22: Monthly Occupancy Rates in Tourist Hotels by Region – 2018,94,monthly,pdftotext_layout,false,not_required,Top-level SLTDA resort region retained unchanged.,false
2018-09-01,2018,9,Hill Country,resort_region,Hill Country,77.14,1489,46,149087,71.67,2018,Annual Statistical Report 2018.pdf,Table 22: Monthly Occupancy Rates in Tourist Hotels by Region – 2018,94,monthly,pdftotext_layout,false,not_required,Top-level SLTDA resort region retained unchanged.,false
2018-10-01,2018,10,Hill Country,resort_region,Hill Country,69.16,1489,46,153123,71.67,2018,Annual Statistical Report 2018.pdf,Table 22: Monthly Occupancy Rates in Tourist Hotels by Region – 2018,94,monthly,pdftotext_layout,false,not_required,Top-level SLTDA resort region retained unchanged.,false
2018-11-01,2018,11,Hill Country,resort_region,Hill Country,75.11,1489,46,195582,71.67,2018,Annual Statistical Report 2018.pdf,Table 22: Monthly Occupancy Rates in Tourist Hotels by Region – 2018,94,monthly,pdftotext_layout,false,not_required,Top-level SLTDA resort region retained unchanged.,false
2018-12-01,2018,12,Hill Country,resort_region,Hill Country,76.64,1489,46,253169,71.67,2018,Annual Statistical Report 2018.pdf,Table 22: Monthly Occupancy Rates in Tourist Hotels by Region – 2018,94,monthly,pdftotext_layout,false,not_required,Top-level SLTDA resort region retained unchanged.,false
2018-01-01,2018,1,Ancient Cities,resort_region,Ancient Cities,74.23,4360,97,238924,71.37,2018,Annual Statistical Report 2018.pdf,Table 22: Monthly Occupancy Rates in Tourist Hotels by Region – 2018,94,monthly,pdftotext_layout,false,not_required,Top-level SLTDA resort region retained unchanged.,false
2018-02-01,2018,2,Ancient Cities,resort_region,Ancient Cities,74.25,4360,97,235618,71.37,2018,Annual Statistical Report 2018.pdf,Table 22: Monthly Occupancy Rates in Tourist Hotels by Region – 2018,94,monthly,pdftotext_layout,false,not_required,Top-level SLTDA resort region retained unchanged.,false
2018-03-01,2018,3,Ancient Cities,resort_region,Ancient Cities,70.82,4360,97,233382,71.37,2018,Annual Statistical Report 2018.pdf,Table 22: Monthly Occupancy Rates in Tourist Hotels by Region – 2018,94,monthly,pdftotext_layout,false,not_required,Top-level SLTDA resort region retained unchanged.,false
2018-04-01,2018,4,Ancient Cities,resort_region,Ancient Cities,69.29,4360,97,180429,71.37,2018,Annual Statistical Report 2018.pdf,Table 22: Monthly Occupancy Rates in Tourist Hotels by Region – 2018,94,monthly,pdftotext_layout,false,not_required,Top-level SLTDA resort region retained unchanged.,false
2018-05-01,2018,5,Ancient Cities,resort_region,Ancient Cities,63.17,4360,97,129466,71.37,2018,Annual Statistical Report 2018.pdf,Table 22: Monthly Occupancy Rates in Tourist Hotels by Region – 2018,94,monthly,pdftotext_layout,false,not_required,Top-level SLTDA resort region retained unchanged.,false
2018-06-01,2018,6,Ancient Cities,resort_region,Ancient Cities,64.41,4360,97,146828,71.37,2018,Annual Statistical Report 2018.pdf,Table 22: Monthly Occupancy Rates in Tourist Hotels by Region – 2018,94,monthly,pdftotext_layout,false,not_required,Top-level SLTDA resort region retained unchanged.,false
2018-07-01,2018,7,Ancient Cities,resort_region,Ancient Cities,68.84,4360,97,217829,71.37,2018,Annual Statistical Report 2018.pdf,Table 22: Monthly Occupancy Rates in Tourist Hotels by Region – 2018,94,monthly,pdftotext_layout,false,not_required,Top-level SLTDA resort region retained unchanged.,false
2018-08-01,2018,8,Ancient Cities,resort_region,Ancient Cities,74.99,4360,97,200359,71.37,2018,Annual Statistical Report 2018.pdf,Table 22: Monthly Occupancy Rates in Tourist Hotels by Region – 2018,94,monthly,pdftotext_layout,false,not_required,Top-level SLTDA resort region retained unchanged.,false
2018-09-01,2018,9,Ancient Cities,resort_region,Ancient Cities,74.21,4360,97,149087,71.37,2018,Annual Statistical Report 2018.pdf,Table 22: Monthly Occupancy Rates in Tourist Hotels by Region – 2018,94,monthly,pdftotext_layout,false,not_required,Top-level SLTDA resort region retained unchanged.,false
2018-10-01,2018,10,Ancient Cities,resort_region,Ancient Cities,72.32,4360,97,153123,71.37,2018,Annual Statistical Report 2018.pdf,Table 22: Monthly Occupancy Rates in Tourist Hotels by Region – 2018,94,monthly,pdftotext_layout,false,not_required,Top-level SLTDA resort region retained unchanged.,false
2018-11-01,2018,11,Ancient Cities,resort_region,Ancient Cities,75.27,4360,97,195582,71.37,2018,Annual Statistical Report 2018.pdf,Table 22: Monthly Occupancy Rates in Tourist Hotels by Region – 2018,94,monthly,pdftotext_layout,false,not_required,Top-level SLTDA resort region retained unchanged.,false
2018-12-01,2018,12,Ancient Cities,resort_region,Ancient Cities,74.65,4360,97,253169,71.37,2018,Annual Statistical Report 2018.pdf,Table 22: Monthly Occupancy Rates in Tourist Hotels by Region – 2018,94,monthly,pdftotext_layout,false,not_required,Top-level SLTDA resort region retained unchanged.,false
2018-01-01,2018,1,Northern Region,resort_region,Northern Region,74.66,207,7,238924,68.48,2018,Annual Statistical Report 2018.pdf,Table 22: Monthly Occupancy Rates in Tourist Hotels by Region – 2018,94,monthly,pdftotext_layout,false,not_required,Top-level SLTDA resort region retained unchanged.,false
2018-02-01,2018,2,Northern Region,resort_region,Northern Region,72.33,207,7,235618,68.48,2018,Annual Statistical Report 2018.pdf,Table 22: Monthly Occupancy Rates in Tourist Hotels by Region – 2018,94,monthly,pdftotext_layout,false,not_required,Top-level SLTDA resort region retained unchanged.,false
2018-03-01,2018,3,Northern Region,resort_region,Northern Region,68.23,207,7,233382,68.48,2018,Annual Statistical Report 2018.pdf,Table 22: Monthly Occupancy Rates in Tourist Hotels by Region – 2018,94,monthly,pdftotext_layout,false,not_required,Top-level SLTDA resort region retained unchanged.,false
2018-04-01,2018,4,Northern Region,resort_region,Northern Region,59.31,207,7,180429,68.48,2018,Annual Statistical Report 2018.pdf,Table 22: Monthly Occupancy Rates in Tourist Hotels by Region – 2018,94,monthly,pdftotext_layout,false,not_required,Top-level SLTDA resort region retained unchanged.,false
2018-05-01,2018,5,Northern Region,resort_region,Northern Region,58.62,207,7,129466,68.48,2018,Annual Statistical Report 2018.pdf,Table 22: Monthly Occupancy Rates in Tourist Hotels by Region – 2018,94,monthly,pdftotext_layout,false,not_required,Top-level SLTDA resort region retained unchanged.,false
2018-06-01,2018,6,Northern Region,resort_region,Northern Region,69.3,207,7,146828,68.48,2018,Annual Statistical Report 2018.pdf,Table 22: Monthly Occupancy Rates in Tourist Hotels by Region – 2018,94,monthly,pdftotext_layout,false,not_required,Top-level SLTDA resort region retained unchanged.,false
2018-07-01,2018,7,Northern Region,resort_region,Northern Region,67.39,207,7,217829,68.48,2018,Annual Statistical Report 2018.pdf,Table 22: Monthly Occupancy Rates in Tourist Hotels by Region – 2018,94,monthly,pdftotext_layout,false,not_required,Top-level SLTDA resort region retained unchanged.,false
2018-08-01,2018,8,Northern Region,resort_region,Northern Region,71.62,207,7,200359,68.48,2018,Annual Statistical Report 2018.pdf,Table 22: Monthly Occupancy Rates in Tourist Hotels by Region – 2018,94,monthly,pdftotext_layout,false,not_required,Top-level SLTDA resort region retained unchanged.,false
2018-09-01,2018,9,Northern Region,resort_region,Northern Region,68.76,207,7,149087,68.48,2018,Annual Statistical Report 2018.pdf,Table 22: Monthly Occupancy Rates in Tourist Hotels by Region – 2018,94,monthly,pdftotext_layout,false,not_required,Top-level SLTDA resort region retained unchanged.,false
2018-10-01,2018,10,Northern Region,resort_region,Northern Region,69.61,207,7,153123,68.48,2018,Annual Statistical Report 2018.pdf,Table 22: Monthly Occupancy Rates in Tourist Hotels by Region – 2018,94,monthly,pdftotext_layout,false,not_required,Top-level SLTDA resort region retained unchanged.,false
2018-11-01,2018,11,Northern Region,resort_region,Northern Region,66.52,207,7,195582,68.48,2018,Annual Statistical Report 2018.pdf,Table 22: Monthly Occupancy Rates in Tourist Hotels by Region – 2018,94,monthly,pdftotext_layout,false,not_required,Top-level SLTDA resort region retained unchanged.,false
2018-12-01,2018,12,Northern Region,resort_region,Northern Region,75.43,207,7,253169,68.48,2018,Annual Statistical Report 2018.pdf,Table 22: Monthly Occupancy Rates in Tourist Hotels by Region – 2018,94,monthly,pdftotext_layout,false,not_required,Top-level SLTDA resort region retained unchanged.,false
2019-01-01,2019,1,Colombo City,resort_region,Colombo City,84.34,5638,44,244239,58.74,2019,Annual Statistical Report 2019.pdf,Table 23: Monthly Occupancy Rates in Tourist Hotels by Region – 2019,91,monthly,visual_transcription_image_only_pdf,false,verified_after_visual_review,"Top-level SLTDA resort region retained unchanged. Verified cell-by-cell against rendered Table 23 on PDF page 91; source remains image-only. The seven-region structure matches 2017–2018, and the simple monthly mean (58.74) is within 0.00 points of the reported annual rate (58.74); no value was changed merely for appearing unusual.",false
2019-02-01,2019,2,Colombo City,resort_region,Colombo City,83.11,5638,44,252033,58.74,2019,Annual Statistical Report 2019.pdf,Table 23: Monthly Occupancy Rates in Tourist Hotels by Region – 2019,91,monthly,visual_transcription_image_only_pdf,false,verified_after_visual_review,"Top-level SLTDA resort region retained unchanged. Verified cell-by-cell against rendered Table 23 on PDF page 91; source remains image-only. The seven-region structure matches 2017–2018, and the simple monthly mean (58.74) is within 0.00 points of the reported annual rate (58.74); no value was changed merely for appearing unusual.",false
2019-03-01,2019,3,Colombo City,resort_region,Colombo City,76.91,5638,44,244328,58.74,2019,Annual Statistical Report 2019.pdf,Table 23: Monthly Occupancy Rates in Tourist Hotels by Region – 2019,91,monthly,visual_transcription_image_only_pdf,false,verified_after_visual_review,"Top-level SLTDA resort region retained unchanged. Verified cell-by-cell against rendered Table 23 on PDF page 91; source remains image-only. The seven-region structure matches 2017–2018, and the simple monthly mean (58.74) is within 0.00 points of the reported annual rate (58.74); no value was changed merely for appearing unusual.",false
2019-04-01,2019,4,Colombo City,resort_region,Colombo City,74.73,5638,44,166975,58.74,2019,Annual Statistical Report 2019.pdf,Table 23: Monthly Occupancy Rates in Tourist Hotels by Region – 2019,91,monthly,visual_transcription_image_only_pdf,false,verified_after_visual_review,"Top-level SLTDA resort region retained unchanged. Verified cell-by-cell against rendered Table 23 on PDF page 91; source remains image-only. The seven-region structure matches 2017–2018, and the simple monthly mean (58.74) is within 0.00 points of the reported annual rate (58.74); no value was changed merely for appearing unusual.",false
2019-05-01,2019,5,Colombo City,resort_region,Colombo City,14.32,5638,44,37802,58.74,2019,Annual Statistical Report 2019.pdf,Table 23: Monthly Occupancy Rates in Tourist Hotels by Region – 2019,91,monthly,visual_transcription_image_only_pdf,false,verified_after_visual_review,"Top-level SLTDA resort region retained unchanged. Verified cell-by-cell against rendered Table 23 on PDF page 91; source remains image-only. The seven-region structure matches 2017–2018, and the simple monthly mean (58.74) is within 0.00 points of the reported annual rate (58.74); no value was changed merely for appearing unusual.",false
2019-06-01,2019,6,Colombo City,resort_region,Colombo City,21.92,5638,44,63072,58.74,2019,Annual Statistical Report 2019.pdf,Table 23: Monthly Occupancy Rates in Tourist Hotels by Region – 2019,91,monthly,visual_transcription_image_only_pdf,false,verified_after_visual_review,"Top-level SLTDA resort region retained unchanged. Verified cell-by-cell against rendered Table 23 on PDF page 91; source remains image-only. The seven-region structure matches 2017–2018, and the simple monthly mean (58.74) is within 0.00 points of the reported annual rate (58.74); no value was changed merely for appearing unusual.",false
2019-07-01,2019,7,Colombo City,resort_region,Colombo City,46.05,5638,44,115701,58.74,2019,Annual Statistical Report 2019.pdf,Table 23: Monthly Occupancy Rates in Tourist Hotels by Region – 2019,91,monthly,visual_transcription_image_only_pdf,false,verified_after_visual_review,"Top-level SLTDA resort region retained unchanged. Verified cell-by-cell against rendered Table 23 on PDF page 91; source remains image-only. The seven-region structure matches 2017–2018, and the simple monthly mean (58.74) is within 0.00 points of the reported annual rate (58.74); no value was changed merely for appearing unusual.",false
2019-08-01,2019,8,Colombo City,resort_region,Colombo City,55.31,5638,44,143587,58.74,2019,Annual Statistical Report 2019.pdf,Table 23: Monthly Occupancy Rates in Tourist Hotels by Region – 2019,91,monthly,visual_transcription_image_only_pdf,false,verified_after_visual_review,"Top-level SLTDA resort region retained unchanged. Verified cell-by-cell against rendered Table 23 on PDF page 91; source remains image-only. The seven-region structure matches 2017–2018, and the simple monthly mean (58.74) is within 0.00 points of the reported annual rate (58.74); no value was changed merely for appearing unusual.",false
2019-09-01,2019,9,Colombo City,resort_region,Colombo City,48.77,5638,44,108575,58.74,2019,Annual Statistical Report 2019.pdf,Table 23: Monthly Occupancy Rates in Tourist Hotels by Region – 2019,91,monthly,visual_transcription_image_only_pdf,false,verified_after_visual_review,"Top-level SLTDA resort region retained unchanged. Verified cell-by-cell against rendered Table 23 on PDF page 91; source remains image-only. The seven-region structure matches 2017–2018, and the simple monthly mean (58.74) is within 0.00 points of the reported annual rate (58.74); no value was changed merely for appearing unusual.",false
2019-10-01,2019,10,Colombo City,resort_region,Colombo City,53.45,5638,44,118743,58.74,2019,Annual Statistical Report 2019.pdf,Table 23: Monthly Occupancy Rates in Tourist Hotels by Region – 2019,91,monthly,visual_transcription_image_only_pdf,false,verified_after_visual_review,"Top-level SLTDA resort region retained unchanged. Verified cell-by-cell against rendered Table 23 on PDF page 91; source remains image-only. The seven-region structure matches 2017–2018, and the simple monthly mean (58.74) is within 0.00 points of the reported annual rate (58.74); no value was changed merely for appearing unusual.",false
2019-11-01,2019,11,Colombo City,resort_region,Colombo City,72.71,5638,44,176984,58.74,2019,Annual Statistical Report 2019.pdf,Table 23: Monthly Occupancy Rates in Tourist Hotels by Region – 2019,91,monthly,visual_transcription_image_only_pdf,false,verified_after_visual_review,"Top-level SLTDA resort region retained unchanged. Verified cell-by-cell against rendered Table 23 on PDF page 91; source remains image-only. The seven-region structure matches 2017–2018, and the simple monthly mean (58.74) is within 0.00 points of the reported annual rate (58.74); no value was changed merely for appearing unusual.",false
2019-12-01,2019,12,Colombo City,resort_region,Colombo City,73.21,5638,44,241663,58.74,2019,Annual Statistical Report 2019.pdf,Table 23: Monthly Occupancy Rates in Tourist Hotels by Region – 2019,91,monthly,visual_transcription_image_only_pdf,false,verified_after_visual_review,"Top-level SLTDA resort region retained unchanged. Verified cell-by-cell against rendered Table 23 on PDF page 91; source remains image-only. The seven-region structure matches 2017–2018, and the simple monthly mean (58.74) is within 0.00 points of the reported annual rate (58.74); no value was changed merely for appearing unusual.",false
2019-01-01,2019,1,Greater Colombo,resort_region,Greater Colombo,80.83,3052,60,244239,57.9,2019,Annual Statistical Report 2019.pdf,Table 23: Monthly Occupancy Rates in Tourist Hotels by Region – 2019,91,monthly,visual_transcription_image_only_pdf,false,verified_after_visual_review,"Top-level SLTDA resort region retained unchanged. Verified cell-by-cell against rendered Table 23 on PDF page 91; source remains image-only. The seven-region structure matches 2017–2018, and the simple monthly mean (57.90) is within 0.00 points of the reported annual rate (57.90); no value was changed merely for appearing unusual. Review corrected the prior transcription: rooms 3,059 to 3,052 and October 54.39 to 54.32.",false
2019-02-01,2019,2,Greater Colombo,resort_region,Greater Colombo,78.76,3052,60,252033,57.9,2019,Annual Statistical Report 2019.pdf,Table 23: Monthly Occupancy Rates in Tourist Hotels by Region – 2019,91,monthly,visual_transcription_image_only_pdf,false,verified_after_visual_review,"Top-level SLTDA resort region retained unchanged. Verified cell-by-cell against rendered Table 23 on PDF page 91; source remains image-only. The seven-region structure matches 2017–2018, and the simple monthly mean (57.90) is within 0.00 points of the reported annual rate (57.90); no value was changed merely for appearing unusual. Review corrected the prior transcription: rooms 3,059 to 3,052 and October 54.39 to 54.32.",false
2019-03-01,2019,3,Greater Colombo,resort_region,Greater Colombo,76.15,3052,60,244328,57.9,2019,Annual Statistical Report 2019.pdf,Table 23: Monthly Occupancy Rates in Tourist Hotels by Region – 2019,91,monthly,visual_transcription_image_only_pdf,false,verified_after_visual_review,"Top-level SLTDA resort region retained unchanged. Verified cell-by-cell against rendered Table 23 on PDF page 91; source remains image-only. The seven-region structure matches 2017–2018, and the simple monthly mean (57.90) is within 0.00 points of the reported annual rate (57.90); no value was changed merely for appearing unusual. Review corrected the prior transcription: rooms 3,059 to 3,052 and October 54.39 to 54.32.",false
2019-04-01,2019,4,Greater Colombo,resort_region,Greater Colombo,69.49,3052,60,166975,57.9,2019,Annual Statistical Report 2019.pdf,Table 23: Monthly Occupancy Rates in Tourist Hotels by Region – 2019,91,monthly,visual_transcription_image_only_pdf,false,verified_after_visual_review,"Top-level SLTDA resort region retained unchanged. Verified cell-by-cell against rendered Table 23 on PDF page 91; source remains image-only. The seven-region structure matches 2017–2018, and the simple monthly mean (57.90) is within 0.00 points of the reported annual rate (57.90); no value was changed merely for appearing unusual. Review corrected the prior transcription: rooms 3,059 to 3,052 and October 54.39 to 54.32.",false
2019-05-01,2019,5,Greater Colombo,resort_region,Greater Colombo,14.97,3052,60,37802,57.9,2019,Annual Statistical Report 2019.pdf,Table 23: Monthly Occupancy Rates in Tourist Hotels by Region – 2019,91,monthly,visual_transcription_image_only_pdf,false,verified_after_visual_review,"Top-level SLTDA resort region retained unchanged. Verified cell-by-cell against rendered Table 23 on PDF page 91; source remains image-only. The seven-region structure matches 2017–2018, and the simple monthly mean (57.90) is within 0.00 points of the reported annual rate (57.90); no value was changed merely for appearing unusual. Review corrected the prior transcription: rooms 3,059 to 3,052 and October 54.39 to 54.32.",false
2019-06-01,2019,6,Greater Colombo,resort_region,Greater Colombo,22.84,3052,60,63072,57.9,2019,Annual Statistical Report 2019.pdf,Table 23: Monthly Occupancy Rates in Tourist Hotels by Region – 2019,91,monthly,visual_transcription_image_only_pdf,false,verified_after_visual_review,"Top-level SLTDA resort region retained unchanged. Verified cell-by-cell against rendered Table 23 on PDF page 91; source remains image-only. The seven-region structure matches 2017–2018, and the simple monthly mean (57.90) is within 0.00 points of the reported annual rate (57.90); no value was changed merely for appearing unusual. Review corrected the prior transcription: rooms 3,059 to 3,052 and October 54.39 to 54.32.",false
2019-07-01,2019,7,Greater Colombo,resort_region,Greater Colombo,43.37,3052,60,115701,57.9,2019,Annual Statistical Report 2019.pdf,Table 23: Monthly Occupancy Rates in Tourist Hotels by Region – 2019,91,monthly,visual_transcription_image_only_pdf,false,verified_after_visual_review,"Top-level SLTDA resort region retained unchanged. Verified cell-by-cell against rendered Table 23 on PDF page 91; source remains image-only. The seven-region structure matches 2017–2018, and the simple monthly mean (57.90) is within 0.00 points of the reported annual rate (57.90); no value was changed merely for appearing unusual. Review corrected the prior transcription: rooms 3,059 to 3,052 and October 54.39 to 54.32.",false
2019-08-01,2019,8,Greater Colombo,resort_region,Greater Colombo,55.66,3052,60,143587,57.9,2019,Annual Statistical Report 2019.pdf,Table 23: Monthly Occupancy Rates in Tourist Hotels by Region – 2019,91,monthly,visual_transcription_image_only_pdf,false,verified_after_visual_review,"Top-level SLTDA resort region retained unchanged. Verified cell-by-cell against rendered Table 23 on PDF page 91; source remains image-only. The seven-region structure matches 2017–2018, and the simple monthly mean (57.90) is within 0.00 points of the reported annual rate (57.90); no value was changed merely for appearing unusual. Review corrected the prior transcription: rooms 3,059 to 3,052 and October 54.39 to 54.32.",false
2019-09-01,2019,9,Greater Colombo,resort_region,Greater Colombo,50.47,3052,60,108575,57.9,2019,Annual Statistical Report 2019.pdf,Table 23: Monthly Occupancy Rates in Tourist Hotels by Region – 2019,91,monthly,visual_transcription_image_only_pdf,false,verified_after_visual_review,"Top-level SLTDA resort region retained unchanged. Verified cell-by-cell against rendered Table 23 on PDF page 91; source remains image-only. The seven-region structure matches 2017–2018, and the simple monthly mean (57.90) is within 0.00 points of the reported annual rate (57.90); no value was changed merely for appearing unusual. Review corrected the prior transcription: rooms 3,059 to 3,052 and October 54.39 to 54.32.",false
2019-10-01,2019,10,Greater Colombo,resort_region,Greater Colombo,54.32,3052,60,118743,57.9,2019,Annual Statistical Report 2019.pdf,Table 23: Monthly Occupancy Rates in Tourist Hotels by Region – 2019,91,monthly,visual_transcription_image_only_pdf,false,verified_after_visual_review,"Top-level SLTDA resort region retained unchanged. Verified cell-by-cell against rendered Table 23 on PDF page 91; source remains image-only. The seven-region structure matches 2017–2018, and the simple monthly mean (57.90) is within 0.00 points of the reported annual rate (57.90); no value was changed merely for appearing unusual. Review corrected the prior transcription: rooms 3,059 to 3,052 and October 54.39 to 54.32.",false
2019-11-01,2019,11,Greater Colombo,resort_region,Greater Colombo,73.48,3052,60,176984,57.9,2019,Annual Statistical Report 2019.pdf,Table 23: Monthly Occupancy Rates in Tourist Hotels by Region – 2019,91,monthly,visual_transcription_image_only_pdf,false,verified_after_visual_review,"Top-level SLTDA resort region retained unchanged. Verified cell-by-cell against rendered Table 23 on PDF page 91; source remains image-only. The seven-region structure matches 2017–2018, and the simple monthly mean (57.90) is within 0.00 points of the reported annual rate (57.90); no value was changed merely for appearing unusual. Review corrected the prior transcription: rooms 3,059 to 3,052 and October 54.39 to 54.32.",false
2019-12-01,2019,12,Greater Colombo,resort_region,Greater Colombo,74.49,3052,60,241663,57.9,2019,Annual Statistical Report 2019.pdf,Table 23: Monthly Occupancy Rates in Tourist Hotels by Region – 2019,91,monthly,visual_transcription_image_only_pdf,false,verified_after_visual_review,"Top-level SLTDA resort region retained unchanged. Verified cell-by-cell against rendered Table 23 on PDF page 91; source remains image-only. The seven-region structure matches 2017–2018, and the simple monthly mean (57.90) is within 0.00 points of the reported annual rate (57.90); no value was changed merely for appearing unusual. Review corrected the prior transcription: rooms 3,059 to 3,052 and October 54.39 to 54.32.",false
2019-01-01,2019,1,South Coast,resort_region,South Coast,80.06,8695,182,244239,59.68,2019,Annual Statistical Report 2019.pdf,Table 23: Monthly Occupancy Rates in Tourist Hotels by Region – 2019,91,monthly,visual_transcription_image_only_pdf,false,verified_after_visual_review,"Top-level SLTDA resort region retained unchanged. Verified cell-by-cell against rendered Table 23 on PDF page 91; source remains image-only. The seven-region structure matches 2017–2018, and the simple monthly mean (59.68) is within 0.00 points of the reported annual rate (59.68); no value was changed merely for appearing unusual.",false
2019-02-01,2019,2,South Coast,resort_region,South Coast,77.1,8695,182,252033,59.68,2019,Annual Statistical Report 2019.pdf,Table 23: Monthly Occupancy Rates in Tourist Hotels by Region – 2019,91,monthly,visual_transcription_image_only_pdf,false,verified_after_visual_review,"Top-level SLTDA resort region retained unchanged. Verified cell-by-cell against rendered Table 23 on PDF page 91; source remains image-only. The seven-region structure matches 2017–2018, and the simple monthly mean (59.68) is within 0.00 points of the reported annual rate (59.68); no value was changed merely for appearing unusual.",false
2019-03-01,2019,3,South Coast,resort_region,South Coast,71.57,8695,182,244328,59.68,2019,Annual Statistical Report 2019.pdf,Table 23: Monthly Occupancy Rates in Tourist Hotels by Region – 2019,91,monthly,visual_transcription_image_only_pdf,false,verified_after_visual_review,"Top-level SLTDA resort region retained unchanged. Verified cell-by-cell against rendered Table 23 on PDF page 91; source remains image-only. The seven-region structure matches 2017–2018, and the simple monthly mean (59.68) is within 0.00 points of the reported annual rate (59.68); no value was changed merely for appearing unusual.",false
2019-04-01,2019,4,South Coast,resort_region,South Coast,65.58,8695,182,166975,59.68,2019,Annual Statistical Report 2019.pdf,Table 23: Monthly Occupancy Rates in Tourist Hotels by Region – 2019,91,monthly,visual_transcription_image_only_pdf,false,verified_after_visual_review,"Top-level SLTDA resort region retained unchanged. Verified cell-by-cell against rendered Table 23 on PDF page 91; source remains image-only. The seven-region structure matches 2017–2018, and the simple monthly mean (59.68) is within 0.00 points of the reported annual rate (59.68); no value was changed merely for appearing unusual.",false
2019-05-01,2019,5,South Coast,resort_region,South Coast,17.26,8695,182,37802,59.68,2019,Annual Statistical Report 2019.pdf,Table 23: Monthly Occupancy Rates in Tourist Hotels by Region – 2019,91,monthly,visual_transcription_image_only_pdf,false,verified_after_visual_review,"Top-level SLTDA resort region retained unchanged. Verified cell-by-cell against rendered Table 23 on PDF page 91; source remains image-only. The seven-region structure matches 2017–2018, and the simple monthly mean (59.68) is within 0.00 points of the reported annual rate (59.68); no value was changed merely for appearing unusual.",false
2019-06-01,2019,6,South Coast,resort_region,South Coast,24.68,8695,182,63072,59.68,2019,Annual Statistical Report 2019.pdf,Table 23: Monthly Occupancy Rates in Tourist Hotels by Region – 2019,91,monthly,visual_transcription_image_only_pdf,false,verified_after_visual_review,"Top-level SLTDA resort region retained unchanged. Verified cell-by-cell against rendered Table 23 on PDF page 91; source remains image-only. The seven-region structure matches 2017–2018, and the simple monthly mean (59.68) is within 0.00 points of the reported annual rate (59.68); no value was changed merely for appearing unusual.",false
2019-07-01,2019,7,South Coast,resort_region,South Coast,46.72,8695,182,115701,59.68,2019,Annual Statistical Report 2019.pdf,Table 23: Monthly Occupancy Rates in Tourist Hotels by Region – 2019,91,monthly,visual_transcription_image_only_pdf,false,verified_after_visual_review,"Top-level SLTDA resort region retained unchanged. Verified cell-by-cell against rendered Table 23 on PDF page 91; source remains image-only. The seven-region structure matches 2017–2018, and the simple monthly mean (59.68) is within 0.00 points of the reported annual rate (59.68); no value was changed merely for appearing unusual.",false
2019-08-01,2019,8,South Coast,resort_region,South Coast,59.46,8695,182,143587,59.68,2019,Annual Statistical Report 2019.pdf,Table 23: Monthly Occupancy Rates in Tourist Hotels by Region – 2019,91,monthly,visual_transcription_image_only_pdf,false,verified_after_visual_review,"Top-level SLTDA resort region retained unchanged. Verified cell-by-cell against rendered Table 23 on PDF page 91; source remains image-only. The seven-region structure matches 2017–2018, and the simple monthly mean (59.68) is within 0.00 points of the reported annual rate (59.68); no value was changed merely for appearing unusual.",false
2019-09-01,2019,9,South Coast,resort_region,South Coast,55.22,8695,182,108575,59.68,2019,Annual Statistical Report 2019.pdf,Table 23: Monthly Occupancy Rates in Tourist Hotels by Region – 2019,91,monthly,visual_transcription_image_only_pdf,false,verified_after_visual_review,"Top-level SLTDA resort region retained unchanged. Verified cell-by-cell against rendered Table 23 on PDF page 91; source remains image-only. The seven-region structure matches 2017–2018, and the simple monthly mean (59.68) is within 0.00 points of the reported annual rate (59.68); no value was changed merely for appearing unusual.",false
2019-10-01,2019,10,South Coast,resort_region,South Coast,59.55,8695,182,118743,59.68,2019,Annual Statistical Report 2019.pdf,Table 23: Monthly Occupancy Rates in Tourist Hotels by Region – 2019,91,monthly,visual_transcription_image_only_pdf,false,verified_after_visual_review,"Top-level SLTDA resort region retained unchanged. Verified cell-by-cell against rendered Table 23 on PDF page 91; source remains image-only. The seven-region structure matches 2017–2018, and the simple monthly mean (59.68) is within 0.00 points of the reported annual rate (59.68); no value was changed merely for appearing unusual.",false
2019-11-01,2019,11,South Coast,resort_region,South Coast,78.11,8695,182,176984,59.68,2019,Annual Statistical Report 2019.pdf,Table 23: Monthly Occupancy Rates in Tourist Hotels by Region – 2019,91,monthly,visual_transcription_image_only_pdf,false,verified_after_visual_review,"Top-level SLTDA resort region retained unchanged. Verified cell-by-cell against rendered Table 23 on PDF page 91; source remains image-only. The seven-region structure matches 2017–2018, and the simple monthly mean (59.68) is within 0.00 points of the reported annual rate (59.68); no value was changed merely for appearing unusual.",false
2019-12-01,2019,12,South Coast,resort_region,South Coast,80.88,8695,182,241663,59.68,2019,Annual Statistical Report 2019.pdf,Table 23: Monthly Occupancy Rates in Tourist Hotels by Region – 2019,91,monthly,visual_transcription_image_only_pdf,false,verified_after_visual_review,"Top-level SLTDA resort region retained unchanged. Verified cell-by-cell against rendered Table 23 on PDF page 91; source remains image-only. The seven-region structure matches 2017–2018, and the simple monthly mean (59.68) is within 0.00 points of the reported annual rate (59.68); no value was changed merely for appearing unusual.",false
2019-01-01,2019,1,East Coast,resort_region,East Coast,78.91,1201,31,244239,57.31,2019,Annual Statistical Report 2019.pdf,Table 23: Monthly Occupancy Rates in Tourist Hotels by Region – 2019,91,monthly,visual_transcription_image_only_pdf,false,verified_after_visual_review,"Top-level SLTDA resort region retained unchanged. Verified cell-by-cell against rendered Table 23 on PDF page 91; source remains image-only. The seven-region structure matches 2017–2018, and the simple monthly mean (57.31) is within 0.00 points of the reported annual rate (57.31); no value was changed merely for appearing unusual.",false
2019-02-01,2019,2,East Coast,resort_region,East Coast,76.24,1201,31,252033,57.31,2019,Annual Statistical Report 2019.pdf,Table 23: Monthly Occupancy Rates in Tourist Hotels by Region – 2019,91,monthly,visual_transcription_image_only_pdf,false,verified_after_visual_review,"Top-level SLTDA resort region retained unchanged. Verified cell-by-cell against rendered Table 23 on PDF page 91; source remains image-only. The seven-region structure matches 2017–2018, and the simple monthly mean (57.31) is within 0.00 points of the reported annual rate (57.31); no value was changed merely for appearing unusual.",false
2019-03-01,2019,3,East Coast,resort_region,East Coast,73.89,1201,31,244328,57.31,2019,Annual Statistical Report 2019.pdf,Table 23: Monthly Occupancy Rates in Tourist Hotels by Region – 2019,91,monthly,visual_transcription_image_only_pdf,false,verified_after_visual_review,"Top-level SLTDA resort region retained unchanged. Verified cell-by-cell against rendered Table 23 on PDF page 91; source remains image-only. The seven-region structure matches 2017–2018, and the simple monthly mean (57.31) is within 0.00 points of the reported annual rate (57.31); no value was changed merely for appearing unusual.",false
2019-04-01,2019,4,East Coast,resort_region,East Coast,64.23,1201,31,166975,57.31,2019,Annual Statistical Report 2019.pdf,Table 23: Monthly Occupancy Rates in Tourist Hotels by Region – 2019,91,monthly,visual_transcription_image_only_pdf,false,verified_after_visual_review,"Top-level SLTDA resort region retained unchanged. Verified cell-by-cell against rendered Table 23 on PDF page 91; source remains image-only. The seven-region structure matches 2017–2018, and the simple monthly mean (57.31) is within 0.00 points of the reported annual rate (57.31); no value was changed merely for appearing unusual.",false
2019-05-01,2019,5,East Coast,resort_region,East Coast,13.4,1201,31,37802,57.31,2019,Annual Statistical Report 2019.pdf,Table 23: Monthly Occupancy Rates in Tourist Hotels by Region – 2019,91,monthly,visual_transcription_image_only_pdf,false,verified_after_visual_review,"Top-level SLTDA resort region retained unchanged. Verified cell-by-cell against rendered Table 23 on PDF page 91; source remains image-only. The seven-region structure matches 2017–2018, and the simple monthly mean (57.31) is within 0.00 points of the reported annual rate (57.31); no value was changed merely for appearing unusual.",false
2019-06-01,2019,6,East Coast,resort_region,East Coast,22.03,1201,31,63072,57.31,2019,Annual Statistical Report 2019.pdf,Table 23: Monthly Occupancy Rates in Tourist Hotels by Region – 2019,91,monthly,visual_transcription_image_only_pdf,false,verified_after_visual_review,"Top-level SLTDA resort region retained unchanged. Verified cell-by-cell against rendered Table 23 on PDF page 91; source remains image-only. The seven-region structure matches 2017–2018, and the simple monthly mean (57.31) is within 0.00 points of the reported annual rate (57.31); no value was changed merely for appearing unusual.",false
2019-07-01,2019,7,East Coast,resort_region,East Coast,49.39,1201,31,115701,57.31,2019,Annual Statistical Report 2019.pdf,Table 23: Monthly Occupancy Rates in Tourist Hotels by Region – 2019,91,monthly,visual_transcription_image_only_pdf,false,verified_after_visual_review,"Top-level SLTDA resort region retained unchanged. Verified cell-by-cell against rendered Table 23 on PDF page 91; source remains image-only. The seven-region structure matches 2017–2018, and the simple monthly mean (57.31) is within 0.00 points of the reported annual rate (57.31); no value was changed merely for appearing unusual.",false
2019-08-01,2019,8,East Coast,resort_region,East Coast,59.64,1201,31,143587,57.31,2019,Annual Statistical Report 2019.pdf,Table 23: Monthly Occupancy Rates in Tourist Hotels by Region – 2019,91,monthly,visual_transcription_image_only_pdf,false,verified_after_visual_review,"Top-level SLTDA resort region retained unchanged. Verified cell-by-cell against rendered Table 23 on PDF page 91; source remains image-only. The seven-region structure matches 2017–2018, and the simple monthly mean (57.31) is within 0.00 points of the reported annual rate (57.31); no value was changed merely for appearing unusual.",false
2019-09-01,2019,9,East Coast,resort_region,East Coast,48.91,1201,31,108575,57.31,2019,Annual Statistical Report 2019.pdf,Table 23: Monthly Occupancy Rates in Tourist Hotels by Region – 2019,91,monthly,visual_transcription_image_only_pdf,false,verified_after_visual_review,"Top-level SLTDA resort region retained unchanged. Verified cell-by-cell against rendered Table 23 on PDF page 91; source remains image-only. The seven-region structure matches 2017–2018, and the simple monthly mean (57.31) is within 0.00 points of the reported annual rate (57.31); no value was changed merely for appearing unusual.",false
2019-10-01,2019,10,East Coast,resort_region,East Coast,55.73,1201,31,118743,57.31,2019,Annual Statistical Report 2019.pdf,Table 23: Monthly Occupancy Rates in Tourist Hotels by Region – 2019,91,monthly,visual_transcription_image_only_pdf,false,verified_after_visual_review,"Top-level SLTDA resort region retained unchanged. Verified cell-by-cell against rendered Table 23 on PDF page 91; source remains image-only. The seven-region structure matches 2017–2018, and the simple monthly mean (57.31) is within 0.00 points of the reported annual rate (57.31); no value was changed merely for appearing unusual.",false
2019-11-01,2019,11,East Coast,resort_region,East Coast,73.66,1201,31,176984,57.31,2019,Annual Statistical Report 2019.pdf,Table 23: Monthly Occupancy Rates in Tourist Hotels by Region – 2019,91,monthly,visual_transcription_image_only_pdf,false,verified_after_visual_review,"Top-level SLTDA resort region retained unchanged. Verified cell-by-cell against rendered Table 23 on PDF page 91; source remains image-only. The seven-region structure matches 2017–2018, and the simple monthly mean (57.31) is within 0.00 points of the reported annual rate (57.31); no value was changed merely for appearing unusual.",false
2019-12-01,2019,12,East Coast,resort_region,East Coast,71.68,1201,31,241663,57.31,2019,Annual Statistical Report 2019.pdf,Table 23: Monthly Occupancy Rates in Tourist Hotels by Region – 2019,91,monthly,visual_transcription_image_only_pdf,false,verified_after_visual_review,"Top-level SLTDA resort region retained unchanged. Verified cell-by-cell against rendered Table 23 on PDF page 91; source remains image-only. The seven-region structure matches 2017–2018, and the simple monthly mean (57.31) is within 0.00 points of the reported annual rate (57.31); no value was changed merely for appearing unusual.",false
2019-01-01,2019,1,Hill Country,resort_region,Hill Country,78.4,1548,48,244239,57.45,2019,Annual Statistical Report 2019.pdf,Table 23: Monthly Occupancy Rates in Tourist Hotels by Region – 2019,91,monthly,visual_transcription_image_only_pdf,false,verified_after_visual_review,"Top-level SLTDA resort region retained unchanged. Verified cell-by-cell against rendered Table 23 on PDF page 91; source remains image-only. The seven-region structure matches 2017–2018, and the simple monthly mean (57.45) is within 0.00 points of the reported annual rate (57.45); no value was changed merely for appearing unusual.",false
2019-02-01,2019,2,Hill Country,resort_region,Hill Country,76.77,1548,48,252033,57.45,2019,Annual Statistical Report 2019.pdf,Table 23: Monthly Occupancy Rates in Tourist Hotels by Region – 2019,91,monthly,visual_transcription_image_only_pdf,false,verified_after_visual_review,"Top-level SLTDA resort region retained unchanged. Verified cell-by-cell against rendered Table 23 on PDF page 91; source remains image-only. The seven-region structure matches 2017–2018, and the simple monthly mean (57.45) is within 0.00 points of the reported annual rate (57.45); no value was changed merely for appearing unusual.",false
2019-03-01,2019,3,Hill Country,resort_region,Hill Country,72.84,1548,48,244328,57.45,2019,Annual Statistical Report 2019.pdf,Table 23: Monthly Occupancy Rates in Tourist Hotels by Region – 2019,91,monthly,visual_transcription_image_only_pdf,false,verified_after_visual_review,"Top-level SLTDA resort region retained unchanged. Verified cell-by-cell against rendered Table 23 on PDF page 91; source remains image-only. The seven-region structure matches 2017–2018, and the simple monthly mean (57.45) is within 0.00 points of the reported annual rate (57.45); no value was changed merely for appearing unusual.",false
2019-04-01,2019,4,Hill Country,resort_region,Hill Country,65.68,1548,48,166975,57.45,2019,Annual Statistical Report 2019.pdf,Table 23: Monthly Occupancy Rates in Tourist Hotels by Region – 2019,91,monthly,visual_transcription_image_only_pdf,false,verified_after_visual_review,"Top-level SLTDA resort region retained unchanged. Verified cell-by-cell against rendered Table 23 on PDF page 91; source remains image-only. The seven-region structure matches 2017–2018, and the simple monthly mean (57.45) is within 0.00 points of the reported annual rate (57.45); no value was changed merely for appearing unusual.",false
2019-05-01,2019,5,Hill Country,resort_region,Hill Country,14.69,1548,48,37802,57.45,2019,Annual Statistical Report 2019.pdf,Table 23: Monthly Occupancy Rates in Tourist Hotels by Region – 2019,91,monthly,visual_transcription_image_only_pdf,false,verified_after_visual_review,"Top-level SLTDA resort region retained unchanged. Verified cell-by-cell against rendered Table 23 on PDF page 91; source remains image-only. The seven-region structure matches 2017–2018, and the simple monthly mean (57.45) is within 0.00 points of the reported annual rate (57.45); no value was changed merely for appearing unusual.",false
2019-06-01,2019,6,Hill Country,resort_region,Hill Country,22.44,1548,48,63072,57.45,2019,Annual Statistical Report 2019.pdf,Table 23: Monthly Occupancy Rates in Tourist Hotels by Region – 2019,91,monthly,visual_transcription_image_only_pdf,false,verified_after_visual_review,"Top-level SLTDA resort region retained unchanged. Verified cell-by-cell against rendered Table 23 on PDF page 91; source remains image-only. The seven-region structure matches 2017–2018, and the simple monthly mean (57.45) is within 0.00 points of the reported annual rate (57.45); no value was changed merely for appearing unusual.",false
2019-07-01,2019,7,Hill Country,resort_region,Hill Country,46.85,1548,48,115701,57.45,2019,Annual Statistical Report 2019.pdf,Table 23: Monthly Occupancy Rates in Tourist Hotels by Region – 2019,91,monthly,visual_transcription_image_only_pdf,false,verified_after_visual_review,"Top-level SLTDA resort region retained unchanged. Verified cell-by-cell against rendered Table 23 on PDF page 91; source remains image-only. The seven-region structure matches 2017–2018, and the simple monthly mean (57.45) is within 0.00 points of the reported annual rate (57.45); no value was changed merely for appearing unusual.",false
2019-08-01,2019,8,Hill Country,resort_region,Hill Country,57.86,1548,48,143587,57.45,2019,Annual Statistical Report 2019.pdf,Table 23: Monthly Occupancy Rates in Tourist Hotels by Region – 2019,91,monthly,visual_transcription_image_only_pdf,false,verified_after_visual_review,"Top-level SLTDA resort region retained unchanged. Verified cell-by-cell against rendered Table 23 on PDF page 91; source remains image-only. The seven-region structure matches 2017–2018, and the simple monthly mean (57.45) is within 0.00 points of the reported annual rate (57.45); no value was changed merely for appearing unusual.",false
2019-09-01,2019,9,Hill Country,resort_region,Hill Country,52.35,1548,48,108575,57.45,2019,Annual Statistical Report 2019.pdf,Table 23: Monthly Occupancy Rates in Tourist Hotels by Region – 2019,91,monthly,visual_transcription_image_only_pdf,false,verified_after_visual_review,"Top-level SLTDA resort region retained unchanged. Verified cell-by-cell against rendered Table 23 on PDF page 91; source remains image-only. The seven-region structure matches 2017–2018, and the simple monthly mean (57.45) is within 0.00 points of the reported annual rate (57.45); no value was changed merely for appearing unusual.",false
2019-10-01,2019,10,Hill Country,resort_region,Hill Country,54.79,1548,48,118743,57.45,2019,Annual Statistical Report 2019.pdf,Table 23: Monthly Occupancy Rates in Tourist Hotels by Region – 2019,91,monthly,visual_transcription_image_only_pdf,false,verified_after_visual_review,"Top-level SLTDA resort region retained unchanged. Verified cell-by-cell against rendered Table 23 on PDF page 91; source remains image-only. The seven-region structure matches 2017–2018, and the simple monthly mean (57.45) is within 0.00 points of the reported annual rate (57.45); no value was changed merely for appearing unusual.",false
2019-11-01,2019,11,Hill Country,resort_region,Hill Country,71.39,1548,48,176984,57.45,2019,Annual Statistical Report 2019.pdf,Table 23: Monthly Occupancy Rates in Tourist Hotels by Region – 2019,91,monthly,visual_transcription_image_only_pdf,false,verified_after_visual_review,"Top-level SLTDA resort region retained unchanged. Verified cell-by-cell against rendered Table 23 on PDF page 91; source remains image-only. The seven-region structure matches 2017–2018, and the simple monthly mean (57.45) is within 0.00 points of the reported annual rate (57.45); no value was changed merely for appearing unusual.",false
2019-12-01,2019,12,Hill Country,resort_region,Hill Country,75.31,1548,48,241663,57.45,2019,Annual Statistical Report 2019.pdf,Table 23: Monthly Occupancy Rates in Tourist Hotels by Region – 2019,91,monthly,visual_transcription_image_only_pdf,false,verified_after_visual_review,"Top-level SLTDA resort region retained unchanged. Verified cell-by-cell against rendered Table 23 on PDF page 91; source remains image-only. The seven-region structure matches 2017–2018, and the simple monthly mean (57.45) is within 0.00 points of the reported annual rate (57.45); no value was changed merely for appearing unusual.",false
2019-01-01,2019,1,Ancient Cities,resort_region,Ancient Cities,76.73,4462,101,244239,56.96,2019,Annual Statistical Report 2019.pdf,Table 23: Monthly Occupancy Rates in Tourist Hotels by Region – 2019,91,monthly,visual_transcription_image_only_pdf,false,verified_after_visual_review,"Top-level SLTDA resort region retained unchanged. Verified cell-by-cell against rendered Table 23 on PDF page 91; source remains image-only. The seven-region structure matches 2017–2018, and the simple monthly mean (56.96) is within 0.00 points of the reported annual rate (56.96); no value was changed merely for appearing unusual.",false
2019-02-01,2019,2,Ancient Cities,resort_region,Ancient Cities,76.86,4462,101,252033,56.96,2019,Annual Statistical Report 2019.pdf,Table 23: Monthly Occupancy Rates in Tourist Hotels by Region – 2019,91,monthly,visual_transcription_image_only_pdf,false,verified_after_visual_review,"Top-level SLTDA resort region retained unchanged. Verified cell-by-cell against rendered Table 23 on PDF page 91; source remains image-only. The seven-region structure matches 2017–2018, and the simple monthly mean (56.96) is within 0.00 points of the reported annual rate (56.96); no value was changed merely for appearing unusual.",false
2019-03-01,2019,3,Ancient Cities,resort_region,Ancient Cities,74.05,4462,101,244328,56.96,2019,Annual Statistical Report 2019.pdf,Table 23: Monthly Occupancy Rates in Tourist Hotels by Region – 2019,91,monthly,visual_transcription_image_only_pdf,false,verified_after_visual_review,"Top-level SLTDA resort region retained unchanged. Verified cell-by-cell against rendered Table 23 on PDF page 91; source remains image-only. The seven-region structure matches 2017–2018, and the simple monthly mean (56.96) is within 0.00 points of the reported annual rate (56.96); no value was changed merely for appearing unusual.",false
2019-04-01,2019,4,Ancient Cities,resort_region,Ancient Cities,59.75,4462,101,166975,56.96,2019,Annual Statistical Report 2019.pdf,Table 23: Monthly Occupancy Rates in Tourist Hotels by Region – 2019,91,monthly,visual_transcription_image_only_pdf,false,verified_after_visual_review,"Top-level SLTDA resort region retained unchanged. Verified cell-by-cell against rendered Table 23 on PDF page 91; source remains image-only. The seven-region structure matches 2017–2018, and the simple monthly mean (56.96) is within 0.00 points of the reported annual rate (56.96); no value was changed merely for appearing unusual.",false
2019-05-01,2019,5,Ancient Cities,resort_region,Ancient Cities,14.94,4462,101,37802,56.96,2019,Annual Statistical Report 2019.pdf,Table 23: Monthly Occupancy Rates in Tourist Hotels by Region – 2019,91,monthly,visual_transcription_image_only_pdf,false,verified_after_visual_review,"Top-level SLTDA resort region retained unchanged. Verified cell-by-cell against rendered Table 23 on PDF page 91; source remains image-only. The seven-region structure matches 2017–2018, and the simple monthly mean (56.96) is within 0.00 points of the reported annual rate (56.96); no value was changed merely for appearing unusual.",false
2019-06-01,2019,6,Ancient Cities,resort_region,Ancient Cities,23.09,4462,101,63072,56.96,2019,Annual Statistical Report 2019.pdf,Table 23: Monthly Occupancy Rates in Tourist Hotels by Region – 2019,91,monthly,visual_transcription_image_only_pdf,false,verified_after_visual_review,"Top-level SLTDA resort region retained unchanged. Verified cell-by-cell against rendered Table 23 on PDF page 91; source remains image-only. The seven-region structure matches 2017–2018, and the simple monthly mean (56.96) is within 0.00 points of the reported annual rate (56.96); no value was changed merely for appearing unusual.",false
2019-07-01,2019,7,Ancient Cities,resort_region,Ancient Cities,47.87,4462,101,115701,56.96,2019,Annual Statistical Report 2019.pdf,Table 23: Monthly Occupancy Rates in Tourist Hotels by Region – 2019,91,monthly,visual_transcription_image_only_pdf,false,verified_after_visual_review,"Top-level SLTDA resort region retained unchanged. Verified cell-by-cell against rendered Table 23 on PDF page 91; source remains image-only. The seven-region structure matches 2017–2018, and the simple monthly mean (56.96) is within 0.00 points of the reported annual rate (56.96); no value was changed merely for appearing unusual.",false
2019-08-01,2019,8,Ancient Cities,resort_region,Ancient Cities,55.67,4462,101,143587,56.96,2019,Annual Statistical Report 2019.pdf,Table 23: Monthly Occupancy Rates in Tourist Hotels by Region – 2019,91,monthly,visual_transcription_image_only_pdf,false,verified_after_visual_review,"Top-level SLTDA resort region retained unchanged. Verified cell-by-cell against rendered Table 23 on PDF page 91; source remains image-only. The seven-region structure matches 2017–2018, and the simple monthly mean (56.96) is within 0.00 points of the reported annual rate (56.96); no value was changed merely for appearing unusual.",false
2019-09-01,2019,9,Ancient Cities,resort_region,Ancient Cities,52.9,4462,101,108575,56.96,2019,Annual Statistical Report 2019.pdf,Table 23: Monthly Occupancy Rates in Tourist Hotels by Region – 2019,91,monthly,visual_transcription_image_only_pdf,false,verified_after_visual_review,"Top-level SLTDA resort region retained unchanged. Verified cell-by-cell against rendered Table 23 on PDF page 91; source remains image-only. The seven-region structure matches 2017–2018, and the simple monthly mean (56.96) is within 0.00 points of the reported annual rate (56.96); no value was changed merely for appearing unusual.",false
2019-10-01,2019,10,Ancient Cities,resort_region,Ancient Cities,52.19,4462,101,118743,56.96,2019,Annual Statistical Report 2019.pdf,Table 23: Monthly Occupancy Rates in Tourist Hotels by Region – 2019,91,monthly,visual_transcription_image_only_pdf,false,verified_after_visual_review,"Top-level SLTDA resort region retained unchanged. Verified cell-by-cell against rendered Table 23 on PDF page 91; source remains image-only. The seven-region structure matches 2017–2018, and the simple monthly mean (56.96) is within 0.00 points of the reported annual rate (56.96); no value was changed merely for appearing unusual.",false
2019-11-01,2019,11,Ancient Cities,resort_region,Ancient Cities,74.07,4462,101,176984,56.96,2019,Annual Statistical Report 2019.pdf,Table 23: Monthly Occupancy Rates in Tourist Hotels by Region – 2019,91,monthly,visual_transcription_image_only_pdf,false,verified_after_visual_review,"Top-level SLTDA resort region retained unchanged. Verified cell-by-cell against rendered Table 23 on PDF page 91; source remains image-only. The seven-region structure matches 2017–2018, and the simple monthly mean (56.96) is within 0.00 points of the reported annual rate (56.96); no value was changed merely for appearing unusual.",false
2019-12-01,2019,12,Ancient Cities,resort_region,Ancient Cities,75.41,4462,101,241663,56.96,2019,Annual Statistical Report 2019.pdf,Table 23: Monthly Occupancy Rates in Tourist Hotels by Region – 2019,91,monthly,visual_transcription_image_only_pdf,false,verified_after_visual_review,"Top-level SLTDA resort region retained unchanged. Verified cell-by-cell against rendered Table 23 on PDF page 91; source remains image-only. The seven-region structure matches 2017–2018, and the simple monthly mean (56.96) is within 0.00 points of the reported annual rate (56.96); no value was changed merely for appearing unusual.",false
2019-01-01,2019,1,Northern Region,resort_region,Northern Region,70.71,235,8,244239,48.55,2019,Annual Statistical Report 2019.pdf,Table 23: Monthly Occupancy Rates in Tourist Hotels by Region – 2019,91,monthly,visual_transcription_image_only_pdf,false,verified_after_visual_review,"Top-level SLTDA resort region retained unchanged. Verified cell-by-cell against rendered Table 23 on PDF page 91; source remains image-only. The seven-region structure matches 2017–2018, and the simple monthly mean (48.60) is within 0.05 points of the reported annual rate (48.55); no value was changed merely for appearing unusual.",false
2019-02-01,2019,2,Northern Region,resort_region,Northern Region,72.92,235,8,252033,48.55,2019,Annual Statistical Report 2019.pdf,Table 23: Monthly Occupancy Rates in Tourist Hotels by Region – 2019,91,monthly,visual_transcription_image_only_pdf,false,verified_after_visual_review,"Top-level SLTDA resort region retained unchanged. Verified cell-by-cell against rendered Table 23 on PDF page 91; source remains image-only. The seven-region structure matches 2017–2018, and the simple monthly mean (48.60) is within 0.05 points of the reported annual rate (48.55); no value was changed merely for appearing unusual.",false
2019-03-01,2019,3,Northern Region,resort_region,Northern Region,64.86,235,8,244328,48.55,2019,Annual Statistical Report 2019.pdf,Table 23: Monthly Occupancy Rates in Tourist Hotels by Region – 2019,91,monthly,visual_transcription_image_only_pdf,false,verified_after_visual_review,"Top-level SLTDA resort region retained unchanged. Verified cell-by-cell against rendered Table 23 on PDF page 91; source remains image-only. The seven-region structure matches 2017–2018, and the simple monthly mean (48.60) is within 0.05 points of the reported annual rate (48.55); no value was changed merely for appearing unusual.",false
2019-04-01,2019,4,Northern Region,resort_region,Northern Region,49.23,235,8,166975,48.55,2019,Annual Statistical Report 2019.pdf,Table 23: Monthly Occupancy Rates in Tourist Hotels by Region – 2019,91,monthly,visual_transcription_image_only_pdf,false,verified_after_visual_review,"Top-level SLTDA resort region retained unchanged. Verified cell-by-cell against rendered Table 23 on PDF page 91; source remains image-only. The seven-region structure matches 2017–2018, and the simple monthly mean (48.60) is within 0.05 points of the reported annual rate (48.55); no value was changed merely for appearing unusual.",false
2019-05-01,2019,5,Northern Region,resort_region,Northern Region,12.52,235,8,37802,48.55,2019,Annual Statistical Report 2019.pdf,Table 23: Monthly Occupancy Rates in Tourist Hotels by Region – 2019,91,monthly,visual_transcription_image_only_pdf,false,verified_after_visual_review,"Top-level SLTDA resort region retained unchanged. Verified cell-by-cell against rendered Table 23 on PDF page 91; source remains image-only. The seven-region structure matches 2017–2018, and the simple monthly mean (48.60) is within 0.05 points of the reported annual rate (48.55); no value was changed merely for appearing unusual.",false
2019-06-01,2019,6,Northern Region,resort_region,Northern Region,19.35,235,8,63072,48.55,2019,Annual Statistical Report 2019.pdf,Table 23: Monthly Occupancy Rates in Tourist Hotels by Region – 2019,91,monthly,visual_transcription_image_only_pdf,false,verified_after_visual_review,"Top-level SLTDA resort region retained unchanged. Verified cell-by-cell against rendered Table 23 on PDF page 91; source remains image-only. The seven-region structure matches 2017–2018, and the simple monthly mean (48.60) is within 0.05 points of the reported annual rate (48.55); no value was changed merely for appearing unusual.",false
2019-07-01,2019,7,Northern Region,resort_region,Northern Region,38.91,235,8,115701,48.55,2019,Annual Statistical Report 2019.pdf,Table 23: Monthly Occupancy Rates in Tourist Hotels by Region – 2019,91,monthly,visual_transcription_image_only_pdf,false,verified_after_visual_review,"Top-level SLTDA resort region retained unchanged. Verified cell-by-cell against rendered Table 23 on PDF page 91; source remains image-only. The seven-region structure matches 2017–2018, and the simple monthly mean (48.60) is within 0.05 points of the reported annual rate (48.55); no value was changed merely for appearing unusual.",false
2019-08-01,2019,8,Northern Region,resort_region,Northern Region,44.88,235,8,143587,48.55,2019,Annual Statistical Report 2019.pdf,Table 23: Monthly Occupancy Rates in Tourist Hotels by Region – 2019,91,monthly,visual_transcription_image_only_pdf,false,verified_after_visual_review,"Top-level SLTDA resort region retained unchanged. Verified cell-by-cell against rendered Table 23 on PDF page 91; source remains image-only. The seven-region structure matches 2017–2018, and the simple monthly mean (48.60) is within 0.05 points of the reported annual rate (48.55); no value was changed merely for appearing unusual.",false
2019-09-01,2019,9,Northern Region,resort_region,Northern Region,39.63,235,8,108575,48.55,2019,Annual Statistical Report 2019.pdf,Table 23: Monthly Occupancy Rates in Tourist Hotels by Region – 2019,91,monthly,visual_transcription_image_only_pdf,false,verified_after_visual_review,"Top-level SLTDA resort region retained unchanged. Verified cell-by-cell against rendered Table 23 on PDF page 91; source remains image-only. The seven-region structure matches 2017–2018, and the simple monthly mean (48.60) is within 0.05 points of the reported annual rate (48.55); no value was changed merely for appearing unusual.",false
2019-10-01,2019,10,Northern Region,resort_region,Northern Region,42.92,235,8,118743,48.55,2019,Annual Statistical Report 2019.pdf,Table 23: Monthly Occupancy Rates in Tourist Hotels by Region – 2019,91,monthly,visual_transcription_image_only_pdf,false,verified_after_visual_review,"Top-level SLTDA resort region retained unchanged. Verified cell-by-cell against rendered Table 23 on PDF page 91; source remains image-only. The seven-region structure matches 2017–2018, and the simple monthly mean (48.60) is within 0.05 points of the reported annual rate (48.55); no value was changed merely for appearing unusual.",false
2019-11-01,2019,11,Northern Region,resort_region,Northern Region,62.44,235,8,176984,48.55,2019,Annual Statistical Report 2019.pdf,Table 23: Monthly Occupancy Rates in Tourist Hotels by Region – 2019,91,monthly,visual_transcription_image_only_pdf,false,verified_after_visual_review,"Top-level SLTDA resort region retained unchanged. Verified cell-by-cell against rendered Table 23 on PDF page 91; source remains image-only. The seven-region structure matches 2017–2018, and the simple monthly mean (48.60) is within 0.05 points of the reported annual rate (48.55); no value was changed merely for appearing unusual.",false
2019-12-01,2019,12,Northern Region,resort_region,Northern Region,64.86,235,8,241663,48.55,2019,Annual Statistical Report 2019.pdf,Table 23: Monthly Occupancy Rates in Tourist Hotels by Region – 2019,91,monthly,visual_transcription_image_only_pdf,false,verified_after_visual_review,"Top-level SLTDA resort region retained unchanged. Verified cell-by-cell against rendered Table 23 on PDF page 91; source remains image-only. The seven-region structure matches 2017–2018, and the simple monthly mean (48.60) is within 0.05 points of the reported annual rate (48.55); no value was changed merely for appearing unusual.",false
2020-01-01,2020,1,Galle,district,South Coast,87.0,3899,88,228434,23.2,2020,Annual Statistical Report 2020.pdf,Table 21: Monthly Occupancy Rates in Tourist Hotels by District – 2020,92,monthly,pdftotext_layout,false,not_required,Matches the SLTDA South Coast geography. Pandemic-period source observation. Monthly arrivals retain the 2020-report December value of 0; see arrival_reconciliation.csv.,true
2020-02-01,2020,2,Galle,district,South Coast,65.9,3899,88,207507,23.2,2020,Annual Statistical Report 2020.pdf,Table 21: Monthly Occupancy Rates in Tourist Hotels by District – 2020,92,monthly,pdftotext_layout,false,not_required,Matches the SLTDA South Coast geography. Pandemic-period source observation. Monthly arrivals retain the 2020-report December value of 0; see arrival_reconciliation.csv.,true
2020-03-01,2020,3,Galle,district,South Coast,35.2,3899,88,71370,23.2,2020,Annual Statistical Report 2020.pdf,Table 21: Monthly Occupancy Rates in Tourist Hotels by District – 2020,92,monthly,pdftotext_layout,false,not_required,Matches the SLTDA South Coast geography. Pandemic-period source observation. Monthly arrivals retain the 2020-report December value of 0; see arrival_reconciliation.csv.,true
2020-04-01,2020,4,Galle,district,South Coast,3.3,3899,88,0,23.2,2020,Annual Statistical Report 2020.pdf,Table 21: Monthly Occupancy Rates in Tourist Hotels by District – 2020,92,monthly,pdftotext_layout,false,not_required,Matches the SLTDA South Coast geography. Pandemic-period source observation. Monthly arrivals retain the 2020-report December value of 0; see arrival_reconciliation.csv.,true
2020-05-01,2020,5,Galle,district,South Coast,3.6,3899,88,0,23.2,2020,Annual Statistical Report 2020.pdf,Table 21: Monthly Occupancy Rates in Tourist Hotels by District – 2020,92,monthly,pdftotext_layout,false,not_required,Matches the SLTDA South Coast geography. Pandemic-period source observation. Monthly arrivals retain the 2020-report December value of 0; see arrival_reconciliation.csv.,true
2020-06-01,2020,6,Galle,district,South Coast,10.9,3899,88,0,23.2,2020,Annual Statistical Report 2020.pdf,Table 21: Monthly Occupancy Rates in Tourist Hotels by District – 2020,92,monthly,pdftotext_layout,false,not_required,Matches the SLTDA South Coast geography. Pandemic-period source observation. Monthly arrivals retain the 2020-report December value of 0; see arrival_reconciliation.csv.,true
2020-07-01,2020,7,Galle,district,South Coast,15.1,3899,88,0,23.2,2020,Annual Statistical Report 2020.pdf,Table 21: Monthly Occupancy Rates in Tourist Hotels by District – 2020,92,monthly,pdftotext_layout,false,not_required,Matches the SLTDA South Coast geography. Pandemic-period source observation. Monthly arrivals retain the 2020-report December value of 0; see arrival_reconciliation.csv.,true
2020-08-01,2020,8,Galle,district,South Coast,13.1,3899,88,0,23.2,2020,Annual Statistical Report 2020.pdf,Table 21: Monthly Occupancy Rates in Tourist Hotels by District – 2020,92,monthly,pdftotext_layout,false,not_required,Matches the SLTDA South Coast geography. Pandemic-period source observation. Monthly arrivals retain the 2020-report December value of 0; see arrival_reconciliation.csv.,true
2020-09-01,2020,9,Galle,district,South Coast,11.8,3899,88,0,23.2,2020,Annual Statistical Report 2020.pdf,Table 21: Monthly Occupancy Rates in Tourist Hotels by District – 2020,92,monthly,pdftotext_layout,false,not_required,Matches the SLTDA South Coast geography. Pandemic-period source observation. Monthly arrivals retain the 2020-report December value of 0; see arrival_reconciliation.csv.,true
2020-10-01,2020,10,Galle,district,South Coast,12.1,3899,88,0,23.2,2020,Annual Statistical Report 2020.pdf,Table 21: Monthly Occupancy Rates in Tourist Hotels by District – 2020,92,monthly,pdftotext_layout,false,not_required,Matches the SLTDA South Coast geography. Pandemic-period source observation. Monthly arrivals retain the 2020-report December value of 0; see arrival_reconciliation.csv.,true
2020-11-01,2020,11,Galle,district,South Coast,6.9,3899,88,0,23.2,2020,Annual Statistical Report 2020.pdf,Table 21: Monthly Occupancy Rates in Tourist Hotels by District – 2020,92,monthly,pdftotext_layout,false,not_required,Matches the SLTDA South Coast geography. Pandemic-period source observation. Monthly arrivals retain the 2020-report December value of 0; see arrival_reconciliation.csv.,true
2020-12-01,2020,12,Galle,district,South Coast,13.4,3899,88,0,23.2,2020,Annual Statistical Report 2020.pdf,Table 21: Monthly Occupancy Rates in Tourist Hotels by District – 2020,92,monthly,pdftotext_layout,false,not_required,Matches the SLTDA South Coast geography. Pandemic-period source observation. Monthly arrivals retain the 2020-report December value of 0; see arrival_reconciliation.csv.,true
2020-01-01,2020,1,Gampaha,district,Greater Colombo,61.2,1836,38,228434,16.3,2020,Annual Statistical Report 2020.pdf,Table 21: Monthly Occupancy Rates in Tourist Hotels by District – 2020,92,monthly,pdftotext_layout,false,not_required,Defensible approximation to the North of Colombo subregion; district and resort boundaries are not identical. Pandemic-period source observation. Monthly arrivals retain the 2020-report December value of 0; see arrival_reconciliation.csv.,true
2020-02-01,2020,2,Gampaha,district,Greater Colombo,46.3,1836,38,207507,16.3,2020,Annual Statistical Report 2020.pdf,Table 21: Monthly Occupancy Rates in Tourist Hotels by District – 2020,92,monthly,pdftotext_layout,false,not_required,Defensible approximation to the North of Colombo subregion; district and resort boundaries are not identical. Pandemic-period source observation. Monthly arrivals retain the 2020-report December value of 0; see arrival_reconciliation.csv.,true
2020-03-01,2020,3,Gampaha,district,Greater Colombo,24.7,1836,38,71370,16.3,2020,Annual Statistical Report 2020.pdf,Table 21: Monthly Occupancy Rates in Tourist Hotels by District – 2020,92,monthly,pdftotext_layout,false,not_required,Defensible approximation to the North of Colombo subregion; district and resort boundaries are not identical. Pandemic-period source observation. Monthly arrivals retain the 2020-report December value of 0; see arrival_reconciliation.csv.,true
2020-04-01,2020,4,Gampaha,district,Greater Colombo,2.3,1836,38,0,16.3,2020,Annual Statistical Report 2020.pdf,Table 21: Monthly Occupancy Rates in Tourist Hotels by District – 2020,92,monthly,pdftotext_layout,false,not_required,Defensible approximation to the North of Colombo subregion; district and resort boundaries are not identical. Pandemic-period source observation. Monthly arrivals retain the 2020-report December value of 0; see arrival_reconciliation.csv.,true
2020-05-01,2020,5,Gampaha,district,Greater Colombo,2.5,1836,38,0,16.3,2020,Annual Statistical Report 2020.pdf,Table 21: Monthly Occupancy Rates in Tourist Hotels by District – 2020,92,monthly,pdftotext_layout,false,not_required,Defensible approximation to the North of Colombo subregion; district and resort boundaries are not identical. Pandemic-period source observation. Monthly arrivals retain the 2020-report December value of 0; see arrival_reconciliation.csv.,true
2020-06-01,2020,6,Gampaha,district,Greater Colombo,7.7,1836,38,0,16.3,2020,Annual Statistical Report 2020.pdf,Table 21: Monthly Occupancy Rates in Tourist Hotels by District – 2020,92,monthly,pdftotext_layout,false,not_required,Defensible approximation to the North of Colombo subregion; district and resort boundaries are not identical. Pandemic-period source observation. Monthly arrivals retain the 2020-report December value of 0; see arrival_reconciliation.csv.,true
2020-07-01,2020,7,Gampaha,district,Greater Colombo,10.6,1836,38,0,16.3,2020,Annual Statistical Report 2020.pdf,Table 21: Monthly Occupancy Rates in Tourist Hotels by District – 2020,92,monthly,pdftotext_layout,false,not_required,Defensible approximation to the North of Colombo subregion; district and resort boundaries are not identical. Pandemic-period source observation. Monthly arrivals retain the 2020-report December value of 0; see arrival_reconciliation.csv.,true
2020-08-01,2020,8,Gampaha,district,Greater Colombo,9.2,1836,38,0,16.3,2020,Annual Statistical Report 2020.pdf,Table 21: Monthly Occupancy Rates in Tourist Hotels by District – 2020,92,monthly,pdftotext_layout,false,not_required,Defensible approximation to the North of Colombo subregion; district and resort boundaries are not identical. Pandemic-period source observation. Monthly arrivals retain the 2020-report December value of 0; see arrival_reconciliation.csv.,true
2020-09-01,2020,9,Gampaha,district,Greater Colombo,8.3,1836,38,0,16.3,2020,Annual Statistical Report 2020.pdf,Table 21: Monthly Occupancy Rates in Tourist Hotels by District – 2020,92,monthly,pdftotext_layout,false,not_required,Defensible approximation to the North of Colombo subregion; district and resort boundaries are not identical. Pandemic-period source observation. Monthly arrivals retain the 2020-report December value of 0; see arrival_reconciliation.csv.,true
2020-10-01,2020,10,Gampaha,district,Greater Colombo,8.5,1836,38,0,16.3,2020,Annual Statistical Report 2020.pdf,Table 21: Monthly Occupancy Rates in Tourist Hotels by District – 2020,92,monthly,pdftotext_layout,false,not_required,Defensible approximation to the North of Colombo subregion; district and resort boundaries are not identical. Pandemic-period source observation. Monthly arrivals retain the 2020-report December value of 0; see arrival_reconciliation.csv.,true
2020-11-01,2020,11,Gampaha,district,Greater Colombo,4.8,1836,38,0,16.3,2020,Annual Statistical Report 2020.pdf,Table 21: Monthly Occupancy Rates in Tourist Hotels by District – 2020,92,monthly,pdftotext_layout,false,not_required,Defensible approximation to the North of Colombo subregion; district and resort boundaries are not identical. Pandemic-period source observation. Monthly arrivals retain the 2020-report December value of 0; see arrival_reconciliation.csv.,true
2020-12-01,2020,12,Gampaha,district,Greater Colombo,9.4,1836,38,0,16.3,2020,Annual Statistical Report 2020.pdf,Table 21: Monthly Occupancy Rates in Tourist Hotels by District – 2020,92,monthly,pdftotext_layout,false,not_required,Defensible approximation to the North of Colombo subregion; district and resort boundaries are not identical. Pandemic-period source observation. Monthly arrivals retain the 2020-report December value of 0; see arrival_reconciliation.csv.,true
2020-01-01,2020,1,Kandy,district,Ancient Cities,82.5,2040,45,228434,22.0,2020,Annual Statistical Report 2020.pdf,Table 21: Monthly Occupancy Rates in Tourist Hotels by District – 2020,92,monthly,pdftotext_layout,false,not_required,Matches the SLTDA Kandy Area subregion under Ancient Cities. Pandemic-period source observation. Monthly arrivals retain the 2020-report December value of 0; see arrival_reconciliation.csv.,true
2020-02-01,2020,2,Kandy,district,Ancient Cities,62.5,2040,45,207507,22.0,2020,Annual Statistical Report 2020.pdf,Table 21: Monthly Occupancy Rates in Tourist Hotels by District – 2020,92,monthly,pdftotext_layout,false,not_required,Matches the SLTDA Kandy Area subregion under Ancient Cities. Pandemic-period source observation. Monthly arrivals retain the 2020-report December value of 0; see arrival_reconciliation.csv.,true
2020-03-01,2020,3,Kandy,district,Ancient Cities,33.4,2040,45,71370,22.0,2020,Annual Statistical Report 2020.pdf,Table 21: Monthly Occupancy Rates in Tourist Hotels by District – 2020,92,monthly,pdftotext_layout,false,not_required,Matches the SLTDA Kandy Area subregion under Ancient Cities. Pandemic-period source observation. Monthly arrivals retain the 2020-report December value of 0; see arrival_reconciliation.csv.,true
2020-04-01,2020,4,Kandy,district,Ancient Cities,3.1,2040,45,0,22.0,2020,Annual Statistical Report 2020.pdf,Table 21: Monthly Occupancy Rates in Tourist Hotels by District – 2020,92,monthly,pdftotext_layout,false,not_required,Matches the SLTDA Kandy Area subregion under Ancient Cities. Pandemic-period source observation. Monthly arrivals retain the 2020-report December value of 0; see arrival_reconciliation.csv.,true
2020-05-01,2020,5,Kandy,district,Ancient Cities,3.4,2040,45,0,22.0,2020,Annual Statistical Report 2020.pdf,Table 21: Monthly Occupancy Rates in Tourist Hotels by District – 2020,92,monthly,pdftotext_layout,false,not_required,Matches the SLTDA Kandy Area subregion under Ancient Cities. Pandemic-period source observation. Monthly arrivals retain the 2020-report December value of 0; see arrival_reconciliation.csv.,true
2020-06-01,2020,6,Kandy,district,Ancient Cities,10.3,2040,45,0,22.0,2020,Annual Statistical Report 2020.pdf,Table 21: Monthly Occupancy Rates in Tourist Hotels by District – 2020,92,monthly,pdftotext_layout,false,not_required,Matches the SLTDA Kandy Area subregion under Ancient Cities. Pandemic-period source observation. Monthly arrivals retain the 2020-report December value of 0; see arrival_reconciliation.csv.,true
2020-07-01,2020,7,Kandy,district,Ancient Cities,14.3,2040,45,0,22.0,2020,Annual Statistical Report 2020.pdf,Table 21: Monthly Occupancy Rates in Tourist Hotels by District – 2020,92,monthly,pdftotext_layout,false,not_required,Matches the SLTDA Kandy Area subregion under Ancient Cities. Pandemic-period source observation. Monthly arrivals retain the 2020-report December value of 0; see arrival_reconciliation.csv.,true
2020-08-01,2020,8,Kandy,district,Ancient Cities,12.4,2040,45,0,22.0,2020,Annual Statistical Report 2020.pdf,Table 21: Monthly Occupancy Rates in Tourist Hotels by District – 2020,92,monthly,pdftotext_layout,false,not_required,Matches the SLTDA Kandy Area subregion under Ancient Cities. Pandemic-period source observation. Monthly arrivals retain the 2020-report December value of 0; see arrival_reconciliation.csv.,true
2020-09-01,2020,9,Kandy,district,Ancient Cities,11.2,2040,45,0,22.0,2020,Annual Statistical Report 2020.pdf,Table 21: Monthly Occupancy Rates in Tourist Hotels by District – 2020,92,monthly,pdftotext_layout,false,not_required,Matches the SLTDA Kandy Area subregion under Ancient Cities. Pandemic-period source observation. Monthly arrivals retain the 2020-report December value of 0; see arrival_reconciliation.csv.,true
2020-10-01,2020,10,Kandy,district,Ancient Cities,11.5,2040,45,0,22.0,2020,Annual Statistical Report 2020.pdf,Table 21: Monthly Occupancy Rates in Tourist Hotels by District – 2020,92,monthly,pdftotext_layout,false,not_required,Matches the SLTDA Kandy Area subregion under Ancient Cities. Pandemic-period source observation. Monthly arrivals retain the 2020-report December value of 0; see arrival_reconciliation.csv.,true
2020-11-01,2020,11,Kandy,district,Ancient Cities,6.5,2040,45,0,22.0,2020,Annual Statistical Report 2020.pdf,Table 21: Monthly Occupancy Rates in Tourist Hotels by District – 2020,92,monthly,pdftotext_layout,false,not_required,Matches the SLTDA Kandy Area subregion under Ancient Cities. Pandemic-period source observation. Monthly arrivals retain the 2020-report December value of 0; see arrival_reconciliation.csv.,true
2020-12-01,2020,12,Kandy,district,Ancient Cities,12.7,2040,45,0,22.0,2020,Annual Statistical Report 2020.pdf,Table 21: Monthly Occupancy Rates in Tourist Hotels by District – 2020,92,monthly,pdftotext_layout,false,not_required,Matches the SLTDA Kandy Area subregion under Ancient Cities. Pandemic-period source observation. Monthly arrivals retain the 2020-report December value of 0; see arrival_reconciliation.csv.,true
2020-01-01,2020,1,Kalutara,district,Greater Colombo,58.2,2662,37,228434,15.5,2020,Annual Statistical Report 2020.pdf,Table 21: Monthly Occupancy Rates in Tourist Hotels by District – 2020,92,monthly,pdftotext_layout,false,not_required,Defensible approximation to the South of Colombo subregion; district and resort boundaries are not identical. Pandemic-period source observation. Monthly arrivals retain the 2020-report December value of 0; see arrival_reconciliation.csv.,true
2020-02-01,2020,2,Kalutara,district,Greater Colombo,44.0,2662,37,207507,15.5,2020,Annual Statistical Report 2020.pdf,Table 21: Monthly Occupancy Rates in Tourist Hotels by District – 2020,92,monthly,pdftotext_layout,false,not_required,Defensible approximation to the South of Colombo subregion; district and resort boundaries are not identical. Pandemic-period source observation. Monthly arrivals retain the 2020-report December value of 0; see arrival_reconciliation.csv.,true
2020-03-01,2020,3,Kalutara,district,Greater Colombo,23.5,2662,37,71370,15.5,2020,Annual Statistical Report 2020.pdf,Table 21: Monthly Occupancy Rates in Tourist Hotels by District – 2020,92,monthly,pdftotext_layout,false,not_required,Defensible approximation to the South of Colombo subregion; district and resort boundaries are not identical. Pandemic-period source observation. Monthly arrivals retain the 2020-report December value of 0; see arrival_reconciliation.csv.,true
2020-04-01,2020,4,Kalutara,district,Greater Colombo,2.2,2662,37,0,15.5,2020,Annual Statistical Report 2020.pdf,Table 21: Monthly Occupancy Rates in Tourist Hotels by District – 2020,92,monthly,pdftotext_layout,false,not_required,Defensible approximation to the South of Colombo subregion; district and resort boundaries are not identical. Pandemic-period source observation. Monthly arrivals retain the 2020-report December value of 0; see arrival_reconciliation.csv.,true
2020-05-01,2020,5,Kalutara,district,Greater Colombo,2.4,2662,37,0,15.5,2020,Annual Statistical Report 2020.pdf,Table 21: Monthly Occupancy Rates in Tourist Hotels by District – 2020,92,monthly,pdftotext_layout,false,not_required,Defensible approximation to the South of Colombo subregion; district and resort boundaries are not identical. Pandemic-period source observation. Monthly arrivals retain the 2020-report December value of 0; see arrival_reconciliation.csv.,true
2020-06-01,2020,6,Kalutara,district,Greater Colombo,7.3,2662,37,0,15.5,2020,Annual Statistical Report 2020.pdf,Table 21: Monthly Occupancy Rates in Tourist Hotels by District – 2020,92,monthly,pdftotext_layout,false,not_required,Defensible approximation to the South of Colombo subregion; district and resort boundaries are not identical. Pandemic-period source observation. Monthly arrivals retain the 2020-report December value of 0; see arrival_reconciliation.csv.,true
2020-07-01,2020,7,Kalutara,district,Greater Colombo,10.1,2662,37,0,15.5,2020,Annual Statistical Report 2020.pdf,Table 21: Monthly Occupancy Rates in Tourist Hotels by District – 2020,92,monthly,pdftotext_layout,false,not_required,Defensible approximation to the South of Colombo subregion; district and resort boundaries are not identical. Pandemic-period source observation. Monthly arrivals retain the 2020-report December value of 0; see arrival_reconciliation.csv.,true
2020-08-01,2020,8,Kalutara,district,Greater Colombo,8.7,2662,37,0,15.5,2020,Annual Statistical Report 2020.pdf,Table 21: Monthly Occupancy Rates in Tourist Hotels by District – 2020,92,monthly,pdftotext_layout,false,not_required,Defensible approximation to the South of Colombo subregion; district and resort boundaries are not identical. Pandemic-period source observation. Monthly arrivals retain the 2020-report December value of 0; see arrival_reconciliation.csv.,true
2020-09-01,2020,9,Kalutara,district,Greater Colombo,7.9,2662,37,0,15.5,2020,Annual Statistical Report 2020.pdf,Table 21: Monthly Occupancy Rates in Tourist Hotels by District – 2020,92,monthly,pdftotext_layout,false,not_required,Defensible approximation to the South of Colombo subregion; district and resort boundaries are not identical. Pandemic-period source observation. Monthly arrivals retain the 2020-report December value of 0; see arrival_reconciliation.csv.,true
2020-10-01,2020,10,Kalutara,district,Greater Colombo,8.1,2662,37,0,15.5,2020,Annual Statistical Report 2020.pdf,Table 21: Monthly Occupancy Rates in Tourist Hotels by District – 2020,92,monthly,pdftotext_layout,false,not_required,Defensible approximation to the South of Colombo subregion; district and resort boundaries are not identical. Pandemic-period source observation. Monthly arrivals retain the 2020-report December value of 0; see arrival_reconciliation.csv.,true
2020-11-01,2020,11,Kalutara,district,Greater Colombo,4.6,2662,37,0,15.5,2020,Annual Statistical Report 2020.pdf,Table 21: Monthly Occupancy Rates in Tourist Hotels by District – 2020,92,monthly,pdftotext_layout,false,not_required,Defensible approximation to the South of Colombo subregion; district and resort boundaries are not identical. Pandemic-period source observation. Monthly arrivals retain the 2020-report December value of 0; see arrival_reconciliation.csv.,true
2020-12-01,2020,12,Kalutara,district,Greater Colombo,8.9,2662,37,0,15.5,2020,Annual Statistical Report 2020.pdf,Table 21: Monthly Occupancy Rates in Tourist Hotels by District – 2020,92,monthly,pdftotext_layout,false,not_required,Defensible approximation to the South of Colombo subregion; district and resort boundaries are not identical. Pandemic-period source observation. Monthly arrivals retain the 2020-report December value of 0; see arrival_reconciliation.csv.,true
2020-01-01,2020,1,Matale,district,Ancient Cities,62.3,1532,32,228434,16.6,2020,Annual Statistical Report 2020.pdf,Table 21: Monthly Occupancy Rates in Tourist Hotels by District – 2020,92,monthly,pdftotext_layout,false,not_required,Includes locations represented by the Habarana/Sigiriya/Dambulla subregion; district and resort boundaries are not identical. Pandemic-period source observation. Monthly arrivals retain the 2020-report December value of 0; see arrival_reconciliation.csv.,true
2020-02-01,2020,2,Matale,district,Ancient Cities,47.1,1532,32,207507,16.6,2020,Annual Statistical Report 2020.pdf,Table 21: Monthly Occupancy Rates in Tourist Hotels by District – 2020,92,monthly,pdftotext_layout,false,not_required,Includes locations represented by the Habarana/Sigiriya/Dambulla subregion; district and resort boundaries are not identical. Pandemic-period source observation. Monthly arrivals retain the 2020-report December value of 0; see arrival_reconciliation.csv.,true
2020-03-01,2020,3,Matale,district,Ancient Cities,27.2,1532,32,71370,16.6,2020,Annual Statistical Report 2020.pdf,Table 21: Monthly Occupancy Rates in Tourist Hotels by District – 2020,92,monthly,pdftotext_layout,false,not_required,Includes locations represented by the Habarana/Sigiriya/Dambulla subregion; district and resort boundaries are not identical. Pandemic-period source observation. Monthly arrivals retain the 2020-report December value of 0; see arrival_reconciliation.csv.,true
2020-04-01,2020,4,Matale,district,Ancient Cities,2.3,1532,32,0,16.6,2020,Annual Statistical Report 2020.pdf,Table 21: Monthly Occupancy Rates in Tourist Hotels by District – 2020,92,monthly,pdftotext_layout,false,not_required,Includes locations represented by the Habarana/Sigiriya/Dambulla subregion; district and resort boundaries are not identical. Pandemic-period source observation. Monthly arrivals retain the 2020-report December value of 0; see arrival_reconciliation.csv.,true
2020-05-01,2020,5,Matale,district,Ancient Cities,2.6,1532,32,0,16.6,2020,Annual Statistical Report 2020.pdf,Table 21: Monthly Occupancy Rates in Tourist Hotels by District – 2020,92,monthly,pdftotext_layout,false,not_required,Includes locations represented by the Habarana/Sigiriya/Dambulla subregion; district and resort boundaries are not identical. Pandemic-period source observation. Monthly arrivals retain the 2020-report December value of 0; see arrival_reconciliation.csv.,true
2020-06-01,2020,6,Matale,district,Ancient Cities,7.8,1532,32,0,16.6,2020,Annual Statistical Report 2020.pdf,Table 21: Monthly Occupancy Rates in Tourist Hotels by District – 2020,92,monthly,pdftotext_layout,false,not_required,Includes locations represented by the Habarana/Sigiriya/Dambulla subregion; district and resort boundaries are not identical. Pandemic-period source observation. Monthly arrivals retain the 2020-report December value of 0; see arrival_reconciliation.csv.,true
2020-07-01,2020,7,Matale,district,Ancient Cities,10.8,1532,32,0,16.6,2020,Annual Statistical Report 2020.pdf,Table 21: Monthly Occupancy Rates in Tourist Hotels by District – 2020,92,monthly,pdftotext_layout,false,not_required,Includes locations represented by the Habarana/Sigiriya/Dambulla subregion; district and resort boundaries are not identical. Pandemic-period source observation. Monthly arrivals retain the 2020-report December value of 0; see arrival_reconciliation.csv.,true
2020-08-01,2020,8,Matale,district,Ancient Cities,9.4,1532,32,0,16.6,2020,Annual Statistical Report 2020.pdf,Table 21: Monthly Occupancy Rates in Tourist Hotels by District – 2020,92,monthly,pdftotext_layout,false,not_required,Includes locations represented by the Habarana/Sigiriya/Dambulla subregion; district and resort boundaries are not identical. Pandemic-period source observation. Monthly arrivals retain the 2020-report December value of 0; see arrival_reconciliation.csv.,true
2020-09-01,2020,9,Matale,district,Ancient Cities,8.5,1532,32,0,16.6,2020,Annual Statistical Report 2020.pdf,Table 21: Monthly Occupancy Rates in Tourist Hotels by District – 2020,92,monthly,pdftotext_layout,false,not_required,Includes locations represented by the Habarana/Sigiriya/Dambulla subregion; district and resort boundaries are not identical. Pandemic-period source observation. Monthly arrivals retain the 2020-report December value of 0; see arrival_reconciliation.csv.,true
2020-10-01,2020,10,Matale,district,Ancient Cities,8.7,1532,32,0,16.6,2020,Annual Statistical Report 2020.pdf,Table 21: Monthly Occupancy Rates in Tourist Hotels by District – 2020,92,monthly,pdftotext_layout,false,not_required,Includes locations represented by the Habarana/Sigiriya/Dambulla subregion; district and resort boundaries are not identical. Pandemic-period source observation. Monthly arrivals retain the 2020-report December value of 0; see arrival_reconciliation.csv.,true
2020-11-01,2020,11,Matale,district,Ancient Cities,4.9,1532,32,0,16.6,2020,Annual Statistical Report 2020.pdf,Table 21: Monthly Occupancy Rates in Tourist Hotels by District – 2020,92,monthly,pdftotext_layout,false,not_required,Includes locations represented by the Habarana/Sigiriya/Dambulla subregion; district and resort boundaries are not identical. Pandemic-period source observation. Monthly arrivals retain the 2020-report December value of 0; see arrival_reconciliation.csv.,true
2020-12-01,2020,12,Matale,district,Ancient Cities,9.6,1532,32,0,16.6,2020,Annual Statistical Report 2020.pdf,Table 21: Monthly Occupancy Rates in Tourist Hotels by District – 2020,92,monthly,pdftotext_layout,false,not_required,Includes locations represented by the Habarana/Sigiriya/Dambulla subregion; district and resort boundaries are not identical. Pandemic-period source observation. Monthly arrivals retain the 2020-report December value of 0; see arrival_reconciliation.csv.,true
2020-01-01,2020,1,Hambantota,district,South Coast,63.4,1212,28,228434,16.9,2020,Annual Statistical Report 2020.pdf,Table 21: Monthly Occupancy Rates in Tourist Hotels by District – 2020,92,monthly,pdftotext_layout,false,not_required,Matches the SLTDA South Coast geography. Pandemic-period source observation. Monthly arrivals retain the 2020-report December value of 0; see arrival_reconciliation.csv.,true
2020-02-01,2020,2,Hambantota,district,South Coast,48.0,1212,28,207507,16.9,2020,Annual Statistical Report 2020.pdf,Table 21: Monthly Occupancy Rates in Tourist Hotels by District – 2020,92,monthly,pdftotext_layout,false,not_required,Matches the SLTDA South Coast geography. Pandemic-period source observation. Monthly arrivals retain the 2020-report December value of 0; see arrival_reconciliation.csv.,true
2020-03-01,2020,3,Hambantota,district,South Coast,25.6,1212,28,71370,16.9,2020,Annual Statistical Report 2020.pdf,Table 21: Monthly Occupancy Rates in Tourist Hotels by District – 2020,92,monthly,pdftotext_layout,false,not_required,Matches the SLTDA South Coast geography. Pandemic-period source observation. Monthly arrivals retain the 2020-report December value of 0; see arrival_reconciliation.csv.,true
2020-04-01,2020,4,Hambantota,district,South Coast,2.4,1212,28,0,16.9,2020,Annual Statistical Report 2020.pdf,Table 21: Monthly Occupancy Rates in Tourist Hotels by District – 2020,92,monthly,pdftotext_layout,false,not_required,Matches the SLTDA South Coast geography. Pandemic-period source observation. Monthly arrivals retain the 2020-report December value of 0; see arrival_reconciliation.csv.,true
2020-05-01,2020,5,Hambantota,district,South Coast,2.6,1212,28,0,16.9,2020,Annual Statistical Report 2020.pdf,Table 21: Monthly Occupancy Rates in Tourist Hotels by District – 2020,92,monthly,pdftotext_layout,false,not_required,Matches the SLTDA South Coast geography. Pandemic-period source observation. Monthly arrivals retain the 2020-report December value of 0; see arrival_reconciliation.csv.,true
2020-06-01,2020,6,Hambantota,district,South Coast,7.9,1212,28,0,16.9,2020,Annual Statistical Report 2020.pdf,Table 21: Monthly Occupancy Rates in Tourist Hotels by District – 2020,92,monthly,pdftotext_layout,false,not_required,Matches the SLTDA South Coast geography. Pandemic-period source observation. Monthly arrivals retain the 2020-report December value of 0; see arrival_reconciliation.csv.,true
2020-07-01,2020,7,Hambantota,district,South Coast,11.0,1212,28,0,16.9,2020,Annual Statistical Report 2020.pdf,Table 21: Monthly Occupancy Rates in Tourist Hotels by District – 2020,92,monthly,pdftotext_layout,false,not_required,Matches the SLTDA South Coast geography. Pandemic-period source observation. Monthly arrivals retain the 2020-report December value of 0; see arrival_reconciliation.csv.,true
2020-08-01,2020,8,Hambantota,district,South Coast,9.5,1212,28,0,16.9,2020,Annual Statistical Report 2020.pdf,Table 21: Monthly Occupancy Rates in Tourist Hotels by District – 2020,92,monthly,pdftotext_layout,false,not_required,Matches the SLTDA South Coast geography. Pandemic-period source observation. Monthly arrivals retain the 2020-report December value of 0; see arrival_reconciliation.csv.,true
2020-09-01,2020,9,Hambantota,district,South Coast,8.6,1212,28,0,16.9,2020,Annual Statistical Report 2020.pdf,Table 21: Monthly Occupancy Rates in Tourist Hotels by District – 2020,92,monthly,pdftotext_layout,false,not_required,Matches the SLTDA South Coast geography. Pandemic-period source observation. Monthly arrivals retain the 2020-report December value of 0; see arrival_reconciliation.csv.,true
2020-10-01,2020,10,Hambantota,district,South Coast,8.8,1212,28,0,16.9,2020,Annual Statistical Report 2020.pdf,Table 21: Monthly Occupancy Rates in Tourist Hotels by District – 2020,92,monthly,pdftotext_layout,false,not_required,Matches the SLTDA South Coast geography. Pandemic-period source observation. Monthly arrivals retain the 2020-report December value of 0; see arrival_reconciliation.csv.,true
2020-11-01,2020,11,Hambantota,district,South Coast,5.0,1212,28,0,16.9,2020,Annual Statistical Report 2020.pdf,Table 21: Monthly Occupancy Rates in Tourist Hotels by District – 2020,92,monthly,pdftotext_layout,false,not_required,Matches the SLTDA South Coast geography. Pandemic-period source observation. Monthly arrivals retain the 2020-report December value of 0; see arrival_reconciliation.csv.,true
2020-12-01,2020,12,Hambantota,district,South Coast,9.8,1212,28,0,16.9,2020,Annual Statistical Report 2020.pdf,Table 21: Monthly Occupancy Rates in Tourist Hotels by District – 2020,92,monthly,pdftotext_layout,false,not_required,Matches the SLTDA South Coast geography. Pandemic-period source observation. Monthly arrivals retain the 2020-report December value of 0; see arrival_reconciliation.csv.,true
2020-01-01,2020,1,Nuwara Eliya,district,Hill Country,61.8,1117,29,228434,15.4,2020,Annual Statistical Report 2020.pdf,Table 21: Monthly Occupancy Rates in Tourist Hotels by District – 2020,92,monthly,pdftotext_layout,false,not_required,SLTDA Hill Country geography. Pandemic-period source observation. Monthly arrivals retain the 2020-report December value of 0; see arrival_reconciliation.csv.,true
2020-02-01,2020,2,Nuwara Eliya,district,Hill Country,43.7,1117,29,207507,15.4,2020,Annual Statistical Report 2020.pdf,Table 21: Monthly Occupancy Rates in Tourist Hotels by District – 2020,92,monthly,pdftotext_layout,false,not_required,SLTDA Hill Country geography. Pandemic-period source observation. Monthly arrivals retain the 2020-report December value of 0; see arrival_reconciliation.csv.,true
2020-03-01,2020,3,Nuwara Eliya,district,Hill Country,23.4,1117,29,71370,15.4,2020,Annual Statistical Report 2020.pdf,Table 21: Monthly Occupancy Rates in Tourist Hotels by District – 2020,92,monthly,pdftotext_layout,false,not_required,SLTDA Hill Country geography. Pandemic-period source observation. Monthly arrivals retain the 2020-report December value of 0; see arrival_reconciliation.csv.,true
2020-04-01,2020,4,Nuwara Eliya,district,Hill Country,2.2,1117,29,0,15.4,2020,Annual Statistical Report 2020.pdf,Table 21: Monthly Occupancy Rates in Tourist Hotels by District – 2020,92,monthly,pdftotext_layout,false,not_required,SLTDA Hill Country geography. Pandemic-period source observation. Monthly arrivals retain the 2020-report December value of 0; see arrival_reconciliation.csv.,true
2020-05-01,2020,5,Nuwara Eliya,district,Hill Country,2.4,1117,29,0,15.4,2020,Annual Statistical Report 2020.pdf,Table 21: Monthly Occupancy Rates in Tourist Hotels by District – 2020,92,monthly,pdftotext_layout,false,not_required,SLTDA Hill Country geography. Pandemic-period source observation. Monthly arrivals retain the 2020-report December value of 0; see arrival_reconciliation.csv.,true
2020-06-01,2020,6,Nuwara Eliya,district,Hill Country,7.2,1117,29,0,15.4,2020,Annual Statistical Report 2020.pdf,Table 21: Monthly Occupancy Rates in Tourist Hotels by District – 2020,92,monthly,pdftotext_layout,false,not_required,SLTDA Hill Country geography. Pandemic-period source observation. Monthly arrivals retain the 2020-report December value of 0; see arrival_reconciliation.csv.,true
2020-07-01,2020,7,Nuwara Eliya,district,Hill Country,10.0,1117,29,0,15.4,2020,Annual Statistical Report 2020.pdf,Table 21: Monthly Occupancy Rates in Tourist Hotels by District – 2020,92,monthly,pdftotext_layout,false,not_required,SLTDA Hill Country geography. Pandemic-period source observation. Monthly arrivals retain the 2020-report December value of 0; see arrival_reconciliation.csv.,true
2020-08-01,2020,8,Nuwara Eliya,district,Hill Country,8.7,1117,29,0,15.4,2020,Annual Statistical Report 2020.pdf,Table 21: Monthly Occupancy Rates in Tourist Hotels by District – 2020,92,monthly,pdftotext_layout,false,not_required,SLTDA Hill Country geography. Pandemic-period source observation. Monthly arrivals retain the 2020-report December value of 0; see arrival_reconciliation.csv.,true
2020-09-01,2020,9,Nuwara Eliya,district,Hill Country,7.9,1117,29,0,15.4,2020,Annual Statistical Report 2020.pdf,Table 21: Monthly Occupancy Rates in Tourist Hotels by District – 2020,92,monthly,pdftotext_layout,false,not_required,SLTDA Hill Country geography. Pandemic-period source observation. Monthly arrivals retain the 2020-report December value of 0; see arrival_reconciliation.csv.,true
2020-10-01,2020,10,Nuwara Eliya,district,Hill Country,8.1,1117,29,0,15.4,2020,Annual Statistical Report 2020.pdf,Table 21: Monthly Occupancy Rates in Tourist Hotels by District – 2020,92,monthly,pdftotext_layout,false,not_required,SLTDA Hill Country geography. Pandemic-period source observation. Monthly arrivals retain the 2020-report December value of 0; see arrival_reconciliation.csv.,true
2020-11-01,2020,11,Nuwara Eliya,district,Hill Country,4.5,1117,29,0,15.4,2020,Annual Statistical Report 2020.pdf,Table 21: Monthly Occupancy Rates in Tourist Hotels by District – 2020,92,monthly,pdftotext_layout,false,not_required,SLTDA Hill Country geography. Pandemic-period source observation. Monthly arrivals retain the 2020-report December value of 0; see arrival_reconciliation.csv.,true
2020-12-01,2020,12,Nuwara Eliya,district,Hill Country,8.9,1117,29,0,15.4,2020,Annual Statistical Report 2020.pdf,Table 21: Monthly Occupancy Rates in Tourist Hotels by District – 2020,92,monthly,pdftotext_layout,false,not_required,SLTDA Hill Country geography. Pandemic-period source observation. Monthly arrivals retain the 2020-report December value of 0; see arrival_reconciliation.csv.,true
2020-01-01,2020,1,Matara,district,South Coast,63.0,615,17,228434,16.8,2020,Annual Statistical Report 2020.pdf,Table 21: Monthly Occupancy Rates in Tourist Hotels by District – 2020,92,monthly,pdftotext_layout,false,not_required,Matches the SLTDA South Coast geography. Pandemic-period source observation. Monthly arrivals retain the 2020-report December value of 0; see arrival_reconciliation.csv.,true
2020-02-01,2020,2,Matara,district,South Coast,47.7,615,17,207507,16.8,2020,Annual Statistical Report 2020.pdf,Table 21: Monthly Occupancy Rates in Tourist Hotels by District – 2020,92,monthly,pdftotext_layout,false,not_required,Matches the SLTDA South Coast geography. Pandemic-period source observation. Monthly arrivals retain the 2020-report December value of 0; see arrival_reconciliation.csv.,true
2020-03-01,2020,3,Matara,district,South Coast,25.5,615,17,71370,16.8,2020,Annual Statistical Report 2020.pdf,Table 21: Monthly Occupancy Rates in Tourist Hotels by District – 2020,92,monthly,pdftotext_layout,false,not_required,Matches the SLTDA South Coast geography. Pandemic-period source observation. Monthly arrivals retain the 2020-report December value of 0; see arrival_reconciliation.csv.,true
2020-04-01,2020,4,Matara,district,South Coast,2.8,615,17,0,16.8,2020,Annual Statistical Report 2020.pdf,Table 21: Monthly Occupancy Rates in Tourist Hotels by District – 2020,92,monthly,pdftotext_layout,false,not_required,Matches the SLTDA South Coast geography. Pandemic-period source observation. Monthly arrivals retain the 2020-report December value of 0; see arrival_reconciliation.csv.,true
2020-05-01,2020,5,Matara,district,South Coast,2.6,615,17,0,16.8,2020,Annual Statistical Report 2020.pdf,Table 21: Monthly Occupancy Rates in Tourist Hotels by District – 2020,92,monthly,pdftotext_layout,false,not_required,Matches the SLTDA South Coast geography. Pandemic-period source observation. Monthly arrivals retain the 2020-report December value of 0; see arrival_reconciliation.csv.,true
2020-06-01,2020,6,Matara,district,South Coast,7.9,615,17,0,16.8,2020,Annual Statistical Report 2020.pdf,Table 21: Monthly Occupancy Rates in Tourist Hotels by District – 2020,92,monthly,pdftotext_layout,false,not_required,Matches the SLTDA South Coast geography. Pandemic-period source observation. Monthly arrivals retain the 2020-report December value of 0; see arrival_reconciliation.csv.,true
2020-07-01,2020,7,Matara,district,South Coast,10.9,615,17,0,16.8,2020,Annual Statistical Report 2020.pdf,Table 21: Monthly Occupancy Rates in Tourist Hotels by District – 2020,92,monthly,pdftotext_layout,false,not_required,Matches the SLTDA South Coast geography. Pandemic-period source observation. Monthly arrivals retain the 2020-report December value of 0; see arrival_reconciliation.csv.,true
2020-08-01,2020,8,Matara,district,South Coast,9.5,615,17,0,16.8,2020,Annual Statistical Report 2020.pdf,Table 21: Monthly Occupancy Rates in Tourist Hotels by District – 2020,92,monthly,pdftotext_layout,false,not_required,Matches the SLTDA South Coast geography. Pandemic-period source observation. Monthly arrivals retain the 2020-report December value of 0; see arrival_reconciliation.csv.,true
2020-09-01,2020,9,Matara,district,South Coast,8.6,615,17,0,16.8,2020,Annual Statistical Report 2020.pdf,Table 21: Monthly Occupancy Rates in Tourist Hotels by District – 2020,92,monthly,pdftotext_layout,false,not_required,Matches the SLTDA South Coast geography. Pandemic-period source observation. Monthly arrivals retain the 2020-report December value of 0; see arrival_reconciliation.csv.,true
2020-10-01,2020,10,Matara,district,South Coast,8.8,615,17,0,16.8,2020,Annual Statistical Report 2020.pdf,Table 21: Monthly Occupancy Rates in Tourist Hotels by District – 2020,92,monthly,pdftotext_layout,false,not_required,Matches the SLTDA South Coast geography. Pandemic-period source observation. Monthly arrivals retain the 2020-report December value of 0; see arrival_reconciliation.csv.,true
2020-11-01,2020,11,Matara,district,South Coast,5.0,615,17,0,16.8,2020,Annual Statistical Report 2020.pdf,Table 21: Monthly Occupancy Rates in Tourist Hotels by District – 2020,92,monthly,pdftotext_layout,false,not_required,Matches the SLTDA South Coast geography. Pandemic-period source observation. Monthly arrivals retain the 2020-report December value of 0; see arrival_reconciliation.csv.,true
2020-12-01,2020,12,Matara,district,South Coast,9.7,615,17,0,16.8,2020,Annual Statistical Report 2020.pdf,Table 21: Monthly Occupancy Rates in Tourist Hotels by District – 2020,92,monthly,pdftotext_layout,false,not_required,Matches the SLTDA South Coast geography. Pandemic-period source observation. Monthly arrivals retain the 2020-report December value of 0; see arrival_reconciliation.csv.,true
2020-01-01,2020,1,Badulla,district,Hill Country,64.5,286,11,228434,17.2,2020,Annual Statistical Report 2020.pdf,Table 21: Monthly Occupancy Rates in Tourist Hotels by District – 2020,92,monthly,pdftotext_layout,false,not_required,Central highlands association; retained as an explicit reviewable mapping. Pandemic-period source observation. Monthly arrivals retain the 2020-report December value of 0; see arrival_reconciliation.csv.,true
2020-02-01,2020,2,Badulla,district,Hill Country,54.4,286,11,207507,17.2,2020,Annual Statistical Report 2020.pdf,Table 21: Monthly Occupancy Rates in Tourist Hotels by District – 2020,92,monthly,pdftotext_layout,false,not_required,Central highlands association; retained as an explicit reviewable mapping. Pandemic-period source observation. Monthly arrivals retain the 2020-report December value of 0; see arrival_reconciliation.csv.,true
2020-03-01,2020,3,Badulla,district,Hill Country,26.1,286,11,71370,17.2,2020,Annual Statistical Report 2020.pdf,Table 21: Monthly Occupancy Rates in Tourist Hotels by District – 2020,92,monthly,pdftotext_layout,false,not_required,Central highlands association; retained as an explicit reviewable mapping. Pandemic-period source observation. Monthly arrivals retain the 2020-report December value of 0; see arrival_reconciliation.csv.,true
2020-04-01,2020,4,Badulla,district,Hill Country,2.4,286,11,0,17.2,2020,Annual Statistical Report 2020.pdf,Table 21: Monthly Occupancy Rates in Tourist Hotels by District – 2020,92,monthly,pdftotext_layout,false,not_required,Central highlands association; retained as an explicit reviewable mapping. Pandemic-period source observation. Monthly arrivals retain the 2020-report December value of 0; see arrival_reconciliation.csv.,true
2020-05-01,2020,5,Badulla,district,Hill Country,2.7,286,11,0,17.2,2020,Annual Statistical Report 2020.pdf,Table 21: Monthly Occupancy Rates in Tourist Hotels by District – 2020,92,monthly,pdftotext_layout,false,not_required,Central highlands association; retained as an explicit reviewable mapping. Pandemic-period source observation. Monthly arrivals retain the 2020-report December value of 0; see arrival_reconciliation.csv.,true
2020-06-01,2020,6,Badulla,district,Hill Country,8.1,286,11,0,17.2,2020,Annual Statistical Report 2020.pdf,Table 21: Monthly Occupancy Rates in Tourist Hotels by District – 2020,92,monthly,pdftotext_layout,false,not_required,Central highlands association; retained as an explicit reviewable mapping. Pandemic-period source observation. Monthly arrivals retain the 2020-report December value of 0; see arrival_reconciliation.csv.,true
2020-07-01,2020,7,Badulla,district,Hill Country,11.2,286,11,0,17.2,2020,Annual Statistical Report 2020.pdf,Table 21: Monthly Occupancy Rates in Tourist Hotels by District – 2020,92,monthly,pdftotext_layout,false,not_required,Central highlands association; retained as an explicit reviewable mapping. Pandemic-period source observation. Monthly arrivals retain the 2020-report December value of 0; see arrival_reconciliation.csv.,true
2020-08-01,2020,8,Badulla,district,Hill Country,9.7,286,11,0,17.2,2020,Annual Statistical Report 2020.pdf,Table 21: Monthly Occupancy Rates in Tourist Hotels by District – 2020,92,monthly,pdftotext_layout,false,not_required,Central highlands association; retained as an explicit reviewable mapping. Pandemic-period source observation. Monthly arrivals retain the 2020-report December value of 0; see arrival_reconciliation.csv.,true
2020-09-01,2020,9,Badulla,district,Hill Country,8.8,286,11,0,17.2,2020,Annual Statistical Report 2020.pdf,Table 21: Monthly Occupancy Rates in Tourist Hotels by District – 2020,92,monthly,pdftotext_layout,false,not_required,Central highlands association; retained as an explicit reviewable mapping. Pandemic-period source observation. Monthly arrivals retain the 2020-report December value of 0; see arrival_reconciliation.csv.,true
2020-10-01,2020,10,Badulla,district,Hill Country,9.0,286,11,0,17.2,2020,Annual Statistical Report 2020.pdf,Table 21: Monthly Occupancy Rates in Tourist Hotels by District – 2020,92,monthly,pdftotext_layout,false,not_required,Central highlands association; retained as an explicit reviewable mapping. Pandemic-period source observation. Monthly arrivals retain the 2020-report December value of 0; see arrival_reconciliation.csv.,true
2020-11-01,2020,11,Badulla,district,Hill Country,5.1,286,11,0,17.2,2020,Annual Statistical Report 2020.pdf,Table 21: Monthly Occupancy Rates in Tourist Hotels by District – 2020,92,monthly,pdftotext_layout,false,not_required,Central highlands association; retained as an explicit reviewable mapping. Pandemic-period source observation. Monthly arrivals retain the 2020-report December value of 0; see arrival_reconciliation.csv.,true
2020-12-01,2020,12,Badulla,district,Hill Country,9.9,286,11,0,17.2,2020,Annual Statistical Report 2020.pdf,Table 21: Monthly Occupancy Rates in Tourist Hotels by District – 2020,92,monthly,pdftotext_layout,false,not_required,Central highlands association; retained as an explicit reviewable mapping. Pandemic-period source observation. Monthly arrivals retain the 2020-report December value of 0; see arrival_reconciliation.csv.,true
2020-01-01,2020,1,Anuradhapura,district,Ancient Cities,63.4,695,16,228434,16.9,2020,Annual Statistical Report 2020.pdf,Table 21: Monthly Occupancy Rates in Tourist Hotels by District – 2020,92,monthly,pdftotext_layout,false,not_required,Matches the SLTDA Anuradhapura Area subregion. Pandemic-period source observation. Monthly arrivals retain the 2020-report December value of 0; see arrival_reconciliation.csv.,true
2020-02-01,2020,2,Anuradhapura,district,Ancient Cities,51.4,695,16,207507,16.9,2020,Annual Statistical Report 2020.pdf,Table 21: Monthly Occupancy Rates in Tourist Hotels by District – 2020,92,monthly,pdftotext_layout,false,not_required,Matches the SLTDA Anuradhapura Area subregion. Pandemic-period source observation. Monthly arrivals retain the 2020-report December value of 0; see arrival_reconciliation.csv.,true
2020-03-01,2020,3,Anuradhapura,district,Ancient Cities,25.6,695,16,71370,16.9,2020,Annual Statistical Report 2020.pdf,Table 21: Monthly Occupancy Rates in Tourist Hotels by District – 2020,92,monthly,pdftotext_layout,false,not_required,Matches the SLTDA Anuradhapura Area subregion. Pandemic-period source observation. Monthly arrivals retain the 2020-report December value of 0; see arrival_reconciliation.csv.,true
2020-04-01,2020,4,Anuradhapura,district,Ancient Cities,2.9,695,16,0,16.9,2020,Annual Statistical Report 2020.pdf,Table 21: Monthly Occupancy Rates in Tourist Hotels by District – 2020,92,monthly,pdftotext_layout,false,not_required,Matches the SLTDA Anuradhapura Area subregion. Pandemic-period source observation. Monthly arrivals retain the 2020-report December value of 0; see arrival_reconciliation.csv.,true
2020-05-01,2020,5,Anuradhapura,district,Ancient Cities,2.6,695,16,0,16.9,2020,Annual Statistical Report 2020.pdf,Table 21: Monthly Occupancy Rates in Tourist Hotels by District – 2020,92,monthly,pdftotext_layout,false,not_required,Matches the SLTDA Anuradhapura Area subregion. Pandemic-period source observation. Monthly arrivals retain the 2020-report December value of 0; see arrival_reconciliation.csv.,true
2020-06-01,2020,6,Anuradhapura,district,Ancient Cities,7.9,695,16,0,16.9,2020,Annual Statistical Report 2020.pdf,Table 21: Monthly Occupancy Rates in Tourist Hotels by District – 2020,92,monthly,pdftotext_layout,false,not_required,Matches the SLTDA Anuradhapura Area subregion. Pandemic-period source observation. Monthly arrivals retain the 2020-report December value of 0; see arrival_reconciliation.csv.,true
2020-07-01,2020,7,Anuradhapura,district,Ancient Cities,11.0,695,16,0,16.9,2020,Annual Statistical Report 2020.pdf,Table 21: Monthly Occupancy Rates in Tourist Hotels by District – 2020,92,monthly,pdftotext_layout,false,not_required,Matches the SLTDA Anuradhapura Area subregion. Pandemic-period source observation. Monthly arrivals retain the 2020-report December value of 0; see arrival_reconciliation.csv.,true
2020-08-01,2020,8,Anuradhapura,district,Ancient Cities,9.5,695,16,0,16.9,2020,Annual Statistical Report 2020.pdf,Table 21: Monthly Occupancy Rates in Tourist Hotels by District – 2020,92,monthly,pdftotext_layout,false,not_required,Matches the SLTDA Anuradhapura Area subregion. Pandemic-period source observation. Monthly arrivals retain the 2020-report December value of 0; see arrival_reconciliation.csv.,true
2020-09-01,2020,9,Anuradhapura,district,Ancient Cities,8.6,695,16,0,16.9,2020,Annual Statistical Report 2020.pdf,Table 21: Monthly Occupancy Rates in Tourist Hotels by District – 2020,92,monthly,pdftotext_layout,false,not_required,Matches the SLTDA Anuradhapura Area subregion. Pandemic-period source observation. Monthly arrivals retain the 2020-report December value of 0; see arrival_reconciliation.csv.,true
2020-10-01,2020,10,Anuradhapura,district,Ancient Cities,8.8,695,16,0,16.9,2020,Annual Statistical Report 2020.pdf,Table 21: Monthly Occupancy Rates in Tourist Hotels by District – 2020,92,monthly,pdftotext_layout,false,not_required,Matches the SLTDA Anuradhapura Area subregion. Pandemic-period source observation. Monthly arrivals retain the 2020-report December value of 0; see arrival_reconciliation.csv.,true
2020-11-01,2020,11,Anuradhapura,district,Ancient Cities,5.0,695,16,0,16.9,2020,Annual Statistical Report 2020.pdf,Table 21: Monthly Occupancy Rates in Tourist Hotels by District – 2020,92,monthly,pdftotext_layout,false,not_required,Matches the SLTDA Anuradhapura Area subregion. Pandemic-period source observation. Monthly arrivals retain the 2020-report December value of 0; see arrival_reconciliation.csv.,true
2020-12-01,2020,12,Anuradhapura,district,Ancient Cities,9.8,695,16,0,16.9,2020,Annual Statistical Report 2020.pdf,Table 21: Monthly Occupancy Rates in Tourist Hotels by District – 2020,92,monthly,pdftotext_layout,false,not_required,Matches the SLTDA Anuradhapura Area subregion. Pandemic-period source observation. Monthly arrivals retain the 2020-report December value of 0; see arrival_reconciliation.csv.,true
2020-01-01,2020,1,Batticaloa,district,East Coast,69.9,648,14,228434,18.1,2020,Annual Statistical Report 2020.pdf,Table 21: Monthly Occupancy Rates in Tourist Hotels by District – 2020,92,monthly,pdftotext_layout,false,not_required,SLTDA East Coast geography. Pandemic-period source observation. Monthly arrivals retain the 2020-report December value of 0; see arrival_reconciliation.csv.,true
2020-02-01,2020,2,Batticaloa,district,East Coast,51.4,648,14,207507,18.1,2020,Annual Statistical Report 2020.pdf,Table 21: Monthly Occupancy Rates in Tourist Hotels by District – 2020,92,monthly,pdftotext_layout,false,not_required,SLTDA East Coast geography. Pandemic-period source observation. Monthly arrivals retain the 2020-report December value of 0; see arrival_reconciliation.csv.,true
2020-03-01,2020,3,Batticaloa,district,East Coast,27.5,648,14,71370,18.1,2020,Annual Statistical Report 2020.pdf,Table 21: Monthly Occupancy Rates in Tourist Hotels by District – 2020,92,monthly,pdftotext_layout,false,not_required,SLTDA East Coast geography. Pandemic-period source observation. Monthly arrivals retain the 2020-report December value of 0; see arrival_reconciliation.csv.,true
2020-04-01,2020,4,Batticaloa,district,East Coast,2.6,648,14,0,18.1,2020,Annual Statistical Report 2020.pdf,Table 21: Monthly Occupancy Rates in Tourist Hotels by District – 2020,92,monthly,pdftotext_layout,false,not_required,SLTDA East Coast geography. Pandemic-period source observation. Monthly arrivals retain the 2020-report December value of 0; see arrival_reconciliation.csv.,true
2020-05-01,2020,5,Batticaloa,district,East Coast,2.8,648,14,0,18.1,2020,Annual Statistical Report 2020.pdf,Table 21: Monthly Occupancy Rates in Tourist Hotels by District – 2020,92,monthly,pdftotext_layout,false,not_required,SLTDA East Coast geography. Pandemic-period source observation. Monthly arrivals retain the 2020-report December value of 0; see arrival_reconciliation.csv.,true
2020-06-01,2020,6,Batticaloa,district,East Coast,8.5,648,14,0,18.1,2020,Annual Statistical Report 2020.pdf,Table 21: Monthly Occupancy Rates in Tourist Hotels by District – 2020,92,monthly,pdftotext_layout,false,not_required,SLTDA East Coast geography. Pandemic-period source observation. Monthly arrivals retain the 2020-report December value of 0; see arrival_reconciliation.csv.,true
2020-07-01,2020,7,Batticaloa,district,East Coast,11.8,648,14,0,18.1,2020,Annual Statistical Report 2020.pdf,Table 21: Monthly Occupancy Rates in Tourist Hotels by District – 2020,92,monthly,pdftotext_layout,false,not_required,SLTDA East Coast geography. Pandemic-period source observation. Monthly arrivals retain the 2020-report December value of 0; see arrival_reconciliation.csv.,true
2020-08-01,2020,8,Batticaloa,district,East Coast,10.2,648,14,0,18.1,2020,Annual Statistical Report 2020.pdf,Table 21: Monthly Occupancy Rates in Tourist Hotels by District – 2020,92,monthly,pdftotext_layout,false,not_required,SLTDA East Coast geography. Pandemic-period source observation. Monthly arrivals retain the 2020-report December value of 0; see arrival_reconciliation.csv.,true
2020-09-01,2020,9,Batticaloa,district,East Coast,9.2,648,14,0,18.1,2020,Annual Statistical Report 2020.pdf,Table 21: Monthly Occupancy Rates in Tourist Hotels by District – 2020,92,monthly,pdftotext_layout,false,not_required,SLTDA East Coast geography. Pandemic-period source observation. Monthly arrivals retain the 2020-report December value of 0; see arrival_reconciliation.csv.,true
2020-10-01,2020,10,Batticaloa,district,East Coast,9.5,648,14,0,18.1,2020,Annual Statistical Report 2020.pdf,Table 21: Monthly Occupancy Rates in Tourist Hotels by District – 2020,92,monthly,pdftotext_layout,false,not_required,SLTDA East Coast geography. Pandemic-period source observation. Monthly arrivals retain the 2020-report December value of 0; see arrival_reconciliation.csv.,true
2020-11-01,2020,11,Batticaloa,district,East Coast,5.3,648,14,0,18.1,2020,Annual Statistical Report 2020.pdf,Table 21: Monthly Occupancy Rates in Tourist Hotels by District – 2020,92,monthly,pdftotext_layout,false,not_required,SLTDA East Coast geography. Pandemic-period source observation. Monthly arrivals retain the 2020-report December value of 0; see arrival_reconciliation.csv.,true
2020-12-01,2020,12,Batticaloa,district,East Coast,10.4,648,14,0,18.1,2020,Annual Statistical Report 2020.pdf,Table 21: Monthly Occupancy Rates in Tourist Hotels by District – 2020,92,monthly,pdftotext_layout,false,not_required,SLTDA East Coast geography. Pandemic-period source observation. Monthly arrivals retain the 2020-report December value of 0; see arrival_reconciliation.csv.,true
2020-01-01,2020,1,Ampara,district,East Coast,31.9,150,6,228434,8.5,2020,Annual Statistical Report 2020.pdf,Table 21: Monthly Occupancy Rates in Tourist Hotels by District – 2020,92,monthly,pdftotext_layout,false,not_required,SLTDA East Coast geography. Pandemic-period source observation. Monthly arrivals retain the 2020-report December value of 0; see arrival_reconciliation.csv.,true
2020-02-01,2020,2,Ampara,district,East Coast,24.1,150,6,207507,8.5,2020,Annual Statistical Report 2020.pdf,Table 21: Monthly Occupancy Rates in Tourist Hotels by District – 2020,92,monthly,pdftotext_layout,false,not_required,SLTDA East Coast geography. Pandemic-period source observation. Monthly arrivals retain the 2020-report December value of 0; see arrival_reconciliation.csv.,true
2020-03-01,2020,3,Ampara,district,East Coast,12.9,150,6,71370,8.5,2020,Annual Statistical Report 2020.pdf,Table 21: Monthly Occupancy Rates in Tourist Hotels by District – 2020,92,monthly,pdftotext_layout,false,not_required,SLTDA East Coast geography. Pandemic-period source observation. Monthly arrivals retain the 2020-report December value of 0; see arrival_reconciliation.csv.,true
2020-04-01,2020,4,Ampara,district,East Coast,1.2,150,6,0,8.5,2020,Annual Statistical Report 2020.pdf,Table 21: Monthly Occupancy Rates in Tourist Hotels by District – 2020,92,monthly,pdftotext_layout,false,not_required,SLTDA East Coast geography. Pandemic-period source observation. Monthly arrivals retain the 2020-report December value of 0; see arrival_reconciliation.csv.,true
2020-05-01,2020,5,Ampara,district,East Coast,1.3,150,6,0,8.5,2020,Annual Statistical Report 2020.pdf,Table 21: Monthly Occupancy Rates in Tourist Hotels by District – 2020,92,monthly,pdftotext_layout,false,not_required,SLTDA East Coast geography. Pandemic-period source observation. Monthly arrivals retain the 2020-report December value of 0; see arrival_reconciliation.csv.,true
2020-06-01,2020,6,Ampara,district,East Coast,4.0,150,6,0,8.5,2020,Annual Statistical Report 2020.pdf,Table 21: Monthly Occupancy Rates in Tourist Hotels by District – 2020,92,monthly,pdftotext_layout,false,not_required,SLTDA East Coast geography. Pandemic-period source observation. Monthly arrivals retain the 2020-report December value of 0; see arrival_reconciliation.csv.,true
2020-07-01,2020,7,Ampara,district,East Coast,5.5,150,6,0,8.5,2020,Annual Statistical Report 2020.pdf,Table 21: Monthly Occupancy Rates in Tourist Hotels by District – 2020,92,monthly,pdftotext_layout,false,not_required,SLTDA East Coast geography. Pandemic-period source observation. Monthly arrivals retain the 2020-report December value of 0; see arrival_reconciliation.csv.,true
2020-08-01,2020,8,Ampara,district,East Coast,4.8,150,6,0,8.5,2020,Annual Statistical Report 2020.pdf,Table 21: Monthly Occupancy Rates in Tourist Hotels by District – 2020,92,monthly,pdftotext_layout,false,not_required,SLTDA East Coast geography. Pandemic-period source observation. Monthly arrivals retain the 2020-report December value of 0; see arrival_reconciliation.csv.,true
2020-09-01,2020,9,Ampara,district,East Coast,4.3,150,6,0,8.5,2020,Annual Statistical Report 2020.pdf,Table 21: Monthly Occupancy Rates in Tourist Hotels by District – 2020,92,monthly,pdftotext_layout,false,not_required,SLTDA East Coast geography. Pandemic-period source observation. Monthly arrivals retain the 2020-report December value of 0; see arrival_reconciliation.csv.,true
2020-10-01,2020,10,Ampara,district,East Coast,4.4,150,6,0,8.5,2020,Annual Statistical Report 2020.pdf,Table 21: Monthly Occupancy Rates in Tourist Hotels by District – 2020,92,monthly,pdftotext_layout,false,not_required,SLTDA East Coast geography. Pandemic-period source observation. Monthly arrivals retain the 2020-report December value of 0; see arrival_reconciliation.csv.,true
2020-11-01,2020,11,Ampara,district,East Coast,2.5,150,6,0,8.5,2020,Annual Statistical Report 2020.pdf,Table 21: Monthly Occupancy Rates in Tourist Hotels by District – 2020,92,monthly,pdftotext_layout,false,not_required,SLTDA East Coast geography. Pandemic-period source observation. Monthly arrivals retain the 2020-report December value of 0; see arrival_reconciliation.csv.,true
2020-12-01,2020,12,Ampara,district,East Coast,4.9,150,6,0,8.5,2020,Annual Statistical Report 2020.pdf,Table 21: Monthly Occupancy Rates in Tourist Hotels by District – 2020,92,monthly,pdftotext_layout,false,not_required,SLTDA East Coast geography. Pandemic-period source observation. Monthly arrivals retain the 2020-report December value of 0; see arrival_reconciliation.csv.,true
2020-01-01,2020,1,Polonnaruwa,district,Ancient Cities,26.6,434,11,228434,7.1,2020,Annual Statistical Report 2020.pdf,Table 21: Monthly Occupancy Rates in Tourist Hotels by District – 2020,92,monthly,pdftotext_layout,false,not_required,Matches the SLTDA Polonnaruwa/Giritale subregion. Pandemic-period source observation. Monthly arrivals retain the 2020-report December value of 0; see arrival_reconciliation.csv.,true
2020-02-01,2020,2,Polonnaruwa,district,Ancient Cities,20.2,434,11,207507,7.1,2020,Annual Statistical Report 2020.pdf,Table 21: Monthly Occupancy Rates in Tourist Hotels by District – 2020,92,monthly,pdftotext_layout,false,not_required,Matches the SLTDA Polonnaruwa/Giritale subregion. Pandemic-period source observation. Monthly arrivals retain the 2020-report December value of 0; see arrival_reconciliation.csv.,true
2020-03-01,2020,3,Polonnaruwa,district,Ancient Cities,10.8,434,11,71370,7.1,2020,Annual Statistical Report 2020.pdf,Table 21: Monthly Occupancy Rates in Tourist Hotels by District – 2020,92,monthly,pdftotext_layout,false,not_required,Matches the SLTDA Polonnaruwa/Giritale subregion. Pandemic-period source observation. Monthly arrivals retain the 2020-report December value of 0; see arrival_reconciliation.csv.,true
2020-04-01,2020,4,Polonnaruwa,district,Ancient Cities,1.0,434,11,0,7.1,2020,Annual Statistical Report 2020.pdf,Table 21: Monthly Occupancy Rates in Tourist Hotels by District – 2020,92,monthly,pdftotext_layout,false,not_required,Matches the SLTDA Polonnaruwa/Giritale subregion. Pandemic-period source observation. Monthly arrivals retain the 2020-report December value of 0; see arrival_reconciliation.csv.,true
2020-05-01,2020,5,Polonnaruwa,district,Ancient Cities,1.1,434,11,0,7.1,2020,Annual Statistical Report 2020.pdf,Table 21: Monthly Occupancy Rates in Tourist Hotels by District – 2020,92,monthly,pdftotext_layout,false,not_required,Matches the SLTDA Polonnaruwa/Giritale subregion. Pandemic-period source observation. Monthly arrivals retain the 2020-report December value of 0; see arrival_reconciliation.csv.,true
2020-06-01,2020,6,Polonnaruwa,district,Ancient Cities,3.3,434,11,0,7.1,2020,Annual Statistical Report 2020.pdf,Table 21: Monthly Occupancy Rates in Tourist Hotels by District – 2020,92,monthly,pdftotext_layout,false,not_required,Matches the SLTDA Polonnaruwa/Giritale subregion. Pandemic-period source observation. Monthly arrivals retain the 2020-report December value of 0; see arrival_reconciliation.csv.,true
2020-07-01,2020,7,Polonnaruwa,district,Ancient Cities,4.6,434,11,0,7.1,2020,Annual Statistical Report 2020.pdf,Table 21: Monthly Occupancy Rates in Tourist Hotels by District – 2020,92,monthly,pdftotext_layout,false,not_required,Matches the SLTDA Polonnaruwa/Giritale subregion. Pandemic-period source observation. Monthly arrivals retain the 2020-report December value of 0; see arrival_reconciliation.csv.,true
2020-08-01,2020,8,Polonnaruwa,district,Ancient Cities,4.0,434,11,0,7.1,2020,Annual Statistical Report 2020.pdf,Table 21: Monthly Occupancy Rates in Tourist Hotels by District – 2020,92,monthly,pdftotext_layout,false,not_required,Matches the SLTDA Polonnaruwa/Giritale subregion. Pandemic-period source observation. Monthly arrivals retain the 2020-report December value of 0; see arrival_reconciliation.csv.,true
2020-09-01,2020,9,Polonnaruwa,district,Ancient Cities,3.6,434,11,0,7.1,2020,Annual Statistical Report 2020.pdf,Table 21: Monthly Occupancy Rates in Tourist Hotels by District – 2020,92,monthly,pdftotext_layout,false,not_required,Matches the SLTDA Polonnaruwa/Giritale subregion. Pandemic-period source observation. Monthly arrivals retain the 2020-report December value of 0; see arrival_reconciliation.csv.,true
2020-10-01,2020,10,Polonnaruwa,district,Ancient Cities,3.7,434,11,0,7.1,2020,Annual Statistical Report 2020.pdf,Table 21: Monthly Occupancy Rates in Tourist Hotels by District – 2020,92,monthly,pdftotext_layout,false,not_required,Matches the SLTDA Polonnaruwa/Giritale subregion. Pandemic-period source observation. Monthly arrivals retain the 2020-report December value of 0; see arrival_reconciliation.csv.,true
2020-11-01,2020,11,Polonnaruwa,district,Ancient Cities,2.1,434,11,0,7.1,2020,Annual Statistical Report 2020.pdf,Table 21: Monthly Occupancy Rates in Tourist Hotels by District – 2020,92,monthly,pdftotext_layout,false,not_required,Matches the SLTDA Polonnaruwa/Giritale subregion. Pandemic-period source observation. Monthly arrivals retain the 2020-report December value of 0; see arrival_reconciliation.csv.,true
2020-12-01,2020,12,Polonnaruwa,district,Ancient Cities,4.1,434,11,0,7.1,2020,Annual Statistical Report 2020.pdf,Table 21: Monthly Occupancy Rates in Tourist Hotels by District – 2020,92,monthly,pdftotext_layout,false,not_required,Matches the SLTDA Polonnaruwa/Giritale subregion. Pandemic-period source observation. Monthly arrivals retain the 2020-report December value of 0; see arrival_reconciliation.csv.,true
2020-01-01,2020,1,Trincomalee,district,East Coast,57.9,410,11,228434,14.1,2020,Annual Statistical Report 2020.pdf,Table 21: Monthly Occupancy Rates in Tourist Hotels by District – 2020,92,monthly,pdftotext_layout,false,not_required,SLTDA East Coast geography. Pandemic-period source observation. Monthly arrivals retain the 2020-report December value of 0; see arrival_reconciliation.csv.,true
2020-02-01,2020,2,Trincomalee,district,East Coast,40.0,410,11,207507,14.1,2020,Annual Statistical Report 2020.pdf,Table 21: Monthly Occupancy Rates in Tourist Hotels by District – 2020,92,monthly,pdftotext_layout,false,not_required,SLTDA East Coast geography. Pandemic-period source observation. Monthly arrivals retain the 2020-report December value of 0; see arrival_reconciliation.csv.,true
2020-03-01,2020,3,Trincomalee,district,East Coast,21.4,410,11,71370,14.1,2020,Annual Statistical Report 2020.pdf,Table 21: Monthly Occupancy Rates in Tourist Hotels by District – 2020,92,monthly,pdftotext_layout,false,not_required,SLTDA East Coast geography. Pandemic-period source observation. Monthly arrivals retain the 2020-report December value of 0; see arrival_reconciliation.csv.,true
2020-04-01,2020,4,Trincomalee,district,East Coast,2.0,410,11,0,14.1,2020,Annual Statistical Report 2020.pdf,Table 21: Monthly Occupancy Rates in Tourist Hotels by District – 2020,92,monthly,pdftotext_layout,false,not_required,SLTDA East Coast geography. Pandemic-period source observation. Monthly arrivals retain the 2020-report December value of 0; see arrival_reconciliation.csv.,true
2020-05-01,2020,5,Trincomalee,district,East Coast,2.2,410,11,0,14.1,2020,Annual Statistical Report 2020.pdf,Table 21: Monthly Occupancy Rates in Tourist Hotels by District – 2020,92,monthly,pdftotext_layout,false,not_required,SLTDA East Coast geography. Pandemic-period source observation. Monthly arrivals retain the 2020-report December value of 0; see arrival_reconciliation.csv.,true
2020-06-01,2020,6,Trincomalee,district,East Coast,6.6,410,11,0,14.1,2020,Annual Statistical Report 2020.pdf,Table 21: Monthly Occupancy Rates in Tourist Hotels by District – 2020,92,monthly,pdftotext_layout,false,not_required,SLTDA East Coast geography. Pandemic-period source observation. Monthly arrivals retain the 2020-report December value of 0; see arrival_reconciliation.csv.,true
2020-07-01,2020,7,Trincomalee,district,East Coast,9.2,410,11,0,14.1,2020,Annual Statistical Report 2020.pdf,Table 21: Monthly Occupancy Rates in Tourist Hotels by District – 2020,92,monthly,pdftotext_layout,false,not_required,SLTDA East Coast geography. Pandemic-period source observation. Monthly arrivals retain the 2020-report December value of 0; see arrival_reconciliation.csv.,true
2020-08-01,2020,8,Trincomalee,district,East Coast,7.9,410,11,0,14.1,2020,Annual Statistical Report 2020.pdf,Table 21: Monthly Occupancy Rates in Tourist Hotels by District – 2020,92,monthly,pdftotext_layout,false,not_required,SLTDA East Coast geography. Pandemic-period source observation. Monthly arrivals retain the 2020-report December value of 0; see arrival_reconciliation.csv.,true
2020-09-01,2020,9,Trincomalee,district,East Coast,7.2,410,11,0,14.1,2020,Annual Statistical Report 2020.pdf,Table 21: Monthly Occupancy Rates in Tourist Hotels by District – 2020,92,monthly,pdftotext_layout,false,not_required,SLTDA East Coast geography. Pandemic-period source observation. Monthly arrivals retain the 2020-report December value of 0; see arrival_reconciliation.csv.,true
2020-10-01,2020,10,Trincomalee,district,East Coast,7.4,410,11,0,14.1,2020,Annual Statistical Report 2020.pdf,Table 21: Monthly Occupancy Rates in Tourist Hotels by District – 2020,92,monthly,pdftotext_layout,false,not_required,SLTDA East Coast geography. Pandemic-period source observation. Monthly arrivals retain the 2020-report December value of 0; see arrival_reconciliation.csv.,true
2020-11-01,2020,11,Trincomalee,district,East Coast,4.2,410,11,0,14.1,2020,Annual Statistical Report 2020.pdf,Table 21: Monthly Occupancy Rates in Tourist Hotels by District – 2020,92,monthly,pdftotext_layout,false,not_required,SLTDA East Coast geography. Pandemic-period source observation. Monthly arrivals retain the 2020-report December value of 0; see arrival_reconciliation.csv.,true
2020-12-01,2020,12,Trincomalee,district,East Coast,8.1,410,11,0,14.1,2020,Annual Statistical Report 2020.pdf,Table 21: Monthly Occupancy Rates in Tourist Hotels by District – 2020,92,monthly,pdftotext_layout,false,not_required,SLTDA East Coast geography. Pandemic-period source observation. Monthly arrivals retain the 2020-report December value of 0; see arrival_reconciliation.csv.,true
2020-01-01,2020,1,Jaffna,district,Northern Region,54.4,204,6,228434,14.5,2020,Annual Statistical Report 2020.pdf,Table 21: Monthly Occupancy Rates in Tourist Hotels by District – 2020,92,monthly,pdftotext_layout,false,not_required,SLTDA Northern Region geography. Pandemic-period source observation. Monthly arrivals retain the 2020-report December value of 0; see arrival_reconciliation.csv.,true
2020-02-01,2020,2,Jaffna,district,Northern Region,41.2,204,6,207507,14.5,2020,Annual Statistical Report 2020.pdf,Table 21: Monthly Occupancy Rates in Tourist Hotels by District – 2020,92,monthly,pdftotext_layout,false,not_required,SLTDA Northern Region geography. Pandemic-period source observation. Monthly arrivals retain the 2020-report December value of 0; see arrival_reconciliation.csv.,true
2020-03-01,2020,3,Jaffna,district,Northern Region,22.0,204,6,71370,14.5,2020,Annual Statistical Report 2020.pdf,Table 21: Monthly Occupancy Rates in Tourist Hotels by District – 2020,92,monthly,pdftotext_layout,false,not_required,SLTDA Northern Region geography. Pandemic-period source observation. Monthly arrivals retain the 2020-report December value of 0; see arrival_reconciliation.csv.,true
2020-04-01,2020,4,Jaffna,district,Northern Region,2.0,204,6,0,14.5,2020,Annual Statistical Report 2020.pdf,Table 21: Monthly Occupancy Rates in Tourist Hotels by District – 2020,92,monthly,pdftotext_layout,false,not_required,SLTDA Northern Region geography. Pandemic-period source observation. Monthly arrivals retain the 2020-report December value of 0; see arrival_reconciliation.csv.,true
2020-05-01,2020,5,Jaffna,district,Northern Region,2.2,204,6,0,14.5,2020,Annual Statistical Report 2020.pdf,Table 21: Monthly Occupancy Rates in Tourist Hotels by District – 2020,92,monthly,pdftotext_layout,false,not_required,SLTDA Northern Region geography. Pandemic-period source observation. Monthly arrivals retain the 2020-report December value of 0; see arrival_reconciliation.csv.,true
2020-06-01,2020,6,Jaffna,district,Northern Region,6.8,204,6,0,14.5,2020,Annual Statistical Report 2020.pdf,Table 21: Monthly Occupancy Rates in Tourist Hotels by District – 2020,92,monthly,pdftotext_layout,false,not_required,SLTDA Northern Region geography. Pandemic-period source observation. Monthly arrivals retain the 2020-report December value of 0; see arrival_reconciliation.csv.,true
2020-07-01,2020,7,Jaffna,district,Northern Region,9.4,204,6,0,14.5,2020,Annual Statistical Report 2020.pdf,Table 21: Monthly Occupancy Rates in Tourist Hotels by District – 2020,92,monthly,pdftotext_layout,false,not_required,SLTDA Northern Region geography. Pandemic-period source observation. Monthly arrivals retain the 2020-report December value of 0; see arrival_reconciliation.csv.,true
2020-08-01,2020,8,Jaffna,district,Northern Region,8.2,204,6,0,14.5,2020,Annual Statistical Report 2020.pdf,Table 21: Monthly Occupancy Rates in Tourist Hotels by District – 2020,92,monthly,pdftotext_layout,false,not_required,SLTDA Northern Region geography. Pandemic-period source observation. Monthly arrivals retain the 2020-report December value of 0; see arrival_reconciliation.csv.,true
2020-09-01,2020,9,Jaffna,district,Northern Region,7.4,204,6,0,14.5,2020,Annual Statistical Report 2020.pdf,Table 21: Monthly Occupancy Rates in Tourist Hotels by District – 2020,92,monthly,pdftotext_layout,false,not_required,SLTDA Northern Region geography. Pandemic-period source observation. Monthly arrivals retain the 2020-report December value of 0; see arrival_reconciliation.csv.,true
2020-10-01,2020,10,Jaffna,district,Northern Region,7.6,204,6,0,14.5,2020,Annual Statistical Report 2020.pdf,Table 21: Monthly Occupancy Rates in Tourist Hotels by District – 2020,92,monthly,pdftotext_layout,false,not_required,SLTDA Northern Region geography. Pandemic-period source observation. Monthly arrivals retain the 2020-report December value of 0; see arrival_reconciliation.csv.,true
2020-11-01,2020,11,Jaffna,district,Northern Region,4.3,204,6,0,14.5,2020,Annual Statistical Report 2020.pdf,Table 21: Monthly Occupancy Rates in Tourist Hotels by District – 2020,92,monthly,pdftotext_layout,false,not_required,SLTDA Northern Region geography. Pandemic-period source observation. Monthly arrivals retain the 2020-report December value of 0; see arrival_reconciliation.csv.,true
2020-12-01,2020,12,Jaffna,district,Northern Region,8.4,204,6,0,14.5,2020,Annual Statistical Report 2020.pdf,Table 21: Monthly Occupancy Rates in Tourist Hotels by District – 2020,92,monthly,pdftotext_layout,false,not_required,SLTDA Northern Region geography. Pandemic-period source observation. Monthly arrivals retain the 2020-report December value of 0; see arrival_reconciliation.csv.,true
2020-01-01,2020,1,Vavuniya,district,Northern Region,39.8,20,1,228434,10.6,2020,Annual Statistical Report 2020.pdf,Table 21: Monthly Occupancy Rates in Tourist Hotels by District – 2020,92,monthly,pdftotext_layout,false,not_required,SLTDA Northern Region geography. Pandemic-period source observation. Monthly arrivals retain the 2020-report December value of 0; see arrival_reconciliation.csv.,true
2020-02-01,2020,2,Vavuniya,district,Northern Region,30.1,20,1,207507,10.6,2020,Annual Statistical Report 2020.pdf,Table 21: Monthly Occupancy Rates in Tourist Hotels by District – 2020,92,monthly,pdftotext_layout,false,not_required,SLTDA Northern Region geography. Pandemic-period source observation. Monthly arrivals retain the 2020-report December value of 0; see arrival_reconciliation.csv.,true
2020-03-01,2020,3,Vavuniya,district,Northern Region,16.1,20,1,71370,10.6,2020,Annual Statistical Report 2020.pdf,Table 21: Monthly Occupancy Rates in Tourist Hotels by District – 2020,92,monthly,pdftotext_layout,false,not_required,SLTDA Northern Region geography. Pandemic-period source observation. Monthly arrivals retain the 2020-report December value of 0; see arrival_reconciliation.csv.,true
2020-04-01,2020,4,Vavuniya,district,Northern Region,1.5,20,1,0,10.6,2020,Annual Statistical Report 2020.pdf,Table 21: Monthly Occupancy Rates in Tourist Hotels by District – 2020,92,monthly,pdftotext_layout,false,not_required,SLTDA Northern Region geography. Pandemic-period source observation. Monthly arrivals retain the 2020-report December value of 0; see arrival_reconciliation.csv.,true
2020-05-01,2020,5,Vavuniya,district,Northern Region,1.6,20,1,0,10.6,2020,Annual Statistical Report 2020.pdf,Table 21: Monthly Occupancy Rates in Tourist Hotels by District – 2020,92,monthly,pdftotext_layout,false,not_required,SLTDA Northern Region geography. Pandemic-period source observation. Monthly arrivals retain the 2020-report December value of 0; see arrival_reconciliation.csv.,true
2020-06-01,2020,6,Vavuniya,district,Northern Region,5.0,20,1,0,10.6,2020,Annual Statistical Report 2020.pdf,Table 21: Monthly Occupancy Rates in Tourist Hotels by District – 2020,92,monthly,pdftotext_layout,false,not_required,SLTDA Northern Region geography. Pandemic-period source observation. Monthly arrivals retain the 2020-report December value of 0; see arrival_reconciliation.csv.,true
2020-07-01,2020,7,Vavuniya,district,Northern Region,6.9,20,1,0,10.6,2020,Annual Statistical Report 2020.pdf,Table 21: Monthly Occupancy Rates in Tourist Hotels by District – 2020,92,monthly,pdftotext_layout,false,not_required,SLTDA Northern Region geography. Pandemic-period source observation. Monthly arrivals retain the 2020-report December value of 0; see arrival_reconciliation.csv.,true
2020-08-01,2020,8,Vavuniya,district,Northern Region,6.0,20,1,0,10.6,2020,Annual Statistical Report 2020.pdf,Table 21: Monthly Occupancy Rates in Tourist Hotels by District – 2020,92,monthly,pdftotext_layout,false,not_required,SLTDA Northern Region geography. Pandemic-period source observation. Monthly arrivals retain the 2020-report December value of 0; see arrival_reconciliation.csv.,true
2020-09-01,2020,9,Vavuniya,district,Northern Region,5.4,20,1,0,10.6,2020,Annual Statistical Report 2020.pdf,Table 21: Monthly Occupancy Rates in Tourist Hotels by District – 2020,92,monthly,pdftotext_layout,false,not_required,SLTDA Northern Region geography. Pandemic-period source observation. Monthly arrivals retain the 2020-report December value of 0; see arrival_reconciliation.csv.,true
2020-10-01,2020,10,Vavuniya,district,Northern Region,5.5,20,1,0,10.6,2020,Annual Statistical Report 2020.pdf,Table 21: Monthly Occupancy Rates in Tourist Hotels by District – 2020,92,monthly,pdftotext_layout,false,not_required,SLTDA Northern Region geography. Pandemic-period source observation. Monthly arrivals retain the 2020-report December value of 0; see arrival_reconciliation.csv.,true
2020-11-01,2020,11,Vavuniya,district,Northern Region,3.1,20,1,0,10.6,2020,Annual Statistical Report 2020.pdf,Table 21: Monthly Occupancy Rates in Tourist Hotels by District – 2020,92,monthly,pdftotext_layout,false,not_required,SLTDA Northern Region geography. Pandemic-period source observation. Monthly arrivals retain the 2020-report December value of 0; see arrival_reconciliation.csv.,true
2020-12-01,2020,12,Vavuniya,district,Northern Region,6.1,20,1,0,10.6,2020,Annual Statistical Report 2020.pdf,Table 21: Monthly Occupancy Rates in Tourist Hotels by District – 2020,92,monthly,pdftotext_layout,false,not_required,SLTDA Northern Region geography. Pandemic-period source observation. Monthly arrivals retain the 2020-report December value of 0; see arrival_reconciliation.csv.,true
2020-01-01,2020,1,Kilinochchi,district,Northern Region,0.0,0,0,228434,0.0,2020,Annual Statistical Report 2020.pdf,Table 21: Monthly Occupancy Rates in Tourist Hotels by District – 2020,92,monthly,pdftotext_layout,false,not_required,SLTDA Northern Region geography. Pandemic-period source observation. Monthly arrivals retain the 2020-report December value of 0; see arrival_reconciliation.csv.,true
2020-02-01,2020,2,Kilinochchi,district,Northern Region,0.0,0,0,207507,0.0,2020,Annual Statistical Report 2020.pdf,Table 21: Monthly Occupancy Rates in Tourist Hotels by District – 2020,92,monthly,pdftotext_layout,false,not_required,SLTDA Northern Region geography. Pandemic-period source observation. Monthly arrivals retain the 2020-report December value of 0; see arrival_reconciliation.csv.,true
2020-03-01,2020,3,Kilinochchi,district,Northern Region,0.0,0,0,71370,0.0,2020,Annual Statistical Report 2020.pdf,Table 21: Monthly Occupancy Rates in Tourist Hotels by District – 2020,92,monthly,pdftotext_layout,false,not_required,SLTDA Northern Region geography. Pandemic-period source observation. Monthly arrivals retain the 2020-report December value of 0; see arrival_reconciliation.csv.,true
2020-04-01,2020,4,Kilinochchi,district,Northern Region,0.0,0,0,0,0.0,2020,Annual Statistical Report 2020.pdf,Table 21: Monthly Occupancy Rates in Tourist Hotels by District – 2020,92,monthly,pdftotext_layout,false,not_required,SLTDA Northern Region geography. Pandemic-period source observation. Monthly arrivals retain the 2020-report December value of 0; see arrival_reconciliation.csv.,true
2020-05-01,2020,5,Kilinochchi,district,Northern Region,0.0,0,0,0,0.0,2020,Annual Statistical Report 2020.pdf,Table 21: Monthly Occupancy Rates in Tourist Hotels by District – 2020,92,monthly,pdftotext_layout,false,not_required,SLTDA Northern Region geography. Pandemic-period source observation. Monthly arrivals retain the 2020-report December value of 0; see arrival_reconciliation.csv.,true
2020-06-01,2020,6,Kilinochchi,district,Northern Region,0.0,0,0,0,0.0,2020,Annual Statistical Report 2020.pdf,Table 21: Monthly Occupancy Rates in Tourist Hotels by District – 2020,92,monthly,pdftotext_layout,false,not_required,SLTDA Northern Region geography. Pandemic-period source observation. Monthly arrivals retain the 2020-report December value of 0; see arrival_reconciliation.csv.,true
2020-07-01,2020,7,Kilinochchi,district,Northern Region,0.0,0,0,0,0.0,2020,Annual Statistical Report 2020.pdf,Table 21: Monthly Occupancy Rates in Tourist Hotels by District – 2020,92,monthly,pdftotext_layout,false,not_required,SLTDA Northern Region geography. Pandemic-period source observation. Monthly arrivals retain the 2020-report December value of 0; see arrival_reconciliation.csv.,true
2020-08-01,2020,8,Kilinochchi,district,Northern Region,0.0,0,0,0,0.0,2020,Annual Statistical Report 2020.pdf,Table 21: Monthly Occupancy Rates in Tourist Hotels by District – 2020,92,monthly,pdftotext_layout,false,not_required,SLTDA Northern Region geography. Pandemic-period source observation. Monthly arrivals retain the 2020-report December value of 0; see arrival_reconciliation.csv.,true
2020-09-01,2020,9,Kilinochchi,district,Northern Region,0.0,0,0,0,0.0,2020,Annual Statistical Report 2020.pdf,Table 21: Monthly Occupancy Rates in Tourist Hotels by District – 2020,92,monthly,pdftotext_layout,false,not_required,SLTDA Northern Region geography. Pandemic-period source observation. Monthly arrivals retain the 2020-report December value of 0; see arrival_reconciliation.csv.,true
2020-10-01,2020,10,Kilinochchi,district,Northern Region,0.0,0,0,0,0.0,2020,Annual Statistical Report 2020.pdf,Table 21: Monthly Occupancy Rates in Tourist Hotels by District – 2020,92,monthly,pdftotext_layout,false,not_required,SLTDA Northern Region geography. Pandemic-period source observation. Monthly arrivals retain the 2020-report December value of 0; see arrival_reconciliation.csv.,true
2020-11-01,2020,11,Kilinochchi,district,Northern Region,0.0,0,0,0,0.0,2020,Annual Statistical Report 2020.pdf,Table 21: Monthly Occupancy Rates in Tourist Hotels by District – 2020,92,monthly,pdftotext_layout,false,not_required,SLTDA Northern Region geography. Pandemic-period source observation. Monthly arrivals retain the 2020-report December value of 0; see arrival_reconciliation.csv.,true
2020-12-01,2020,12,Kilinochchi,district,Northern Region,0.0,0,0,0,0.0,2020,Annual Statistical Report 2020.pdf,Table 21: Monthly Occupancy Rates in Tourist Hotels by District – 2020,92,monthly,pdftotext_layout,false,not_required,SLTDA Northern Region geography. Pandemic-period source observation. Monthly arrivals retain the 2020-report December value of 0; see arrival_reconciliation.csv.,true
2020-01-01,2020,1,Mullaitivu,district,Northern Region,0.0,0,0,228434,0.0,2020,Annual Statistical Report 2020.pdf,Table 21: Monthly Occupancy Rates in Tourist Hotels by District – 2020,92,monthly,pdftotext_layout,false,not_required,SLTDA Northern Region geography. Pandemic-period source observation. Monthly arrivals retain the 2020-report December value of 0; see arrival_reconciliation.csv.,true
2020-02-01,2020,2,Mullaitivu,district,Northern Region,0.0,0,0,207507,0.0,2020,Annual Statistical Report 2020.pdf,Table 21: Monthly Occupancy Rates in Tourist Hotels by District – 2020,92,monthly,pdftotext_layout,false,not_required,SLTDA Northern Region geography. Pandemic-period source observation. Monthly arrivals retain the 2020-report December value of 0; see arrival_reconciliation.csv.,true
2020-03-01,2020,3,Mullaitivu,district,Northern Region,0.0,0,0,71370,0.0,2020,Annual Statistical Report 2020.pdf,Table 21: Monthly Occupancy Rates in Tourist Hotels by District – 2020,92,monthly,pdftotext_layout,false,not_required,SLTDA Northern Region geography. Pandemic-period source observation. Monthly arrivals retain the 2020-report December value of 0; see arrival_reconciliation.csv.,true
2020-04-01,2020,4,Mullaitivu,district,Northern Region,0.0,0,0,0,0.0,2020,Annual Statistical Report 2020.pdf,Table 21: Monthly Occupancy Rates in Tourist Hotels by District – 2020,92,monthly,pdftotext_layout,false,not_required,SLTDA Northern Region geography. Pandemic-period source observation. Monthly arrivals retain the 2020-report December value of 0; see arrival_reconciliation.csv.,true
2020-05-01,2020,5,Mullaitivu,district,Northern Region,0.0,0,0,0,0.0,2020,Annual Statistical Report 2020.pdf,Table 21: Monthly Occupancy Rates in Tourist Hotels by District – 2020,92,monthly,pdftotext_layout,false,not_required,SLTDA Northern Region geography. Pandemic-period source observation. Monthly arrivals retain the 2020-report December value of 0; see arrival_reconciliation.csv.,true
2020-06-01,2020,6,Mullaitivu,district,Northern Region,0.0,0,0,0,0.0,2020,Annual Statistical Report 2020.pdf,Table 21: Monthly Occupancy Rates in Tourist Hotels by District – 2020,92,monthly,pdftotext_layout,false,not_required,SLTDA Northern Region geography. Pandemic-period source observation. Monthly arrivals retain the 2020-report December value of 0; see arrival_reconciliation.csv.,true
2020-07-01,2020,7,Mullaitivu,district,Northern Region,0.0,0,0,0,0.0,2020,Annual Statistical Report 2020.pdf,Table 21: Monthly Occupancy Rates in Tourist Hotels by District – 2020,92,monthly,pdftotext_layout,false,not_required,SLTDA Northern Region geography. Pandemic-period source observation. Monthly arrivals retain the 2020-report December value of 0; see arrival_reconciliation.csv.,true
2020-08-01,2020,8,Mullaitivu,district,Northern Region,0.0,0,0,0,0.0,2020,Annual Statistical Report 2020.pdf,Table 21: Monthly Occupancy Rates in Tourist Hotels by District – 2020,92,monthly,pdftotext_layout,false,not_required,SLTDA Northern Region geography. Pandemic-period source observation. Monthly arrivals retain the 2020-report December value of 0; see arrival_reconciliation.csv.,true
2020-09-01,2020,9,Mullaitivu,district,Northern Region,0.0,0,0,0,0.0,2020,Annual Statistical Report 2020.pdf,Table 21: Monthly Occupancy Rates in Tourist Hotels by District – 2020,92,monthly,pdftotext_layout,false,not_required,SLTDA Northern Region geography. Pandemic-period source observation. Monthly arrivals retain the 2020-report December value of 0; see arrival_reconciliation.csv.,true
2020-10-01,2020,10,Mullaitivu,district,Northern Region,0.0,0,0,0,0.0,2020,Annual Statistical Report 2020.pdf,Table 21: Monthly Occupancy Rates in Tourist Hotels by District – 2020,92,monthly,pdftotext_layout,false,not_required,SLTDA Northern Region geography. Pandemic-period source observation. Monthly arrivals retain the 2020-report December value of 0; see arrival_reconciliation.csv.,true
2020-11-01,2020,11,Mullaitivu,district,Northern Region,0.0,0,0,0,0.0,2020,Annual Statistical Report 2020.pdf,Table 21: Monthly Occupancy Rates in Tourist Hotels by District – 2020,92,monthly,pdftotext_layout,false,not_required,SLTDA Northern Region geography. Pandemic-period source observation. Monthly arrivals retain the 2020-report December value of 0; see arrival_reconciliation.csv.,true
2020-12-01,2020,12,Mullaitivu,district,Northern Region,0.0,0,0,0,0.0,2020,Annual Statistical Report 2020.pdf,Table 21: Monthly Occupancy Rates in Tourist Hotels by District – 2020,92,monthly,pdftotext_layout,false,not_required,SLTDA Northern Region geography. Pandemic-period source observation. Monthly arrivals retain the 2020-report December value of 0; see arrival_reconciliation.csv.,true
2020-01-01,2020,1,Mannar,district,Northern Region,0.0,25,1,228434,0.0,2020,Annual Statistical Report 2020.pdf,Table 21: Monthly Occupancy Rates in Tourist Hotels by District – 2020,92,monthly,pdftotext_layout,false,not_required,SLTDA Northern Region geography. Pandemic-period source observation. Monthly arrivals retain the 2020-report December value of 0; see arrival_reconciliation.csv.,true
2020-02-01,2020,2,Mannar,district,Northern Region,0.0,25,1,207507,0.0,2020,Annual Statistical Report 2020.pdf,Table 21: Monthly Occupancy Rates in Tourist Hotels by District – 2020,92,monthly,pdftotext_layout,false,not_required,SLTDA Northern Region geography. Pandemic-period source observation. Monthly arrivals retain the 2020-report December value of 0; see arrival_reconciliation.csv.,true
2020-03-01,2020,3,Mannar,district,Northern Region,0.0,25,1,71370,0.0,2020,Annual Statistical Report 2020.pdf,Table 21: Monthly Occupancy Rates in Tourist Hotels by District – 2020,92,monthly,pdftotext_layout,false,not_required,SLTDA Northern Region geography. Pandemic-period source observation. Monthly arrivals retain the 2020-report December value of 0; see arrival_reconciliation.csv.,true
2020-04-01,2020,4,Mannar,district,Northern Region,0.0,25,1,0,0.0,2020,Annual Statistical Report 2020.pdf,Table 21: Monthly Occupancy Rates in Tourist Hotels by District – 2020,92,monthly,pdftotext_layout,false,not_required,SLTDA Northern Region geography. Pandemic-period source observation. Monthly arrivals retain the 2020-report December value of 0; see arrival_reconciliation.csv.,true
2020-05-01,2020,5,Mannar,district,Northern Region,0.0,25,1,0,0.0,2020,Annual Statistical Report 2020.pdf,Table 21: Monthly Occupancy Rates in Tourist Hotels by District – 2020,92,monthly,pdftotext_layout,false,not_required,SLTDA Northern Region geography. Pandemic-period source observation. Monthly arrivals retain the 2020-report December value of 0; see arrival_reconciliation.csv.,true
2020-06-01,2020,6,Mannar,district,Northern Region,0.0,25,1,0,0.0,2020,Annual Statistical Report 2020.pdf,Table 21: Monthly Occupancy Rates in Tourist Hotels by District – 2020,92,monthly,pdftotext_layout,false,not_required,SLTDA Northern Region geography. Pandemic-period source observation. Monthly arrivals retain the 2020-report December value of 0; see arrival_reconciliation.csv.,true
2020-07-01,2020,7,Mannar,district,Northern Region,0.0,25,1,0,0.0,2020,Annual Statistical Report 2020.pdf,Table 21: Monthly Occupancy Rates in Tourist Hotels by District – 2020,92,monthly,pdftotext_layout,false,not_required,SLTDA Northern Region geography. Pandemic-period source observation. Monthly arrivals retain the 2020-report December value of 0; see arrival_reconciliation.csv.,true
2020-08-01,2020,8,Mannar,district,Northern Region,0.0,25,1,0,0.0,2020,Annual Statistical Report 2020.pdf,Table 21: Monthly Occupancy Rates in Tourist Hotels by District – 2020,92,monthly,pdftotext_layout,false,not_required,SLTDA Northern Region geography. Pandemic-period source observation. Monthly arrivals retain the 2020-report December value of 0; see arrival_reconciliation.csv.,true
2020-09-01,2020,9,Mannar,district,Northern Region,0.0,25,1,0,0.0,2020,Annual Statistical Report 2020.pdf,Table 21: Monthly Occupancy Rates in Tourist Hotels by District – 2020,92,monthly,pdftotext_layout,false,not_required,SLTDA Northern Region geography. Pandemic-period source observation. Monthly arrivals retain the 2020-report December value of 0; see arrival_reconciliation.csv.,true
2020-10-01,2020,10,Mannar,district,Northern Region,0.0,25,1,0,0.0,2020,Annual Statistical Report 2020.pdf,Table 21: Monthly Occupancy Rates in Tourist Hotels by District – 2020,92,monthly,pdftotext_layout,false,not_required,SLTDA Northern Region geography. Pandemic-period source observation. Monthly arrivals retain the 2020-report December value of 0; see arrival_reconciliation.csv.,true
2020-11-01,2020,11,Mannar,district,Northern Region,0.0,25,1,0,0.0,2020,Annual Statistical Report 2020.pdf,Table 21: Monthly Occupancy Rates in Tourist Hotels by District – 2020,92,monthly,pdftotext_layout,false,not_required,SLTDA Northern Region geography. Pandemic-period source observation. Monthly arrivals retain the 2020-report December value of 0; see arrival_reconciliation.csv.,true
2020-12-01,2020,12,Mannar,district,Northern Region,0.0,25,1,0,0.0,2020,Annual Statistical Report 2020.pdf,Table 21: Monthly Occupancy Rates in Tourist Hotels by District – 2020,92,monthly,pdftotext_layout,false,not_required,SLTDA Northern Region geography. Pandemic-period source observation. Monthly arrivals retain the 2020-report December value of 0; see arrival_reconciliation.csv.,true
2024-01-01,2024,1,Ampara,district,East Coast,26.3,831,3,208253,31.0,2024,Year in Review 2024.pdf,"Table 19: Occupancy of graded establishments from different districts by months, 2024",42,monthly,pdftotext_layout,false,not_required,SLTDA East Coast geography.,false
2024-02-01,2024,2,Ampara,district,East Coast,22.6,831,3,218350,31.0,2024,Year in Review 2024.pdf,"Table 19: Occupancy of graded establishments from different districts by months, 2024",42,monthly,pdftotext_layout,false,not_required,SLTDA East Coast geography.,false
2024-03-01,2024,3,Ampara,district,East Coast,23.5,831,3,209181,31.0,2024,Year in Review 2024.pdf,"Table 19: Occupancy of graded establishments from different districts by months, 2024",42,monthly,pdftotext_layout,false,not_required,SLTDA East Coast geography.,false
2024-04-01,2024,4,Ampara,district,East Coast,25.8,831,3,148867,31.0,2024,Year in Review 2024.pdf,"Table 19: Occupancy of graded establishments from different districts by months, 2024",42,monthly,pdftotext_layout,false,not_required,SLTDA East Coast geography.,false
2024-05-01,2024,5,Ampara,district,East Coast,30.7,831,3,112128,31.0,2024,Year in Review 2024.pdf,"Table 19: Occupancy of graded establishments from different districts by months, 2024",42,monthly,pdftotext_layout,false,not_required,SLTDA East Coast geography.,false
2024-06-01,2024,6,Ampara,district,East Coast,36.6,831,3,113470,31.0,2024,Year in Review 2024.pdf,"Table 19: Occupancy of graded establishments from different districts by months, 2024",42,monthly,pdftotext_layout,false,not_required,SLTDA East Coast geography.,false
2024-07-01,2024,7,Ampara,district,East Coast,51.0,831,3,187810,31.0,2024,Year in Review 2024.pdf,"Table 19: Occupancy of graded establishments from different districts by months, 2024",42,monthly,pdftotext_layout,false,not_required,SLTDA East Coast geography.,false
2024-08-01,2024,8,Ampara,district,East Coast,60.1,831,3,164609,31.0,2024,Year in Review 2024.pdf,"Table 19: Occupancy of graded establishments from different districts by months, 2024",42,monthly,pdftotext_layout,false,not_required,SLTDA East Coast geography.,false
2024-09-01,2024,9,Ampara,district,East Coast,43.7,831,3,122140,31.0,2024,Year in Review 2024.pdf,"Table 19: Occupancy of graded establishments from different districts by months, 2024",42,monthly,pdftotext_layout,false,not_required,SLTDA East Coast geography.,false
2024-10-01,2024,10,Ampara,district,East Coast,16.0,831,3,135907,31.0,2024,Year in Review 2024.pdf,"Table 19: Occupancy of graded establishments from different districts by months, 2024",42,monthly,pdftotext_layout,false,not_required,SLTDA East Coast geography.,false
2024-11-01,2024,11,Ampara,district,East Coast,10.6,831,3,184158,31.0,2024,Year in Review 2024.pdf,"Table 19: Occupancy of graded establishments from different districts by months, 2024",42,monthly,pdftotext_layout,false,not_required,SLTDA East Coast geography.,false
2024-12-01,2024,12,Ampara,district,East Coast,24.7,831,3,248592,31.0,2024,Year in Review 2024.pdf,"Table 19: Occupancy of graded establishments from different districts by months, 2024",42,monthly,pdftotext_layout,false,not_required,SLTDA East Coast geography.,false
2024-01-01,2024,1,Anuradhapura,district,Ancient Cities,34.4,1784,9,208253,27.6,2024,Year in Review 2024.pdf,"Table 19: Occupancy of graded establishments from different districts by months, 2024",42,monthly,pdftotext_layout,false,not_required,Matches the SLTDA Anuradhapura Area subregion.,false
2024-02-01,2024,2,Anuradhapura,district,Ancient Cities,32.0,1784,9,218350,27.6,2024,Year in Review 2024.pdf,"Table 19: Occupancy of graded establishments from different districts by months, 2024",42,monthly,pdftotext_layout,false,not_required,Matches the SLTDA Anuradhapura Area subregion.,false
2024-03-01,2024,3,Anuradhapura,district,Ancient Cities,30.5,1784,9,209181,27.6,2024,Year in Review 2024.pdf,"Table 19: Occupancy of graded establishments from different districts by months, 2024",42,monthly,pdftotext_layout,false,not_required,Matches the SLTDA Anuradhapura Area subregion.,false
2024-04-01,2024,4,Anuradhapura,district,Ancient Cities,23.9,1784,9,148867,27.6,2024,Year in Review 2024.pdf,"Table 19: Occupancy of graded establishments from different districts by months, 2024",42,monthly,pdftotext_layout,false,not_required,Matches the SLTDA Anuradhapura Area subregion.,false
2024-05-01,2024,5,Anuradhapura,district,Ancient Cities,17.0,1784,9,112128,27.6,2024,Year in Review 2024.pdf,"Table 19: Occupancy of graded establishments from different districts by months, 2024",42,monthly,pdftotext_layout,false,not_required,Matches the SLTDA Anuradhapura Area subregion.,false
2024-06-01,2024,6,Anuradhapura,district,Ancient Cities,18.2,1784,9,113470,27.6,2024,Year in Review 2024.pdf,"Table 19: Occupancy of graded establishments from different districts by months, 2024",42,monthly,pdftotext_layout,false,not_required,Matches the SLTDA Anuradhapura Area subregion.,false
2024-07-01,2024,7,Anuradhapura,district,Ancient Cities,29.3,1784,9,187810,27.6,2024,Year in Review 2024.pdf,"Table 19: Occupancy of graded establishments from different districts by months, 2024",42,monthly,pdftotext_layout,false,not_required,Matches the SLTDA Anuradhapura Area subregion.,false
2024-08-01,2024,8,Anuradhapura,district,Ancient Cities,38.3,1784,9,164609,27.6,2024,Year in Review 2024.pdf,"Table 19: Occupancy of graded establishments from different districts by months, 2024",42,monthly,pdftotext_layout,false,not_required,Matches the SLTDA Anuradhapura Area subregion.,false
2024-09-01,2024,9,Anuradhapura,district,Ancient Cities,25.3,1784,9,122140,27.6,2024,Year in Review 2024.pdf,"Table 19: Occupancy of graded establishments from different districts by months, 2024",42,monthly,pdftotext_layout,false,not_required,Matches the SLTDA Anuradhapura Area subregion.,false
2024-10-01,2024,10,Anuradhapura,district,Ancient Cities,27.3,1784,9,135907,27.6,2024,Year in Review 2024.pdf,"Table 19: Occupancy of graded establishments from different districts by months, 2024",42,monthly,pdftotext_layout,false,not_required,Matches the SLTDA Anuradhapura Area subregion.,false
2024-11-01,2024,11,Anuradhapura,district,Ancient Cities,27.5,1784,9,184158,27.6,2024,Year in Review 2024.pdf,"Table 19: Occupancy of graded establishments from different districts by months, 2024",42,monthly,pdftotext_layout,false,not_required,Matches the SLTDA Anuradhapura Area subregion.,false
2024-12-01,2024,12,Anuradhapura,district,Ancient Cities,27.3,1784,9,248592,27.6,2024,Year in Review 2024.pdf,"Table 19: Occupancy of graded establishments from different districts by months, 2024",42,monthly,pdftotext_layout,false,not_required,Matches the SLTDA Anuradhapura Area subregion.,false
2024-01-01,2024,1,Badulla,district,Hill Country,49.4,2055,6,208253,44.6,2024,Year in Review 2024.pdf,"Table 19: Occupancy of graded establishments from different districts by months, 2024",42,monthly,pdftotext_layout,false,not_required,Central highlands association; retained as an explicit reviewable mapping.,false
2024-02-01,2024,2,Badulla,district,Hill Country,54.2,2055,6,218350,44.6,2024,Year in Review 2024.pdf,"Table 19: Occupancy of graded establishments from different districts by months, 2024",42,monthly,pdftotext_layout,false,not_required,Central highlands association; retained as an explicit reviewable mapping.,false
2024-03-01,2024,3,Badulla,district,Hill Country,57.2,2055,6,209181,44.6,2024,Year in Review 2024.pdf,"Table 19: Occupancy of graded establishments from different districts by months, 2024",42,monthly,pdftotext_layout,false,not_required,Central highlands association; retained as an explicit reviewable mapping.,false
2024-04-01,2024,4,Badulla,district,Hill Country,53.6,2055,6,148867,44.6,2024,Year in Review 2024.pdf,"Table 19: Occupancy of graded establishments from different districts by months, 2024",42,monthly,pdftotext_layout,false,not_required,Central highlands association; retained as an explicit reviewable mapping.,false
2024-05-01,2024,5,Badulla,district,Hill Country,29.5,2055,6,112128,44.6,2024,Year in Review 2024.pdf,"Table 19: Occupancy of graded establishments from different districts by months, 2024",42,monthly,pdftotext_layout,false,not_required,Central highlands association; retained as an explicit reviewable mapping.,false
2024-06-01,2024,6,Badulla,district,Hill Country,27.2,2055,6,113470,44.6,2024,Year in Review 2024.pdf,"Table 19: Occupancy of graded establishments from different districts by months, 2024",42,monthly,pdftotext_layout,false,not_required,Central highlands association; retained as an explicit reviewable mapping.,false
2024-07-01,2024,7,Badulla,district,Hill Country,45.0,2055,6,187810,44.6,2024,Year in Review 2024.pdf,"Table 19: Occupancy of graded establishments from different districts by months, 2024",42,monthly,pdftotext_layout,false,not_required,Central highlands association; retained as an explicit reviewable mapping.,false
2024-08-01,2024,8,Badulla,district,Hill Country,57.9,2055,6,164609,44.6,2024,Year in Review 2024.pdf,"Table 19: Occupancy of graded establishments from different districts by months, 2024",42,monthly,pdftotext_layout,false,not_required,Central highlands association; retained as an explicit reviewable mapping.,false
2024-09-01,2024,9,Badulla,district,Hill Country,44.3,2055,6,122140,44.6,2024,Year in Review 2024.pdf,"Table 19: Occupancy of graded establishments from different districts by months, 2024",42,monthly,pdftotext_layout,false,not_required,Central highlands association; retained as an explicit reviewable mapping.,false
2024-10-01,2024,10,Badulla,district,Hill Country,35.4,2055,6,135907,44.6,2024,Year in Review 2024.pdf,"Table 19: Occupancy of graded establishments from different districts by months, 2024",42,monthly,pdftotext_layout,false,not_required,Central highlands association; retained as an explicit reviewable mapping.,false
2024-11-01,2024,11,Badulla,district,Hill Country,47.1,2055,6,184158,44.6,2024,Year in Review 2024.pdf,"Table 19: Occupancy of graded establishments from different districts by months, 2024",42,monthly,pdftotext_layout,false,not_required,Central highlands association; retained as an explicit reviewable mapping.,false
2024-12-01,2024,12,Badulla,district,Hill Country,34.8,2055,6,248592,44.6,2024,Year in Review 2024.pdf,"Table 19: Occupancy of graded establishments from different districts by months, 2024",42,monthly,pdftotext_layout,false,not_required,Central highlands association; retained as an explicit reviewable mapping.,false
2024-01-01,2024,1,Batticaloa,district,East Coast,47.7,991,7,208253,57.1,2024,Year in Review 2024.pdf,"Table 19: Occupancy of graded establishments from different districts by months, 2024",42,monthly,pdftotext_layout,false,not_required,SLTDA East Coast geography.,false
2024-02-01,2024,2,Batticaloa,district,East Coast,54.0,991,7,218350,57.1,2024,Year in Review 2024.pdf,"Table 19: Occupancy of graded establishments from different districts by months, 2024",42,monthly,pdftotext_layout,false,not_required,SLTDA East Coast geography.,false
2024-03-01,2024,3,Batticaloa,district,East Coast,57.7,991,7,209181,57.1,2024,Year in Review 2024.pdf,"Table 19: Occupancy of graded establishments from different districts by months, 2024",42,monthly,pdftotext_layout,false,not_required,SLTDA East Coast geography.,false
2024-04-01,2024,4,Batticaloa,district,East Coast,60.5,991,7,148867,57.1,2024,Year in Review 2024.pdf,"Table 19: Occupancy of graded establishments from different districts by months, 2024",42,monthly,pdftotext_layout,false,not_required,SLTDA East Coast geography.,false
2024-05-01,2024,5,Batticaloa,district,East Coast,56.7,991,7,112128,57.1,2024,Year in Review 2024.pdf,"Table 19: Occupancy of graded establishments from different districts by months, 2024",42,monthly,pdftotext_layout,false,not_required,SLTDA East Coast geography.,false
2024-06-01,2024,6,Batticaloa,district,East Coast,65.1,991,7,113470,57.1,2024,Year in Review 2024.pdf,"Table 19: Occupancy of graded establishments from different districts by months, 2024",42,monthly,pdftotext_layout,false,not_required,SLTDA East Coast geography.,false
2024-07-01,2024,7,Batticaloa,district,East Coast,78.7,991,7,187810,57.1,2024,Year in Review 2024.pdf,"Table 19: Occupancy of graded establishments from different districts by months, 2024",42,monthly,pdftotext_layout,false,not_required,SLTDA East Coast geography.,false
2024-08-01,2024,8,Batticaloa,district,East Coast,89.3,991,7,164609,57.1,2024,Year in Review 2024.pdf,"Table 19: Occupancy of graded establishments from different districts by months, 2024",42,monthly,pdftotext_layout,false,not_required,SLTDA East Coast geography.,false
2024-09-01,2024,9,Batticaloa,district,East Coast,65.2,991,7,122140,57.1,2024,Year in Review 2024.pdf,"Table 19: Occupancy of graded establishments from different districts by months, 2024",42,monthly,pdftotext_layout,false,not_required,SLTDA East Coast geography.,false
2024-10-01,2024,10,Batticaloa,district,East Coast,40.1,991,7,135907,57.1,2024,Year in Review 2024.pdf,"Table 19: Occupancy of graded establishments from different districts by months, 2024",42,monthly,pdftotext_layout,false,not_required,SLTDA East Coast geography.,false
2024-11-01,2024,11,Batticaloa,district,East Coast,27.8,991,7,184158,57.1,2024,Year in Review 2024.pdf,"Table 19: Occupancy of graded establishments from different districts by months, 2024",42,monthly,pdftotext_layout,false,not_required,SLTDA East Coast geography.,false
2024-12-01,2024,12,Batticaloa,district,East Coast,42.9,991,7,248592,57.1,2024,Year in Review 2024.pdf,"Table 19: Occupancy of graded establishments from different districts by months, 2024",42,monthly,pdftotext_layout,false,not_required,SLTDA East Coast geography.,false
2024-01-01,2024,1,Galle,district,South Coast,68.7,8885,38,208253,44.7,2024,Year in Review 2024.pdf,"Table 19: Occupancy of graded establishments from different districts by months, 2024",42,monthly,pdftotext_layout,false,not_required,Matches the SLTDA South Coast geography.,false
2024-02-01,2024,2,Galle,district,South Coast,66.0,8885,38,218350,44.7,2024,Year in Review 2024.pdf,"Table 19: Occupancy of graded establishments from different districts by months, 2024",42,monthly,pdftotext_layout,false,not_required,Matches the SLTDA South Coast geography.,false
2024-03-01,2024,3,Galle,district,South Coast,61.3,8885,38,209181,44.7,2024,Year in Review 2024.pdf,"Table 19: Occupancy of graded establishments from different districts by months, 2024",42,monthly,pdftotext_layout,false,not_required,Matches the SLTDA South Coast geography.,false
2024-04-01,2024,4,Galle,district,South Coast,47.8,8885,38,148867,44.7,2024,Year in Review 2024.pdf,"Table 19: Occupancy of graded establishments from different districts by months, 2024",42,monthly,pdftotext_layout,false,not_required,Matches the SLTDA South Coast geography.,false
2024-05-01,2024,5,Galle,district,South Coast,29.1,8885,38,112128,44.7,2024,Year in Review 2024.pdf,"Table 19: Occupancy of graded establishments from different districts by months, 2024",42,monthly,pdftotext_layout,false,not_required,Matches the SLTDA South Coast geography.,false
2024-06-01,2024,6,Galle,district,South Coast,24.5,8885,38,113470,44.7,2024,Year in Review 2024.pdf,"Table 19: Occupancy of graded establishments from different districts by months, 2024",42,monthly,pdftotext_layout,false,not_required,Matches the SLTDA South Coast geography.,false
2024-07-01,2024,7,Galle,district,South Coast,33.4,8885,38,187810,44.7,2024,Year in Review 2024.pdf,"Table 19: Occupancy of graded establishments from different districts by months, 2024",42,monthly,pdftotext_layout,false,not_required,Matches the SLTDA South Coast geography.,false
2024-08-01,2024,8,Galle,district,South Coast,38.6,8885,38,164609,44.7,2024,Year in Review 2024.pdf,"Table 19: Occupancy of graded establishments from different districts by months, 2024",42,monthly,pdftotext_layout,false,not_required,Matches the SLTDA South Coast geography.,false
2024-09-01,2024,9,Galle,district,South Coast,34.4,8885,38,122140,44.7,2024,Year in Review 2024.pdf,"Table 19: Occupancy of graded establishments from different districts by months, 2024",42,monthly,pdftotext_layout,false,not_required,Matches the SLTDA South Coast geography.,false
2024-10-01,2024,10,Galle,district,South Coast,38.8,8885,38,135907,44.7,2024,Year in Review 2024.pdf,"Table 19: Occupancy of graded establishments from different districts by months, 2024",42,monthly,pdftotext_layout,false,not_required,Matches the SLTDA South Coast geography.,false
2024-11-01,2024,11,Galle,district,South Coast,42.7,8885,38,184158,44.7,2024,Year in Review 2024.pdf,"Table 19: Occupancy of graded establishments from different districts by months, 2024",42,monthly,pdftotext_layout,false,not_required,Matches the SLTDA South Coast geography.,false
2024-12-01,2024,12,Galle,district,South Coast,51.3,8885,38,248592,44.7,2024,Year in Review 2024.pdf,"Table 19: Occupancy of graded establishments from different districts by months, 2024",42,monthly,pdftotext_layout,false,not_required,Matches the SLTDA South Coast geography.,false
2024-01-01,2024,1,Gampaha,district,Greater Colombo,72.3,4606,19,208253,52.5,2024,Year in Review 2024.pdf,"Table 19: Occupancy of graded establishments from different districts by months, 2024",42,monthly,pdftotext_layout,false,not_required,Defensible approximation to the North of Colombo subregion; district and resort boundaries are not identical.,false
2024-02-01,2024,2,Gampaha,district,Greater Colombo,70.5,4606,19,218350,52.5,2024,Year in Review 2024.pdf,"Table 19: Occupancy of graded establishments from different districts by months, 2024",42,monthly,pdftotext_layout,false,not_required,Defensible approximation to the North of Colombo subregion; district and resort boundaries are not identical.,false
2024-03-01,2024,3,Gampaha,district,Greater Colombo,68.0,4606,19,209181,52.5,2024,Year in Review 2024.pdf,"Table 19: Occupancy of graded establishments from different districts by months, 2024",42,monthly,pdftotext_layout,false,not_required,Defensible approximation to the North of Colombo subregion; district and resort boundaries are not identical.,false
2024-04-01,2024,4,Gampaha,district,Greater Colombo,54.9,4606,19,148867,52.5,2024,Year in Review 2024.pdf,"Table 19: Occupancy of graded establishments from different districts by months, 2024",42,monthly,pdftotext_layout,false,not_required,Defensible approximation to the North of Colombo subregion; district and resort boundaries are not identical.,false
2024-05-01,2024,5,Gampaha,district,Greater Colombo,44.2,4606,19,112128,52.5,2024,Year in Review 2024.pdf,"Table 19: Occupancy of graded establishments from different districts by months, 2024",42,monthly,pdftotext_layout,false,not_required,Defensible approximation to the North of Colombo subregion; district and resort boundaries are not identical.,false
2024-06-01,2024,6,Gampaha,district,Greater Colombo,40.1,4606,19,113470,52.5,2024,Year in Review 2024.pdf,"Table 19: Occupancy of graded establishments from different districts by months, 2024",42,monthly,pdftotext_layout,false,not_required,Defensible approximation to the North of Colombo subregion; district and resort boundaries are not identical.,false
2024-07-01,2024,7,Gampaha,district,Greater Colombo,53.7,4606,19,187810,52.5,2024,Year in Review 2024.pdf,"Table 19: Occupancy of graded establishments from different districts by months, 2024",42,monthly,pdftotext_layout,false,not_required,Defensible approximation to the North of Colombo subregion; district and resort boundaries are not identical.,false
2024-08-01,2024,8,Gampaha,district,Greater Colombo,58.3,4606,19,164609,52.5,2024,Year in Review 2024.pdf,"Table 19: Occupancy of graded establishments from different districts by months, 2024",42,monthly,pdftotext_layout,false,not_required,Defensible approximation to the North of Colombo subregion; district and resort boundaries are not identical.,false
2024-09-01,2024,9,Gampaha,district,Greater Colombo,45.9,4606,19,122140,52.5,2024,Year in Review 2024.pdf,"Table 19: Occupancy of graded establishments from different districts by months, 2024",42,monthly,pdftotext_layout,false,not_required,Defensible approximation to the North of Colombo subregion; district and resort boundaries are not identical.,false
2024-10-01,2024,10,Gampaha,district,Greater Colombo,43.3,4606,19,135907,52.5,2024,Year in Review 2024.pdf,"Table 19: Occupancy of graded establishments from different districts by months, 2024",42,monthly,pdftotext_layout,false,not_required,Defensible approximation to the North of Colombo subregion; district and resort boundaries are not identical.,false
2024-11-01,2024,11,Gampaha,district,Greater Colombo,41.7,4606,19,184158,52.5,2024,Year in Review 2024.pdf,"Table 19: Occupancy of graded establishments from different districts by months, 2024",42,monthly,pdftotext_layout,false,not_required,Defensible approximation to the North of Colombo subregion; district and resort boundaries are not identical.,false
2024-12-01,2024,12,Gampaha,district,Greater Colombo,37.5,4606,19,248592,52.5,2024,Year in Review 2024.pdf,"Table 19: Occupancy of graded establishments from different districts by months, 2024",42,monthly,pdftotext_layout,false,not_required,Defensible approximation to the North of Colombo subregion; district and resort boundaries are not identical.,false
2024-01-01,2024,1,Hambantota,district,South Coast,61.7,2556,10,208253,51.8,2024,Year in Review 2024.pdf,"Table 19: Occupancy of graded establishments from different districts by months, 2024",42,monthly,pdftotext_layout,false,not_required,Matches the SLTDA South Coast geography.,false
2024-02-01,2024,2,Hambantota,district,South Coast,69.5,2556,10,218350,51.8,2024,Year in Review 2024.pdf,"Table 19: Occupancy of graded establishments from different districts by months, 2024",42,monthly,pdftotext_layout,false,not_required,Matches the SLTDA South Coast geography.,false
2024-03-01,2024,3,Hambantota,district,South Coast,72.2,2556,10,209181,51.8,2024,Year in Review 2024.pdf,"Table 19: Occupancy of graded establishments from different districts by months, 2024",42,monthly,pdftotext_layout,false,not_required,Matches the SLTDA South Coast geography.,false
2024-04-01,2024,4,Hambantota,district,South Coast,53.3,2556,10,148867,51.8,2024,Year in Review 2024.pdf,"Table 19: Occupancy of graded establishments from different districts by months, 2024",42,monthly,pdftotext_layout,false,not_required,Matches the SLTDA South Coast geography.,false
2024-05-01,2024,5,Hambantota,district,South Coast,31.7,2556,10,112128,51.8,2024,Year in Review 2024.pdf,"Table 19: Occupancy of graded establishments from different districts by months, 2024",42,monthly,pdftotext_layout,false,not_required,Matches the SLTDA South Coast geography.,false
2024-06-01,2024,6,Hambantota,district,South Coast,26.4,2556,10,113470,51.8,2024,Year in Review 2024.pdf,"Table 19: Occupancy of graded establishments from different districts by months, 2024",42,monthly,pdftotext_layout,false,not_required,Matches the SLTDA South Coast geography.,false
2024-07-01,2024,7,Hambantota,district,South Coast,45.5,2556,10,187810,51.8,2024,Year in Review 2024.pdf,"Table 19: Occupancy of graded establishments from different districts by months, 2024",42,monthly,pdftotext_layout,false,not_required,Matches the SLTDA South Coast geography.,false
2024-08-01,2024,8,Hambantota,district,South Coast,57.8,2556,10,164609,51.8,2024,Year in Review 2024.pdf,"Table 19: Occupancy of graded establishments from different districts by months, 2024",42,monthly,pdftotext_layout,false,not_required,Matches the SLTDA South Coast geography.,false
2024-09-01,2024,9,Hambantota,district,South Coast,34.8,2556,10,122140,51.8,2024,Year in Review 2024.pdf,"Table 19: Occupancy of graded establishments from different districts by months, 2024",42,monthly,pdftotext_layout,false,not_required,Matches the SLTDA South Coast geography.,false
2024-10-01,2024,10,Hambantota,district,South Coast,48.1,2556,10,135907,51.8,2024,Year in Review 2024.pdf,"Table 19: Occupancy of graded establishments from different districts by months, 2024",42,monthly,pdftotext_layout,false,not_required,Matches the SLTDA South Coast geography.,false
2024-11-01,2024,11,Hambantota,district,South Coast,55.6,2556,10,184158,51.8,2024,Year in Review 2024.pdf,"Table 19: Occupancy of graded establishments from different districts by months, 2024",42,monthly,pdftotext_layout,false,not_required,Matches the SLTDA South Coast geography.,false
2024-12-01,2024,12,Hambantota,district,South Coast,64.9,2556,10,248592,51.8,2024,Year in Review 2024.pdf,"Table 19: Occupancy of graded establishments from different districts by months, 2024",42,monthly,pdftotext_layout,false,not_required,Matches the SLTDA South Coast geography.,false
2024-01-01,2024,1,Jaffna,district,Northern Region,58.1,712,4,208253,43.4,2024,Year in Review 2024.pdf,"Table 19: Occupancy of graded establishments from different districts by months, 2024",42,monthly,pdftotext_layout,false,not_required,SLTDA Northern Region geography.,false
2024-02-01,2024,2,Jaffna,district,Northern Region,54.1,712,4,218350,43.4,2024,Year in Review 2024.pdf,"Table 19: Occupancy of graded establishments from different districts by months, 2024",42,monthly,pdftotext_layout,false,not_required,SLTDA Northern Region geography.,false
2024-03-01,2024,3,Jaffna,district,Northern Region,46.6,712,4,209181,43.4,2024,Year in Review 2024.pdf,"Table 19: Occupancy of graded establishments from different districts by months, 2024",42,monthly,pdftotext_layout,false,not_required,SLTDA Northern Region geography.,false
2024-04-01,2024,4,Jaffna,district,Northern Region,38.0,712,4,148867,43.4,2024,Year in Review 2024.pdf,"Table 19: Occupancy of graded establishments from different districts by months, 2024",42,monthly,pdftotext_layout,false,not_required,SLTDA Northern Region geography.,false
2024-05-01,2024,5,Jaffna,district,Northern Region,36.9,712,4,112128,43.4,2024,Year in Review 2024.pdf,"Table 19: Occupancy of graded establishments from different districts by months, 2024",42,monthly,pdftotext_layout,false,not_required,SLTDA Northern Region geography.,false
2024-06-01,2024,6,Jaffna,district,Northern Region,38.0,712,4,113470,43.4,2024,Year in Review 2024.pdf,"Table 19: Occupancy of graded establishments from different districts by months, 2024",42,monthly,pdftotext_layout,false,not_required,SLTDA Northern Region geography.,false
2024-07-01,2024,7,Jaffna,district,Northern Region,52.7,712,4,187810,43.4,2024,Year in Review 2024.pdf,"Table 19: Occupancy of graded establishments from different districts by months, 2024",42,monthly,pdftotext_layout,false,not_required,SLTDA Northern Region geography.,false
2024-08-01,2024,8,Jaffna,district,Northern Region,60.1,712,4,164609,43.4,2024,Year in Review 2024.pdf,"Table 19: Occupancy of graded establishments from different districts by months, 2024",42,monthly,pdftotext_layout,false,not_required,SLTDA Northern Region geography.,false
2024-09-01,2024,9,Jaffna,district,Northern Region,37.5,712,4,122140,43.4,2024,Year in Review 2024.pdf,"Table 19: Occupancy of graded establishments from different districts by months, 2024",42,monthly,pdftotext_layout,false,not_required,SLTDA Northern Region geography.,false
2024-10-01,2024,10,Jaffna,district,Northern Region,30.7,712,4,135907,43.4,2024,Year in Review 2024.pdf,"Table 19: Occupancy of graded establishments from different districts by months, 2024",42,monthly,pdftotext_layout,false,not_required,SLTDA Northern Region geography.,false
2024-11-01,2024,11,Jaffna,district,Northern Region,28.1,712,4,184158,43.4,2024,Year in Review 2024.pdf,"Table 19: Occupancy of graded establishments from different districts by months, 2024",42,monthly,pdftotext_layout,false,not_required,SLTDA Northern Region geography.,false
2024-12-01,2024,12,Jaffna,district,Northern Region,40.0,712,4,248592,43.4,2024,Year in Review 2024.pdf,"Table 19: Occupancy of graded establishments from different districts by months, 2024",42,monthly,pdftotext_layout,false,not_required,SLTDA Northern Region geography.,false
2024-01-01,2024,1,Kalutara,district,Greater Colombo,73.9,4053,15,208253,50.5,2024,Year in Review 2024.pdf,"Table 19: Occupancy of graded establishments from different districts by months, 2024",42,monthly,pdftotext_layout,false,not_required,Defensible approximation to the South of Colombo subregion; district and resort boundaries are not identical.,false
2024-02-01,2024,2,Kalutara,district,Greater Colombo,70.6,4053,15,218350,50.5,2024,Year in Review 2024.pdf,"Table 19: Occupancy of graded establishments from different districts by months, 2024",42,monthly,pdftotext_layout,false,not_required,Defensible approximation to the South of Colombo subregion; district and resort boundaries are not identical.,false
2024-03-01,2024,3,Kalutara,district,Greater Colombo,72.1,4053,15,209181,50.5,2024,Year in Review 2024.pdf,"Table 19: Occupancy of graded establishments from different districts by months, 2024",42,monthly,pdftotext_layout,false,not_required,Defensible approximation to the South of Colombo subregion; district and resort boundaries are not identical.,false
2024-04-01,2024,4,Kalutara,district,Greater Colombo,53.4,4053,15,148867,50.5,2024,Year in Review 2024.pdf,"Table 19: Occupancy of graded establishments from different districts by months, 2024",42,monthly,pdftotext_layout,false,not_required,Defensible approximation to the South of Colombo subregion; district and resort boundaries are not identical.,false
2024-05-01,2024,5,Kalutara,district,Greater Colombo,35.4,4053,15,112128,50.5,2024,Year in Review 2024.pdf,"Table 19: Occupancy of graded establishments from different districts by months, 2024",42,monthly,pdftotext_layout,false,not_required,Defensible approximation to the South of Colombo subregion; district and resort boundaries are not identical.,false
2024-06-01,2024,6,Kalutara,district,Greater Colombo,28.4,4053,15,113470,50.5,2024,Year in Review 2024.pdf,"Table 19: Occupancy of graded establishments from different districts by months, 2024",42,monthly,pdftotext_layout,false,not_required,Defensible approximation to the South of Colombo subregion; district and resort boundaries are not identical.,false
2024-07-01,2024,7,Kalutara,district,Greater Colombo,37.5,4053,15,187810,50.5,2024,Year in Review 2024.pdf,"Table 19: Occupancy of graded establishments from different districts by months, 2024",42,monthly,pdftotext_layout,false,not_required,Defensible approximation to the South of Colombo subregion; district and resort boundaries are not identical.,false
2024-08-01,2024,8,Kalutara,district,Greater Colombo,47.2,4053,15,164609,50.5,2024,Year in Review 2024.pdf,"Table 19: Occupancy of graded establishments from different districts by months, 2024",42,monthly,pdftotext_layout,false,not_required,Defensible approximation to the South of Colombo subregion; district and resort boundaries are not identical.,false
2024-09-01,2024,9,Kalutara,district,Greater Colombo,39.7,4053,15,122140,50.5,2024,Year in Review 2024.pdf,"Table 19: Occupancy of graded establishments from different districts by months, 2024",42,monthly,pdftotext_layout,false,not_required,Defensible approximation to the South of Colombo subregion; district and resort boundaries are not identical.,false
2024-10-01,2024,10,Kalutara,district,Greater Colombo,38.9,4053,15,135907,50.5,2024,Year in Review 2024.pdf,"Table 19: Occupancy of graded establishments from different districts by months, 2024",42,monthly,pdftotext_layout,false,not_required,Defensible approximation to the South of Colombo subregion; district and resort boundaries are not identical.,false
2024-11-01,2024,11,Kalutara,district,Greater Colombo,51.3,4053,15,184158,50.5,2024,Year in Review 2024.pdf,"Table 19: Occupancy of graded establishments from different districts by months, 2024",42,monthly,pdftotext_layout,false,not_required,Defensible approximation to the South of Colombo subregion; district and resort boundaries are not identical.,false
2024-12-01,2024,12,Kalutara,district,Greater Colombo,57.6,4053,15,248592,50.5,2024,Year in Review 2024.pdf,"Table 19: Occupancy of graded establishments from different districts by months, 2024",42,monthly,pdftotext_layout,false,not_required,Defensible approximation to the South of Colombo subregion; district and resort boundaries are not identical.,false
2024-01-01,2024,1,Kandy,district,Ancient Cities,60.2,4038,16,208253,48.9,2024,Year in Review 2024.pdf,"Table 19: Occupancy of graded establishments from different districts by months, 2024",42,monthly,pdftotext_layout,false,not_required,Matches the SLTDA Kandy Area subregion under Ancient Cities.,false
2024-02-01,2024,2,Kandy,district,Ancient Cities,57.1,4038,16,218350,48.9,2024,Year in Review 2024.pdf,"Table 19: Occupancy of graded establishments from different districts by months, 2024",42,monthly,pdftotext_layout,false,not_required,Matches the SLTDA Kandy Area subregion under Ancient Cities.,false
2024-03-01,2024,3,Kandy,district,Ancient Cities,64.0,4038,16,209181,48.9,2024,Year in Review 2024.pdf,"Table 19: Occupancy of graded establishments from different districts by months, 2024",42,monthly,pdftotext_layout,false,not_required,Matches the SLTDA Kandy Area subregion under Ancient Cities.,false
2024-04-01,2024,4,Kandy,district,Ancient Cities,49.9,4038,16,148867,48.9,2024,Year in Review 2024.pdf,"Table 19: Occupancy of graded establishments from different districts by months, 2024",42,monthly,pdftotext_layout,false,not_required,Matches the SLTDA Kandy Area subregion under Ancient Cities.,false
2024-05-01,2024,5,Kandy,district,Ancient Cities,34.3,4038,16,112128,48.9,2024,Year in Review 2024.pdf,"Table 19: Occupancy of graded establishments from different districts by months, 2024",42,monthly,pdftotext_layout,false,not_required,Matches the SLTDA Kandy Area subregion under Ancient Cities.,false
2024-06-01,2024,6,Kandy,district,Ancient Cities,35.0,4038,16,113470,48.9,2024,Year in Review 2024.pdf,"Table 19: Occupancy of graded establishments from different districts by months, 2024",42,monthly,pdftotext_layout,false,not_required,Matches the SLTDA Kandy Area subregion under Ancient Cities.,false
2024-07-01,2024,7,Kandy,district,Ancient Cities,50.2,4038,16,187810,48.9,2024,Year in Review 2024.pdf,"Table 19: Occupancy of graded establishments from different districts by months, 2024",42,monthly,pdftotext_layout,false,not_required,Matches the SLTDA Kandy Area subregion under Ancient Cities.,false
2024-08-01,2024,8,Kandy,district,Ancient Cities,57.7,4038,16,164609,48.9,2024,Year in Review 2024.pdf,"Table 19: Occupancy of graded establishments from different districts by months, 2024",42,monthly,pdftotext_layout,false,not_required,Matches the SLTDA Kandy Area subregion under Ancient Cities.,false
2024-09-01,2024,9,Kandy,district,Ancient Cities,42.8,4038,16,122140,48.9,2024,Year in Review 2024.pdf,"Table 19: Occupancy of graded establishments from different districts by months, 2024",42,monthly,pdftotext_layout,false,not_required,Matches the SLTDA Kandy Area subregion under Ancient Cities.,false
2024-10-01,2024,10,Kandy,district,Ancient Cities,42.4,4038,16,135907,48.9,2024,Year in Review 2024.pdf,"Table 19: Occupancy of graded establishments from different districts by months, 2024",42,monthly,pdftotext_layout,false,not_required,Matches the SLTDA Kandy Area subregion under Ancient Cities.,false
2024-11-01,2024,11,Kandy,district,Ancient Cities,46.6,4038,16,184158,48.9,2024,Year in Review 2024.pdf,"Table 19: Occupancy of graded establishments from different districts by months, 2024",42,monthly,pdftotext_layout,false,not_required,Matches the SLTDA Kandy Area subregion under Ancient Cities.,false
2024-12-01,2024,12,Kandy,district,Ancient Cities,47.1,4038,16,248592,48.9,2024,Year in Review 2024.pdf,"Table 19: Occupancy of graded establishments from different districts by months, 2024",42,monthly,pdftotext_layout,false,not_required,Matches the SLTDA Kandy Area subregion under Ancient Cities.,false
2024-01-01,2024,1,Matale,district,Ancient Cities,40.8,2404,19,208253,37.2,2024,Year in Review 2024.pdf,"Table 19: Occupancy of graded establishments from different districts by months, 2024",42,monthly,pdftotext_layout,false,not_required,Includes locations represented by the Habarana/Sigiriya/Dambulla subregion; district and resort boundaries are not identical.,false
2024-02-01,2024,2,Matale,district,Ancient Cities,46.1,2404,19,218350,37.2,2024,Year in Review 2024.pdf,"Table 19: Occupancy of graded establishments from different districts by months, 2024",42,monthly,pdftotext_layout,false,not_required,Includes locations represented by the Habarana/Sigiriya/Dambulla subregion; district and resort boundaries are not identical.,false
2024-03-01,2024,3,Matale,district,Ancient Cities,44.9,2404,19,209181,37.2,2024,Year in Review 2024.pdf,"Table 19: Occupancy of graded establishments from different districts by months, 2024",42,monthly,pdftotext_layout,false,not_required,Includes locations represented by the Habarana/Sigiriya/Dambulla subregion; district and resort boundaries are not identical.,false
2024-04-01,2024,4,Matale,district,Ancient Cities,35.3,2404,19,148867,37.2,2024,Year in Review 2024.pdf,"Table 19: Occupancy of graded establishments from different districts by months, 2024",42,monthly,pdftotext_layout,false,not_required,Includes locations represented by the Habarana/Sigiriya/Dambulla subregion; district and resort boundaries are not identical.,false
2024-05-01,2024,5,Matale,district,Ancient Cities,22.4,2404,19,112128,37.2,2024,Year in Review 2024.pdf,"Table 19: Occupancy of graded establishments from different districts by months, 2024",42,monthly,pdftotext_layout,false,not_required,Includes locations represented by the Habarana/Sigiriya/Dambulla subregion; district and resort boundaries are not identical.,false
2024-06-01,2024,6,Matale,district,Ancient Cities,24.3,2404,19,113470,37.2,2024,Year in Review 2024.pdf,"Table 19: Occupancy of graded establishments from different districts by months, 2024",42,monthly,pdftotext_layout,false,not_required,Includes locations represented by the Habarana/Sigiriya/Dambulla subregion; district and resort boundaries are not identical.,false
2024-07-01,2024,7,Matale,district,Ancient Cities,42.8,2404,19,187810,37.2,2024,Year in Review 2024.pdf,"Table 19: Occupancy of graded establishments from different districts by months, 2024",42,monthly,pdftotext_layout,false,not_required,Includes locations represented by the Habarana/Sigiriya/Dambulla subregion; district and resort boundaries are not identical.,false
2024-08-01,2024,8,Matale,district,Ancient Cities,44.1,2404,19,164609,37.2,2024,Year in Review 2024.pdf,"Table 19: Occupancy of graded establishments from different districts by months, 2024",42,monthly,pdftotext_layout,false,not_required,Includes locations represented by the Habarana/Sigiriya/Dambulla subregion; district and resort boundaries are not identical.,false
2024-09-01,2024,9,Matale,district,Ancient Cities,31.7,2404,19,122140,37.2,2024,Year in Review 2024.pdf,"Table 19: Occupancy of graded establishments from different districts by months, 2024",42,monthly,pdftotext_layout,false,not_required,Includes locations represented by the Habarana/Sigiriya/Dambulla subregion; district and resort boundaries are not identical.,false
2024-10-01,2024,10,Matale,district,Ancient Cities,34.8,2404,19,135907,37.2,2024,Year in Review 2024.pdf,"Table 19: Occupancy of graded establishments from different districts by months, 2024",42,monthly,pdftotext_layout,false,not_required,Includes locations represented by the Habarana/Sigiriya/Dambulla subregion; district and resort boundaries are not identical.,false
2024-11-01,2024,11,Matale,district,Ancient Cities,40.5,2404,19,184158,37.2,2024,Year in Review 2024.pdf,"Table 19: Occupancy of graded establishments from different districts by months, 2024",42,monthly,pdftotext_layout,false,not_required,Includes locations represented by the Habarana/Sigiriya/Dambulla subregion; district and resort boundaries are not identical.,false
2024-12-01,2024,12,Matale,district,Ancient Cities,38.7,2404,19,248592,37.2,2024,Year in Review 2024.pdf,"Table 19: Occupancy of graded establishments from different districts by months, 2024",42,monthly,pdftotext_layout,false,not_required,Includes locations represented by the Habarana/Sigiriya/Dambulla subregion; district and resort boundaries are not identical.,false
2024-01-01,2024,1,Matara,district,South Coast,65.4,2681,8,208253,46.9,2024,Year in Review 2024.pdf,"Table 19: Occupancy of graded establishments from different districts by months, 2024",42,monthly,pdftotext_layout,false,not_required,Matches the SLTDA South Coast geography.,false
2024-02-01,2024,2,Matara,district,South Coast,60.8,2681,8,218350,46.9,2024,Year in Review 2024.pdf,"Table 19: Occupancy of graded establishments from different districts by months, 2024",42,monthly,pdftotext_layout,false,not_required,Matches the SLTDA South Coast geography.,false
2024-03-01,2024,3,Matara,district,South Coast,64.5,2681,8,209181,46.9,2024,Year in Review 2024.pdf,"Table 19: Occupancy of graded establishments from different districts by months, 2024",42,monthly,pdftotext_layout,false,not_required,Matches the SLTDA South Coast geography.,false
2024-04-01,2024,4,Matara,district,South Coast,53.7,2681,8,148867,46.9,2024,Year in Review 2024.pdf,"Table 19: Occupancy of graded establishments from different districts by months, 2024",42,monthly,pdftotext_layout,false,not_required,Matches the SLTDA South Coast geography.,false
2024-05-01,2024,5,Matara,district,South Coast,31.7,2681,8,112128,46.9,2024,Year in Review 2024.pdf,"Table 19: Occupancy of graded establishments from different districts by months, 2024",42,monthly,pdftotext_layout,false,not_required,Matches the SLTDA South Coast geography.,false
2024-06-01,2024,6,Matara,district,South Coast,21.9,2681,8,113470,46.9,2024,Year in Review 2024.pdf,"Table 19: Occupancy of graded establishments from different districts by months, 2024",42,monthly,pdftotext_layout,false,not_required,Matches the SLTDA South Coast geography.,false
2024-07-01,2024,7,Matara,district,South Coast,38.1,2681,8,187810,46.9,2024,Year in Review 2024.pdf,"Table 19: Occupancy of graded establishments from different districts by months, 2024",42,monthly,pdftotext_layout,false,not_required,Matches the SLTDA South Coast geography.,false
2024-08-01,2024,8,Matara,district,South Coast,45.3,2681,8,164609,46.9,2024,Year in Review 2024.pdf,"Table 19: Occupancy of graded establishments from different districts by months, 2024",42,monthly,pdftotext_layout,false,not_required,Matches the SLTDA South Coast geography.,false
2024-09-01,2024,9,Matara,district,South Coast,31.2,2681,8,122140,46.9,2024,Year in Review 2024.pdf,"Table 19: Occupancy of graded establishments from different districts by months, 2024",42,monthly,pdftotext_layout,false,not_required,Matches the SLTDA South Coast geography.,false
2024-10-01,2024,10,Matara,district,South Coast,39.8,2681,8,135907,46.9,2024,Year in Review 2024.pdf,"Table 19: Occupancy of graded establishments from different districts by months, 2024",42,monthly,pdftotext_layout,false,not_required,Matches the SLTDA South Coast geography.,false
2024-11-01,2024,11,Matara,district,South Coast,47.8,2681,8,184158,46.9,2024,Year in Review 2024.pdf,"Table 19: Occupancy of graded establishments from different districts by months, 2024",42,monthly,pdftotext_layout,false,not_required,Matches the SLTDA South Coast geography.,false
2024-12-01,2024,12,Matara,district,South Coast,62.4,2681,8,248592,46.9,2024,Year in Review 2024.pdf,"Table 19: Occupancy of graded establishments from different districts by months, 2024",42,monthly,pdftotext_layout,false,not_required,Matches the SLTDA South Coast geography.,false
2024-01-01,2024,1,Nuwara Eliya,district,Hill Country,53.8,2553,10,208253,46.9,2024,Year in Review 2024.pdf,"Table 19: Occupancy of graded establishments from different districts by months, 2024",42,monthly,pdftotext_layout,false,not_required,SLTDA Hill Country geography.,false
2024-02-01,2024,2,Nuwara Eliya,district,Hill Country,56.1,2553,10,218350,46.9,2024,Year in Review 2024.pdf,"Table 19: Occupancy of graded establishments from different districts by months, 2024",42,monthly,pdftotext_layout,false,not_required,SLTDA Hill Country geography.,false
2024-03-01,2024,3,Nuwara Eliya,district,Hill Country,54.4,2553,10,209181,46.9,2024,Year in Review 2024.pdf,"Table 19: Occupancy of graded establishments from different districts by months, 2024",42,monthly,pdftotext_layout,false,not_required,SLTDA Hill Country geography.,false
2024-04-01,2024,4,Nuwara Eliya,district,Hill Country,58.1,2553,10,148867,46.9,2024,Year in Review 2024.pdf,"Table 19: Occupancy of graded establishments from different districts by months, 2024",42,monthly,pdftotext_layout,false,not_required,SLTDA Hill Country geography.,false
2024-05-01,2024,5,Nuwara Eliya,district,Hill Country,38.4,2553,10,112128,46.9,2024,Year in Review 2024.pdf,"Table 19: Occupancy of graded establishments from different districts by months, 2024",42,monthly,pdftotext_layout,false,not_required,SLTDA Hill Country geography.,false
2024-06-01,2024,6,Nuwara Eliya,district,Hill Country,33.6,2553,10,113470,46.9,2024,Year in Review 2024.pdf,"Table 19: Occupancy of graded establishments from different districts by months, 2024",42,monthly,pdftotext_layout,false,not_required,SLTDA Hill Country geography.,false
2024-07-01,2024,7,Nuwara Eliya,district,Hill Country,48.2,2553,10,187810,46.9,2024,Year in Review 2024.pdf,"Table 19: Occupancy of graded establishments from different districts by months, 2024",42,monthly,pdftotext_layout,false,not_required,SLTDA Hill Country geography.,false
2024-08-01,2024,8,Nuwara Eliya,district,Hill Country,53.7,2553,10,164609,46.9,2024,Year in Review 2024.pdf,"Table 19: Occupancy of graded establishments from different districts by months, 2024",42,monthly,pdftotext_layout,false,not_required,SLTDA Hill Country geography.,false
2024-09-01,2024,9,Nuwara Eliya,district,Hill Country,37.4,2553,10,122140,46.9,2024,Year in Review 2024.pdf,"Table 19: Occupancy of graded establishments from different districts by months, 2024",42,monthly,pdftotext_layout,false,not_required,SLTDA Hill Country geography.,false
2024-10-01,2024,10,Nuwara Eliya,district,Hill Country,36.9,2553,10,135907,46.9,2024,Year in Review 2024.pdf,"Table 19: Occupancy of graded establishments from different districts by months, 2024",42,monthly,pdftotext_layout,false,not_required,SLTDA Hill Country geography.,false
2024-11-01,2024,11,Nuwara Eliya,district,Hill Country,48.6,2553,10,184158,46.9,2024,Year in Review 2024.pdf,"Table 19: Occupancy of graded establishments from different districts by months, 2024",42,monthly,pdftotext_layout,false,not_required,SLTDA Hill Country geography.,false
2024-12-01,2024,12,Nuwara Eliya,district,Hill Country,43.8,2553,10,248592,46.9,2024,Year in Review 2024.pdf,"Table 19: Occupancy of graded establishments from different districts by months, 2024",42,monthly,pdftotext_layout,false,not_required,SLTDA Hill Country geography.,false
2024-01-01,2024,1,Polonnaruwa,district,Ancient Cities,34.8,640,2,208253,30.5,2024,Year in Review 2024.pdf,"Table 19: Occupancy of graded establishments from different districts by months, 2024",42,monthly,pdftotext_layout,false,not_required,Matches the SLTDA Polonnaruwa/Giritale subregion.,false
2024-02-01,2024,2,Polonnaruwa,district,Ancient Cities,43.3,640,2,218350,30.5,2024,Year in Review 2024.pdf,"Table 19: Occupancy of graded establishments from different districts by months, 2024",42,monthly,pdftotext_layout,false,not_required,Matches the SLTDA Polonnaruwa/Giritale subregion.,false
2024-03-01,2024,3,Polonnaruwa,district,Ancient Cities,35.9,640,2,209181,30.5,2024,Year in Review 2024.pdf,"Table 19: Occupancy of graded establishments from different districts by months, 2024",42,monthly,pdftotext_layout,false,not_required,Matches the SLTDA Polonnaruwa/Giritale subregion.,false
2024-04-01,2024,4,Polonnaruwa,district,Ancient Cities,28.3,640,2,148867,30.5,2024,Year in Review 2024.pdf,"Table 19: Occupancy of graded establishments from different districts by months, 2024",42,monthly,pdftotext_layout,false,not_required,Matches the SLTDA Polonnaruwa/Giritale subregion.,false
2024-05-01,2024,5,Polonnaruwa,district,Ancient Cities,16.3,640,2,112128,30.5,2024,Year in Review 2024.pdf,"Table 19: Occupancy of graded establishments from different districts by months, 2024",42,monthly,pdftotext_layout,false,not_required,Matches the SLTDA Polonnaruwa/Giritale subregion.,false
2024-06-01,2024,6,Polonnaruwa,district,Ancient Cities,18.1,640,2,113470,30.5,2024,Year in Review 2024.pdf,"Table 19: Occupancy of graded establishments from different districts by months, 2024",42,monthly,pdftotext_layout,false,not_required,Matches the SLTDA Polonnaruwa/Giritale subregion.,false
2024-07-01,2024,7,Polonnaruwa,district,Ancient Cities,35.5,640,2,187810,30.5,2024,Year in Review 2024.pdf,"Table 19: Occupancy of graded establishments from different districts by months, 2024",42,monthly,pdftotext_layout,false,not_required,Matches the SLTDA Polonnaruwa/Giritale subregion.,false
2024-08-01,2024,8,Polonnaruwa,district,Ancient Cities,50.1,640,2,164609,30.5,2024,Year in Review 2024.pdf,"Table 19: Occupancy of graded establishments from different districts by months, 2024",42,monthly,pdftotext_layout,false,not_required,Matches the SLTDA Polonnaruwa/Giritale subregion.,false
2024-09-01,2024,9,Polonnaruwa,district,Ancient Cities,21.3,640,2,122140,30.5,2024,Year in Review 2024.pdf,"Table 19: Occupancy of graded establishments from different districts by months, 2024",42,monthly,pdftotext_layout,false,not_required,Matches the SLTDA Polonnaruwa/Giritale subregion.,false
2024-10-01,2024,10,Polonnaruwa,district,Ancient Cities,19.0,640,2,135907,30.5,2024,Year in Review 2024.pdf,"Table 19: Occupancy of graded establishments from different districts by months, 2024",42,monthly,pdftotext_layout,false,not_required,Matches the SLTDA Polonnaruwa/Giritale subregion.,false
2024-11-01,2024,11,Polonnaruwa,district,Ancient Cities,25.2,640,2,184158,30.5,2024,Year in Review 2024.pdf,"Table 19: Occupancy of graded establishments from different districts by months, 2024",42,monthly,pdftotext_layout,false,not_required,Matches the SLTDA Polonnaruwa/Giritale subregion.,false
2024-12-01,2024,12,Polonnaruwa,district,Ancient Cities,37.9,640,2,248592,30.5,2024,Year in Review 2024.pdf,"Table 19: Occupancy of graded establishments from different districts by months, 2024",42,monthly,pdftotext_layout,false,not_required,Matches the SLTDA Polonnaruwa/Giritale subregion.,false
2024-01-01,2024,1,Trincomalee,district,East Coast,40.4,798,3,208253,43.5,2024,Year in Review 2024.pdf,"Table 19: Occupancy of graded establishments from different districts by months, 2024",42,monthly,pdftotext_layout,false,not_required,SLTDA East Coast geography.,false
2024-02-01,2024,2,Trincomalee,district,East Coast,43.6,798,3,218350,43.5,2024,Year in Review 2024.pdf,"Table 19: Occupancy of graded establishments from different districts by months, 2024",42,monthly,pdftotext_layout,false,not_required,SLTDA East Coast geography.,false
2024-03-01,2024,3,Trincomalee,district,East Coast,43.9,798,3,209181,43.5,2024,Year in Review 2024.pdf,"Table 19: Occupancy of graded establishments from different districts by months, 2024",42,monthly,pdftotext_layout,false,not_required,SLTDA East Coast geography.,false
2024-04-01,2024,4,Trincomalee,district,East Coast,45.3,798,3,148867,43.5,2024,Year in Review 2024.pdf,"Table 19: Occupancy of graded establishments from different districts by months, 2024",42,monthly,pdftotext_layout,false,not_required,SLTDA East Coast geography.,false
2024-05-01,2024,5,Trincomalee,district,East Coast,38.6,798,3,112128,43.5,2024,Year in Review 2024.pdf,"Table 19: Occupancy of graded establishments from different districts by months, 2024",42,monthly,pdftotext_layout,false,not_required,SLTDA East Coast geography.,false
2024-06-01,2024,6,Trincomalee,district,East Coast,43.9,798,3,113470,43.5,2024,Year in Review 2024.pdf,"Table 19: Occupancy of graded establishments from different districts by months, 2024",42,monthly,pdftotext_layout,false,not_required,SLTDA East Coast geography.,false
2024-07-01,2024,7,Trincomalee,district,East Coast,64.8,798,3,187810,43.5,2024,Year in Review 2024.pdf,"Table 19: Occupancy of graded establishments from different districts by months, 2024",42,monthly,pdftotext_layout,false,not_required,SLTDA East Coast geography.,false
2024-08-01,2024,8,Trincomalee,district,East Coast,72.2,798,3,164609,43.5,2024,Year in Review 2024.pdf,"Table 19: Occupancy of graded establishments from different districts by months, 2024",42,monthly,pdftotext_layout,false,not_required,SLTDA East Coast geography.,false
2024-09-01,2024,9,Trincomalee,district,East Coast,49.7,798,3,122140,43.5,2024,Year in Review 2024.pdf,"Table 19: Occupancy of graded establishments from different districts by months, 2024",42,monthly,pdftotext_layout,false,not_required,SLTDA East Coast geography.,false
2024-10-01,2024,10,Trincomalee,district,East Coast,33.2,798,3,135907,43.5,2024,Year in Review 2024.pdf,"Table 19: Occupancy of graded establishments from different districts by months, 2024",42,monthly,pdftotext_layout,false,not_required,SLTDA East Coast geography.,false
2024-11-01,2024,11,Trincomalee,district,East Coast,25.2,798,3,184158,43.5,2024,Year in Review 2024.pdf,"Table 19: Occupancy of graded establishments from different districts by months, 2024",42,monthly,pdftotext_layout,false,not_required,SLTDA East Coast geography.,false
2024-12-01,2024,12,Trincomalee,district,East Coast,21.5,798,3,248592,43.5,2024,Year in Review 2024.pdf,"Table 19: Occupancy of graded establishments from different districts by months, 2024",42,monthly,pdftotext_layout,false,not_required,SLTDA East Coast geography.,false
2024-01-01,2024,1,Vavuniya,district,Northern Region,75.0,135,1,208253,84.7,2024,Year in Review 2024.pdf,"Table 19: Occupancy of graded establishments from different districts by months, 2024",42,monthly,pdftotext_layout,false,not_required,SLTDA Northern Region geography.,false
2024-02-01,2024,2,Vavuniya,district,Northern Region,83.3,135,1,218350,84.7,2024,Year in Review 2024.pdf,"Table 19: Occupancy of graded establishments from different districts by months, 2024",42,monthly,pdftotext_layout,false,not_required,SLTDA Northern Region geography.,false
2024-03-01,2024,3,Vavuniya,district,Northern Region,91.7,135,1,209181,84.7,2024,Year in Review 2024.pdf,"Table 19: Occupancy of graded establishments from different districts by months, 2024",42,monthly,pdftotext_layout,false,not_required,SLTDA Northern Region geography.,false
2024-04-01,2024,4,Vavuniya,district,Northern Region,91.7,135,1,148867,84.7,2024,Year in Review 2024.pdf,"Table 19: Occupancy of graded establishments from different districts by months, 2024",42,monthly,pdftotext_layout,false,not_required,SLTDA Northern Region geography.,false
2024-05-01,2024,5,Vavuniya,district,Northern Region,100.0,135,1,112128,84.7,2024,Year in Review 2024.pdf,"Table 19: Occupancy of graded establishments from different districts by months, 2024",42,monthly,pdftotext_layout,false,not_required,SLTDA Northern Region geography.,false
2024-06-01,2024,6,Vavuniya,district,Northern Region,83.3,135,1,113470,84.7,2024,Year in Review 2024.pdf,"Table 19: Occupancy of graded establishments from different districts by months, 2024",42,monthly,pdftotext_layout,false,not_required,SLTDA Northern Region geography.,false
2024-07-01,2024,7,Vavuniya,district,Northern Region,100.0,135,1,187810,84.7,2024,Year in Review 2024.pdf,"Table 19: Occupancy of graded establishments from different districts by months, 2024",42,monthly,pdftotext_layout,false,not_required,SLTDA Northern Region geography.,false
2024-08-01,2024,8,Vavuniya,district,Northern Region,100.0,135,1,164609,84.7,2024,Year in Review 2024.pdf,"Table 19: Occupancy of graded establishments from different districts by months, 2024",42,monthly,pdftotext_layout,false,not_required,SLTDA Northern Region geography.,false
2024-09-01,2024,9,Vavuniya,district,Northern Region,83.3,135,1,122140,84.7,2024,Year in Review 2024.pdf,"Table 19: Occupancy of graded establishments from different districts by months, 2024",42,monthly,pdftotext_layout,false,not_required,SLTDA Northern Region geography.,false
2024-10-01,2024,10,Vavuniya,district,Northern Region,75.0,135,1,135907,84.7,2024,Year in Review 2024.pdf,"Table 19: Occupancy of graded establishments from different districts by months, 2024",42,monthly,pdftotext_layout,false,not_required,SLTDA Northern Region geography.,false
2024-11-01,2024,11,Vavuniya,district,Northern Region,66.7,135,1,184158,84.7,2024,Year in Review 2024.pdf,"Table 19: Occupancy of graded establishments from different districts by months, 2024",42,monthly,pdftotext_layout,false,not_required,SLTDA Northern Region geography.,false
2024-12-01,2024,12,Vavuniya,district,Northern Region,66.7,135,1,248592,84.7,2024,Year in Review 2024.pdf,"Table 19: Occupancy of graded establishments from different districts by months, 2024",42,monthly,pdftotext_layout,false,not_required,SLTDA Northern Region geography.,false
