date,year,month,location,location_type,occupancy_rate,rooms,units_or_hotels,annual_occupancy_rate,source_year,source_report,source_table,source_page,source_granularity,extraction_method,needs_manual_review
2017-01-01,2017,1,Colombo City,resort_region,73.2,5310,41,75.31,2017,Annual Statistical Report 2017.pdf,Table 23: Monthly Occupancy Rates in Tourist Hotels by Region – 2017,82,monthly,pdftotext_layout,false
2017-02-01,2017,2,Colombo City,resort_region,69.7,5310,41,75.31,2017,Annual Statistical Report 2017.pdf,Table 23: Monthly Occupancy Rates in Tourist Hotels by Region – 2017,82,monthly,pdftotext_layout,false
2017-03-01,2017,3,Colombo City,resort_region,72.8,5310,41,75.31,2017,Annual Statistical Report 2017.pdf,Table 23: Monthly Occupancy Rates in Tourist Hotels by Region – 2017,82,monthly,pdftotext_layout,false
2017-04-01,2017,4,Colombo City,resort_region,67.92,5310,41,75.31,2017,Annual Statistical Report 2017.pdf,Table 23: Monthly Occupancy Rates in Tourist Hotels by Region – 2017,82,monthly,pdftotext_layout,false
2017-05-01,2017,5,Colombo City,resort_region,79.53,5310,41,75.31,2017,Annual Statistical Report 2017.pdf,Table 23: Monthly Occupancy Rates in Tourist Hotels by Region – 2017,82,monthly,pdftotext_layout,false
2017-06-01,2017,6,Colombo City,resort_region,72.86,5310,41,75.31,2017,Annual Statistical Report 2017.pdf,Table 23: Monthly Occupancy Rates in Tourist Hotels by Region – 2017,82,monthly,pdftotext_layout,false
2017-07-01,2017,7,Colombo City,resort_region,71.17,5310,41,75.31,2017,Annual Statistical Report 2017.pdf,Table 23: Monthly Occupancy Rates in Tourist Hotels by Region – 2017,82,monthly,pdftotext_layout,false
2017-08-01,2017,8,Colombo City,resort_region,81.57,5310,41,75.31,2017,Annual Statistical Report 2017.pdf,Table 23: Monthly Occupancy Rates in Tourist Hotels by Region – 2017,82,monthly,pdftotext_layout,false
2017-09-01,2017,9,Colombo City,resort_region,75.06,5310,41,75.31,2017,Annual Statistical Report 2017.pdf,Table 23: Monthly Occupancy Rates in Tourist Hotels by Region – 2017,82,monthly,pdftotext_layout,false
2017-10-01,2017,10,Colombo City,resort_region,78.2,5310,41,75.31,2017,Annual Statistical Report 2017.pdf,Table 23: Monthly Occupancy Rates in Tourist Hotels by Region – 2017,82,monthly,pdftotext_layout,false
2017-11-01,2017,11,Colombo City,resort_region,78.34,5310,41,75.31,2017,Annual Statistical Report 2017.pdf,Table 23: Monthly Occupancy Rates in Tourist Hotels by Region – 2017,82,monthly,pdftotext_layout,false
2017-12-01,2017,12,Colombo City,resort_region,83.41,5310,41,75.31,2017,Annual Statistical Report 2017.pdf,Table 23: Monthly Occupancy Rates in Tourist Hotels by Region – 2017,82,monthly,pdftotext_layout,false
2017-01-01,2017,1,Greater Colombo,resort_region,73.44,3225,62,73.14,2017,Annual Statistical Report 2017.pdf,Table 23: Monthly Occupancy Rates in Tourist Hotels by Region – 2017,82,monthly,pdftotext_layout,false
2017-02-01,2017,2,Greater Colombo,resort_region,71.62,3225,62,73.14,2017,Annual Statistical Report 2017.pdf,Table 23: Monthly Occupancy Rates in Tourist Hotels by Region – 2017,82,monthly,pdftotext_layout,false
2017-03-01,2017,3,Greater Colombo,resort_region,73.11,3225,62,73.14,2017,Annual Statistical Report 2017.pdf,Table 23: Monthly Occupancy Rates in Tourist Hotels by Region – 2017,82,monthly,pdftotext_layout,false
2017-04-01,2017,4,Greater Colombo,resort_region,63.49,3225,62,73.14,2017,Annual Statistical Report 2017.pdf,Table 23: Monthly Occupancy Rates in Tourist Hotels by Region – 2017,82,monthly,pdftotext_layout,false
2017-05-01,2017,5,Greater Colombo,resort_region,73.3,3225,62,73.14,2017,Annual Statistical Report 2017.pdf,Table 23: Monthly Occupancy Rates in Tourist Hotels by Region – 2017,82,monthly,pdftotext_layout,false
2017-06-01,2017,6,Greater Colombo,resort_region,71.33,3225,62,73.14,2017,Annual Statistical Report 2017.pdf,Table 23: Monthly Occupancy Rates in Tourist Hotels by Region – 2017,82,monthly,pdftotext_layout,false
2017-07-01,2017,7,Greater Colombo,resort_region,70.03,3225,62,73.14,2017,Annual Statistical Report 2017.pdf,Table 23: Monthly Occupancy Rates in Tourist Hotels by Region – 2017,82,monthly,pdftotext_layout,false
2017-08-01,2017,8,Greater Colombo,resort_region,77.32,3225,62,73.14,2017,Annual Statistical Report 2017.pdf,Table 23: Monthly Occupancy Rates in Tourist Hotels by Region – 2017,82,monthly,pdftotext_layout,false
2017-09-01,2017,9,Greater Colombo,resort_region,75.76,3225,62,73.14,2017,Annual Statistical Report 2017.pdf,Table 23: Monthly Occupancy Rates in Tourist Hotels by Region – 2017,82,monthly,pdftotext_layout,false
2017-10-01,2017,10,Greater Colombo,resort_region,73.35,3225,62,73.14,2017,Annual Statistical Report 2017.pdf,Table 23: Monthly Occupancy Rates in Tourist Hotels by Region – 2017,82,monthly,pdftotext_layout,false
2017-11-01,2017,11,Greater Colombo,resort_region,76.32,3225,62,73.14,2017,Annual Statistical Report 2017.pdf,Table 23: Monthly Occupancy Rates in Tourist Hotels by Region – 2017,82,monthly,pdftotext_layout,false
2017-12-01,2017,12,Greater Colombo,resort_region,78.68,3225,62,73.14,2017,Annual Statistical Report 2017.pdf,Table 23: Monthly Occupancy Rates in Tourist Hotels by Region – 2017,82,monthly,pdftotext_layout,false
2017-01-01,2017,1,South Coast,resort_region,75.22,8270,145,72.38,2017,Annual Statistical Report 2017.pdf,Table 23: Monthly Occupancy Rates in Tourist Hotels by Region – 2017,82,monthly,pdftotext_layout,false
2017-02-01,2017,2,South Coast,resort_region,74.07,8270,145,72.38,2017,Annual Statistical Report 2017.pdf,Table 23: Monthly Occupancy Rates in Tourist Hotels by Region – 2017,82,monthly,pdftotext_layout,false
2017-03-01,2017,3,South Coast,resort_region,70.9,8270,145,72.38,2017,Annual Statistical Report 2017.pdf,Table 23: Monthly Occupancy Rates in Tourist Hotels by Region – 2017,82,monthly,pdftotext_layout,false
2017-04-01,2017,4,South Coast,resort_region,67.32,8270,145,72.38,2017,Annual Statistical Report 2017.pdf,Table 23: Monthly Occupancy Rates in Tourist Hotels by Region – 2017,82,monthly,pdftotext_layout,false
2017-05-01,2017,5,South Coast,resort_region,68.54,8270,145,72.38,2017,Annual Statistical Report 2017.pdf,Table 23: Monthly Occupancy Rates in Tourist Hotels by Region – 2017,82,monthly,pdftotext_layout,false
2017-06-01,2017,6,South Coast,resort_region,70.11,8270,145,72.38,2017,Annual Statistical Report 2017.pdf,Table 23: Monthly Occupancy Rates in Tourist Hotels by Region – 2017,82,monthly,pdftotext_layout,false
2017-07-01,2017,7,South Coast,resort_region,70.53,8270,145,72.38,2017,Annual Statistical Report 2017.pdf,Table 23: Monthly Occupancy Rates in Tourist Hotels by Region – 2017,82,monthly,pdftotext_layout,false
2017-08-01,2017,8,South Coast,resort_region,73.29,8270,145,72.38,2017,Annual Statistical Report 2017.pdf,Table 23: Monthly Occupancy Rates in Tourist Hotels by Region – 2017,82,monthly,pdftotext_layout,false
2017-09-01,2017,9,South Coast,resort_region,76.69,8270,145,72.38,2017,Annual Statistical Report 2017.pdf,Table 23: Monthly Occupancy Rates in Tourist Hotels by Region – 2017,82,monthly,pdftotext_layout,false
2017-10-01,2017,10,South Coast,resort_region,71.05,8270,145,72.38,2017,Annual Statistical Report 2017.pdf,Table 23: Monthly Occupancy Rates in Tourist Hotels by Region – 2017,82,monthly,pdftotext_layout,false
2017-11-01,2017,11,South Coast,resort_region,72.39,8270,145,72.38,2017,Annual Statistical Report 2017.pdf,Table 23: Monthly Occupancy Rates in Tourist Hotels by Region – 2017,82,monthly,pdftotext_layout,false
2017-12-01,2017,12,South Coast,resort_region,78.44,8270,145,72.38,2017,Annual Statistical Report 2017.pdf,Table 23: Monthly Occupancy Rates in Tourist Hotels by Region – 2017,82,monthly,pdftotext_layout,false
2017-01-01,2017,1,East Coast,resort_region,70.65,1129,27,72.95,2017,Annual Statistical Report 2017.pdf,Table 23: Monthly Occupancy Rates in Tourist Hotels by Region – 2017,82,monthly,pdftotext_layout,false
2017-02-01,2017,2,East Coast,resort_region,76.1,1129,27,72.95,2017,Annual Statistical Report 2017.pdf,Table 23: Monthly Occupancy Rates in Tourist Hotels by Region – 2017,82,monthly,pdftotext_layout,false
2017-03-01,2017,3,East Coast,resort_region,74.48,1129,27,72.95,2017,Annual Statistical Report 2017.pdf,Table 23: Monthly Occupancy Rates in Tourist Hotels by Region – 2017,82,monthly,pdftotext_layout,false
2017-04-01,2017,4,East Coast,resort_region,66.78,1129,27,72.95,2017,Annual Statistical Report 2017.pdf,Table 23: Monthly Occupancy Rates in Tourist Hotels by Region – 2017,82,monthly,pdftotext_layout,false
2017-05-01,2017,5,East Coast,resort_region,68.09,1129,27,72.95,2017,Annual Statistical Report 2017.pdf,Table 23: Monthly Occupancy Rates in Tourist Hotels by Region – 2017,82,monthly,pdftotext_layout,false
2017-06-01,2017,6,East Coast,resort_region,74.88,1129,27,72.95,2017,Annual Statistical Report 2017.pdf,Table 23: Monthly Occupancy Rates in Tourist Hotels by Region – 2017,82,monthly,pdftotext_layout,false
2017-07-01,2017,7,East Coast,resort_region,69.08,1129,27,72.95,2017,Annual Statistical Report 2017.pdf,Table 23: Monthly Occupancy Rates in Tourist Hotels by Region – 2017,82,monthly,pdftotext_layout,false
2017-08-01,2017,8,East Coast,resort_region,79.3,1129,27,72.95,2017,Annual Statistical Report 2017.pdf,Table 23: Monthly Occupancy Rates in Tourist Hotels by Region – 2017,82,monthly,pdftotext_layout,false
2017-09-01,2017,9,East Coast,resort_region,79.12,1129,27,72.95,2017,Annual Statistical Report 2017.pdf,Table 23: Monthly Occupancy Rates in Tourist Hotels by Region – 2017,82,monthly,pdftotext_layout,false
2017-10-01,2017,10,East Coast,resort_region,73.19,1129,27,72.95,2017,Annual Statistical Report 2017.pdf,Table 23: Monthly Occupancy Rates in Tourist Hotels by Region – 2017,82,monthly,pdftotext_layout,false
2017-11-01,2017,11,East Coast,resort_region,68.31,1129,27,72.95,2017,Annual Statistical Report 2017.pdf,Table 23: Monthly Occupancy Rates in Tourist Hotels by Region – 2017,82,monthly,pdftotext_layout,false
2017-12-01,2017,12,East Coast,resort_region,75.38,1129,27,72.95,2017,Annual Statistical Report 2017.pdf,Table 23: Monthly Occupancy Rates in Tourist Hotels by Region – 2017,82,monthly,pdftotext_layout,false
2017-01-01,2017,1,Hill Country,resort_region,69.46,1356,36,73.55,2017,Annual Statistical Report 2017.pdf,Table 23: Monthly Occupancy Rates in Tourist Hotels by Region – 2017,82,monthly,pdftotext_layout,false
2017-02-01,2017,2,Hill Country,resort_region,73.43,1356,36,73.55,2017,Annual Statistical Report 2017.pdf,Table 23: Monthly Occupancy Rates in Tourist Hotels by Region – 2017,82,monthly,pdftotext_layout,false
2017-03-01,2017,3,Hill Country,resort_region,75.03,1356,36,73.55,2017,Annual Statistical Report 2017.pdf,Table 23: Monthly Occupancy Rates in Tourist Hotels by Region – 2017,82,monthly,pdftotext_layout,false
2017-04-01,2017,4,Hill Country,resort_region,70.86,1356,36,73.55,2017,Annual Statistical Report 2017.pdf,Table 23: Monthly Occupancy Rates in Tourist Hotels by Region – 2017,82,monthly,pdftotext_layout,false
2017-05-01,2017,5,Hill Country,resort_region,70.27,1356,36,73.55,2017,Annual Statistical Report 2017.pdf,Table 23: Monthly Occupancy Rates in Tourist Hotels by Region – 2017,82,monthly,pdftotext_layout,false
2017-06-01,2017,6,Hill Country,resort_region,78.84,1356,36,73.55,2017,Annual Statistical Report 2017.pdf,Table 23: Monthly Occupancy Rates in Tourist Hotels by Region – 2017,82,monthly,pdftotext_layout,false
2017-07-01,2017,7,Hill Country,resort_region,68.63,1356,36,73.55,2017,Annual Statistical Report 2017.pdf,Table 23: Monthly Occupancy Rates in Tourist Hotels by Region – 2017,82,monthly,pdftotext_layout,false
2017-08-01,2017,8,Hill Country,resort_region,74.24,1356,36,73.55,2017,Annual Statistical Report 2017.pdf,Table 23: Monthly Occupancy Rates in Tourist Hotels by Region – 2017,82,monthly,pdftotext_layout,false
2017-09-01,2017,9,Hill Country,resort_region,77.95,1356,36,73.55,2017,Annual Statistical Report 2017.pdf,Table 23: Monthly Occupancy Rates in Tourist Hotels by Region – 2017,82,monthly,pdftotext_layout,false
2017-10-01,2017,10,Hill Country,resort_region,72.63,1356,36,73.55,2017,Annual Statistical Report 2017.pdf,Table 23: Monthly Occupancy Rates in Tourist Hotels by Region – 2017,82,monthly,pdftotext_layout,false
2017-11-01,2017,11,Hill Country,resort_region,72.18,1356,36,73.55,2017,Annual Statistical Report 2017.pdf,Table 23: Monthly Occupancy Rates in Tourist Hotels by Region – 2017,82,monthly,pdftotext_layout,false
2017-12-01,2017,12,Hill Country,resort_region,79.1,1356,36,73.55,2017,Annual Statistical Report 2017.pdf,Table 23: Monthly Occupancy Rates in Tourist Hotels by Region – 2017,82,monthly,pdftotext_layout,false
2017-01-01,2017,1,Ancient Cities,resort_region,73.67,4024,84,73.85,2017,Annual Statistical Report 2017.pdf,Table 23: Monthly Occupancy Rates in Tourist Hotels by Region – 2017,82,monthly,pdftotext_layout,false
2017-02-01,2017,2,Ancient Cities,resort_region,75.36,4024,84,73.85,2017,Annual Statistical Report 2017.pdf,Table 23: Monthly Occupancy Rates in Tourist Hotels by Region – 2017,82,monthly,pdftotext_layout,false
2017-03-01,2017,3,Ancient Cities,resort_region,73.11,4024,84,73.85,2017,Annual Statistical Report 2017.pdf,Table 23: Monthly Occupancy Rates in Tourist Hotels by Region – 2017,82,monthly,pdftotext_layout,false
2017-04-01,2017,4,Ancient Cities,resort_region,68.89,4024,84,73.85,2017,Annual Statistical Report 2017.pdf,Table 23: Monthly Occupancy Rates in Tourist Hotels by Region – 2017,82,monthly,pdftotext_layout,false
2017-05-01,2017,5,Ancient Cities,resort_region,66.27,4024,84,73.85,2017,Annual Statistical Report 2017.pdf,Table 23: Monthly Occupancy Rates in Tourist Hotels by Region – 2017,82,monthly,pdftotext_layout,false
2017-06-01,2017,6,Ancient Cities,resort_region,72.2,4024,84,73.85,2017,Annual Statistical Report 2017.pdf,Table 23: Monthly Occupancy Rates in Tourist Hotels by Region – 2017,82,monthly,pdftotext_layout,false
2017-07-01,2017,7,Ancient Cities,resort_region,69.74,4024,84,73.85,2017,Annual Statistical Report 2017.pdf,Table 23: Monthly Occupancy Rates in Tourist Hotels by Region – 2017,82,monthly,pdftotext_layout,false
2017-08-01,2017,8,Ancient Cities,resort_region,79.68,4024,84,73.85,2017,Annual Statistical Report 2017.pdf,Table 23: Monthly Occupancy Rates in Tourist Hotels by Region – 2017,82,monthly,pdftotext_layout,false
2017-09-01,2017,9,Ancient Cities,resort_region,78.73,4024,84,73.85,2017,Annual Statistical Report 2017.pdf,Table 23: Monthly Occupancy Rates in Tourist Hotels by Region – 2017,82,monthly,pdftotext_layout,false
2017-10-01,2017,10,Ancient Cities,resort_region,71.45,4024,84,73.85,2017,Annual Statistical Report 2017.pdf,Table 23: Monthly Occupancy Rates in Tourist Hotels by Region – 2017,82,monthly,pdftotext_layout,false
2017-11-01,2017,11,Ancient Cities,resort_region,77.44,4024,84,73.85,2017,Annual Statistical Report 2017.pdf,Table 23: Monthly Occupancy Rates in Tourist Hotels by Region – 2017,82,monthly,pdftotext_layout,false
2017-12-01,2017,12,Ancient Cities,resort_region,79.7,4024,84,73.85,2017,Annual Statistical Report 2017.pdf,Table 23: Monthly Occupancy Rates in Tourist Hotels by Region – 2017,82,monthly,pdftotext_layout,false
2017-01-01,2017,1,Northern Region,resort_region,67.08,163,6,70.98,2017,Annual Statistical Report 2017.pdf,Table 23: Monthly Occupancy Rates in Tourist Hotels by Region – 2017,82,monthly,pdftotext_layout,false
2017-02-01,2017,2,Northern Region,resort_region,68.77,163,6,70.98,2017,Annual Statistical Report 2017.pdf,Table 23: Monthly Occupancy Rates in Tourist Hotels by Region – 2017,82,monthly,pdftotext_layout,false
2017-03-01,2017,3,Northern Region,resort_region,68.09,163,6,70.98,2017,Annual Statistical Report 2017.pdf,Table 23: Monthly Occupancy Rates in Tourist Hotels by Region – 2017,82,monthly,pdftotext_layout,false
2017-04-01,2017,4,Northern Region,resort_region,65.92,163,6,70.98,2017,Annual Statistical Report 2017.pdf,Table 23: Monthly Occupancy Rates in Tourist Hotels by Region – 2017,82,monthly,pdftotext_layout,false
2017-05-01,2017,5,Northern Region,resort_region,68.63,163,6,70.98,2017,Annual Statistical Report 2017.pdf,Table 23: Monthly Occupancy Rates in Tourist Hotels by Region – 2017,82,monthly,pdftotext_layout,false
2017-06-01,2017,6,Northern Region,resort_region,78.14,163,6,70.98,2017,Annual Statistical Report 2017.pdf,Table 23: Monthly Occupancy Rates in Tourist Hotels by Region – 2017,82,monthly,pdftotext_layout,false
2017-07-01,2017,7,Northern Region,resort_region,66.91,163,6,70.98,2017,Annual Statistical Report 2017.pdf,Table 23: Monthly Occupancy Rates in Tourist Hotels by Region – 2017,82,monthly,pdftotext_layout,false
2017-08-01,2017,8,Northern Region,resort_region,72.05,163,6,70.98,2017,Annual Statistical Report 2017.pdf,Table 23: Monthly Occupancy Rates in Tourist Hotels by Region – 2017,82,monthly,pdftotext_layout,false
2017-09-01,2017,9,Northern Region,resort_region,73.41,163,6,70.98,2017,Annual Statistical Report 2017.pdf,Table 23: Monthly Occupancy Rates in Tourist Hotels by Region – 2017,82,monthly,pdftotext_layout,false
2017-10-01,2017,10,Northern Region,resort_region,72.33,163,6,70.98,2017,Annual Statistical Report 2017.pdf,Table 23: Monthly Occupancy Rates in Tourist Hotels by Region – 2017,82,monthly,pdftotext_layout,false
2017-11-01,2017,11,Northern Region,resort_region,74.31,163,6,70.98,2017,Annual Statistical Report 2017.pdf,Table 23: Monthly Occupancy Rates in Tourist Hotels by Region – 2017,82,monthly,pdftotext_layout,false
2017-12-01,2017,12,Northern Region,resort_region,76.12,163,6,70.98,2017,Annual Statistical Report 2017.pdf,Table 23: Monthly Occupancy Rates in Tourist Hotels by Region – 2017,82,monthly,pdftotext_layout,false
2018-01-01,2018,1,Colombo City,resort_region,81.92,5607,43,79.19,2018,Annual Statistical Report 2018.pdf,Table 22: Monthly Occupancy Rates in Tourist Hotels by Region – 2018,94,monthly,pdftotext_layout,false
2018-02-01,2018,2,Colombo City,resort_region,78.42,5607,43,79.19,2018,Annual Statistical Report 2018.pdf,Table 22: Monthly Occupancy Rates in Tourist Hotels by Region – 2018,94,monthly,pdftotext_layout,false
2018-03-01,2018,3,Colombo City,resort_region,79.16,5607,43,79.19,2018,Annual Statistical Report 2018.pdf,Table 22: Monthly Occupancy Rates in Tourist Hotels by Region – 2018,94,monthly,pdftotext_layout,false
2018-04-01,2018,4,Colombo City,resort_region,71.87,5607,43,79.19,2018,Annual Statistical Report 2018.pdf,Table 22: Monthly Occupancy Rates in Tourist Hotels by Region – 2018,94,monthly,pdftotext_layout,false
2018-05-01,2018,5,Colombo City,resort_region,80.35,5607,43,79.19,2018,Annual Statistical Report 2018.pdf,Table 22: Monthly Occupancy Rates in Tourist Hotels by Region – 2018,94,monthly,pdftotext_layout,false
2018-06-01,2018,6,Colombo City,resort_region,75.68,5607,43,79.19,2018,Annual Statistical Report 2018.pdf,Table 22: Monthly Occupancy Rates in Tourist Hotels by Region – 2018,94,monthly,pdftotext_layout,false
2018-07-01,2018,7,Colombo City,resort_region,79.41,5607,43,79.19,2018,Annual Statistical Report 2018.pdf,Table 22: Monthly Occupancy Rates in Tourist Hotels by Region – 2018,94,monthly,pdftotext_layout,false
2018-08-01,2018,8,Colombo City,resort_region,81.89,5607,43,79.19,2018,Annual Statistical Report 2018.pdf,Table 22: Monthly Occupancy Rates in Tourist Hotels by Region – 2018,94,monthly,pdftotext_layout,false
2018-09-01,2018,9,Colombo City,resort_region,76.53,5607,43,79.19,2018,Annual Statistical Report 2018.pdf,Table 22: Monthly Occupancy Rates in Tourist Hotels by Region – 2018,94,monthly,pdftotext_layout,false
2018-10-01,2018,10,Colombo City,resort_region,78.14,5607,43,79.19,2018,Annual Statistical Report 2018.pdf,Table 22: Monthly Occupancy Rates in Tourist Hotels by Region – 2018,94,monthly,pdftotext_layout,false
2018-11-01,2018,11,Colombo City,resort_region,82.79,5607,43,79.19,2018,Annual Statistical Report 2018.pdf,Table 22: Monthly Occupancy Rates in Tourist Hotels by Region – 2018,94,monthly,pdftotext_layout,false
2018-12-01,2018,12,Colombo City,resort_region,84.13,5607,43,79.19,2018,Annual Statistical Report 2018.pdf,Table 22: Monthly Occupancy Rates in Tourist Hotels by Region – 2018,94,monthly,pdftotext_layout,false
2018-01-01,2018,1,Greater Colombo,resort_region,77.77,3269,63,75.41,2018,Annual Statistical Report 2018.pdf,Table 22: Monthly Occupancy Rates in Tourist Hotels by Region – 2018,94,monthly,pdftotext_layout,false
2018-02-01,2018,2,Greater Colombo,resort_region,73.81,3269,63,75.41,2018,Annual Statistical Report 2018.pdf,Table 22: Monthly Occupancy Rates in Tourist Hotels by Region – 2018,94,monthly,pdftotext_layout,false
2018-03-01,2018,3,Greater Colombo,resort_region,77.25,3269,63,75.41,2018,Annual Statistical Report 2018.pdf,Table 22: Monthly Occupancy Rates in Tourist Hotels by Region – 2018,94,monthly,pdftotext_layout,false
2018-04-01,2018,4,Greater Colombo,resort_region,70.27,3269,63,75.41,2018,Annual Statistical Report 2018.pdf,Table 22: Monthly Occupancy Rates in Tourist Hotels by Region – 2018,94,monthly,pdftotext_layout,false
2018-05-01,2018,5,Greater Colombo,resort_region,71.95,3269,63,75.41,2018,Annual Statistical Report 2018.pdf,Table 22: Monthly Occupancy Rates in Tourist Hotels by Region – 2018,94,monthly,pdftotext_layout,false
2018-06-01,2018,6,Greater Colombo,resort_region,75.01,3269,63,75.41,2018,Annual Statistical Report 2018.pdf,Table 22: Monthly Occupancy Rates in Tourist Hotels by Region – 2018,94,monthly,pdftotext_layout,false
2018-07-01,2018,7,Greater Colombo,resort_region,75.24,3269,63,75.41,2018,Annual Statistical Report 2018.pdf,Table 22: Monthly Occupancy Rates in Tourist Hotels by Region – 2018,94,monthly,pdftotext_layout,false
2018-08-01,2018,8,Greater Colombo,resort_region,76.01,3269,63,75.41,2018,Annual Statistical Report 2018.pdf,Table 22: Monthly Occupancy Rates in Tourist Hotels by Region – 2018,94,monthly,pdftotext_layout,false
2018-09-01,2018,9,Greater Colombo,resort_region,77.0,3269,63,75.41,2018,Annual Statistical Report 2018.pdf,Table 22: Monthly Occupancy Rates in Tourist Hotels by Region – 2018,94,monthly,pdftotext_layout,false
2018-10-01,2018,10,Greater Colombo,resort_region,74.55,3269,63,75.41,2018,Annual Statistical Report 2018.pdf,Table 22: Monthly Occupancy Rates in Tourist Hotels by Region – 2018,94,monthly,pdftotext_layout,false
2018-11-01,2018,11,Greater Colombo,resort_region,77.13,3269,63,75.41,2018,Annual Statistical Report 2018.pdf,Table 22: Monthly Occupancy Rates in Tourist Hotels by Region – 2018,94,monthly,pdftotext_layout,false
2018-12-01,2018,12,Greater Colombo,resort_region,78.98,3269,63,75.41,2018,Annual Statistical Report 2018.pdf,Table 22: Monthly Occupancy Rates in Tourist Hotels by Region – 2018,94,monthly,pdftotext_layout,false
2018-01-01,2018,1,South Coast,resort_region,76.89,8676,173,73.1,2018,Annual Statistical Report 2018.pdf,Table 22: Monthly Occupancy Rates in Tourist Hotels by Region – 2018,94,monthly,pdftotext_layout,false
2018-02-01,2018,2,South Coast,resort_region,75.55,8676,173,73.1,2018,Annual Statistical Report 2018.pdf,Table 22: Monthly Occupancy Rates in Tourist Hotels by Region – 2018,94,monthly,pdftotext_layout,false
2018-03-01,2018,3,South Coast,resort_region,71.01,8676,173,73.1,2018,Annual Statistical Report 2018.pdf,Table 22: Monthly Occupancy Rates in Tourist Hotels by Region – 2018,94,monthly,pdftotext_layout,false
2018-04-01,2018,4,South Coast,resort_region,67.86,8676,173,73.1,2018,Annual Statistical Report 2018.pdf,Table 22: Monthly Occupancy Rates in Tourist Hotels by Region – 2018,94,monthly,pdftotext_layout,false
2018-05-01,2018,5,South Coast,resort_region,66.69,8676,173,73.1,2018,Annual Statistical Report 2018.pdf,Table 22: Monthly Occupancy Rates in Tourist Hotels by Region – 2018,94,monthly,pdftotext_layout,false
2018-06-01,2018,6,South Coast,resort_region,69.81,8676,173,73.1,2018,Annual Statistical Report 2018.pdf,Table 22: Monthly Occupancy Rates in Tourist Hotels by Region – 2018,94,monthly,pdftotext_layout,false
2018-07-01,2018,7,South Coast,resort_region,73.33,8676,173,73.1,2018,Annual Statistical Report 2018.pdf,Table 22: Monthly Occupancy Rates in Tourist Hotels by Region – 2018,94,monthly,pdftotext_layout,false
2018-08-01,2018,8,South Coast,resort_region,72.15,8676,173,73.1,2018,Annual Statistical Report 2018.pdf,Table 22: Monthly Occupancy Rates in Tourist Hotels by Region – 2018,94,monthly,pdftotext_layout,false
2018-09-01,2018,9,South Coast,resort_region,75.64,8676,173,73.1,2018,Annual Statistical Report 2018.pdf,Table 22: Monthly Occupancy Rates in Tourist Hotels by Region – 2018,94,monthly,pdftotext_layout,false
2018-10-01,2018,10,South Coast,resort_region,75.88,8676,173,73.1,2018,Annual Statistical Report 2018.pdf,Table 22: Monthly Occupancy Rates in Tourist Hotels by Region – 2018,94,monthly,pdftotext_layout,false
2018-11-01,2018,11,South Coast,resort_region,75.02,8676,173,73.1,2018,Annual Statistical Report 2018.pdf,Table 22: Monthly Occupancy Rates in Tourist Hotels by Region – 2018,94,monthly,pdftotext_layout,false
2018-12-01,2018,12,South Coast,resort_region,77.31,8676,173,73.1,2018,Annual Statistical Report 2018.pdf,Table 22: Monthly Occupancy Rates in Tourist Hotels by Region – 2018,94,monthly,pdftotext_layout,false
2018-01-01,2018,1,East Coast,resort_region,70.28,1149,28,71.35,2018,Annual Statistical Report 2018.pdf,Table 22: Monthly Occupancy Rates in Tourist Hotels by Region – 2018,94,monthly,pdftotext_layout,false
2018-02-01,2018,2,East Coast,resort_region,72.76,1149,28,71.35,2018,Annual Statistical Report 2018.pdf,Table 22: Monthly Occupancy Rates in Tourist Hotels by Region – 2018,94,monthly,pdftotext_layout,false
2018-03-01,2018,3,East Coast,resort_region,73.94,1149,28,71.35,2018,Annual Statistical Report 2018.pdf,Table 22: Monthly Occupancy Rates in Tourist Hotels by Region – 2018,94,monthly,pdftotext_layout,false
2018-04-01,2018,4,East Coast,resort_region,63.42,1149,28,71.35,2018,Annual Statistical Report 2018.pdf,Table 22: Monthly Occupancy Rates in Tourist Hotels by Region – 2018,94,monthly,pdftotext_layout,false
2018-05-01,2018,5,East Coast,resort_region,66.47,1149,28,71.35,2018,Annual Statistical Report 2018.pdf,Table 22: Monthly Occupancy Rates in Tourist Hotels by Region – 2018,94,monthly,pdftotext_layout,false
2018-06-01,2018,6,East Coast,resort_region,69.32,1149,28,71.35,2018,Annual Statistical Report 2018.pdf,Table 22: Monthly Occupancy Rates in Tourist Hotels by Region – 2018,94,monthly,pdftotext_layout,false
2018-07-01,2018,7,East Coast,resort_region,72.33,1149,28,71.35,2018,Annual Statistical Report 2018.pdf,Table 22: Monthly Occupancy Rates in Tourist Hotels by Region – 2018,94,monthly,pdftotext_layout,false
2018-08-01,2018,8,East Coast,resort_region,80.38,1149,28,71.35,2018,Annual Statistical Report 2018.pdf,Table 22: Monthly Occupancy Rates in Tourist Hotels by Region – 2018,94,monthly,pdftotext_layout,false
2018-09-01,2018,9,East Coast,resort_region,77.33,1149,28,71.35,2018,Annual Statistical Report 2018.pdf,Table 22: Monthly Occupancy Rates in Tourist Hotels by Region – 2018,94,monthly,pdftotext_layout,false
2018-10-01,2018,10,East Coast,resort_region,72.12,1149,28,71.35,2018,Annual Statistical Report 2018.pdf,Table 22: Monthly Occupancy Rates in Tourist Hotels by Region – 2018,94,monthly,pdftotext_layout,false
2018-11-01,2018,11,East Coast,resort_region,65.24,1149,28,71.35,2018,Annual Statistical Report 2018.pdf,Table 22: Monthly Occupancy Rates in Tourist Hotels by Region – 2018,94,monthly,pdftotext_layout,false
2018-12-01,2018,12,East Coast,resort_region,72.55,1149,28,71.35,2018,Annual Statistical Report 2018.pdf,Table 22: Monthly Occupancy Rates in Tourist Hotels by Region – 2018,94,monthly,pdftotext_layout,false
2018-01-01,2018,1,Hill Country,resort_region,72.06,1489,46,71.67,2018,Annual Statistical Report 2018.pdf,Table 22: Monthly Occupancy Rates in Tourist Hotels by Region – 2018,94,monthly,pdftotext_layout,false
2018-02-01,2018,2,Hill Country,resort_region,71.11,1489,46,71.67,2018,Annual Statistical Report 2018.pdf,Table 22: Monthly Occupancy Rates in Tourist Hotels by Region – 2018,94,monthly,pdftotext_layout,false
2018-03-01,2018,3,Hill Country,resort_region,73.53,1489,46,71.67,2018,Annual Statistical Report 2018.pdf,Table 22: Monthly Occupancy Rates in Tourist Hotels by Region – 2018,94,monthly,pdftotext_layout,false
2018-04-01,2018,4,Hill Country,resort_region,64.17,1489,46,71.67,2018,Annual Statistical Report 2018.pdf,Table 22: Monthly Occupancy Rates in Tourist Hotels by Region – 2018,94,monthly,pdftotext_layout,false
2018-05-01,2018,5,Hill Country,resort_region,66.03,1489,46,71.67,2018,Annual Statistical Report 2018.pdf,Table 22: Monthly Occupancy Rates in Tourist Hotels by Region – 2018,94,monthly,pdftotext_layout,false
2018-06-01,2018,6,Hill Country,resort_region,63.33,1489,46,71.67,2018,Annual Statistical Report 2018.pdf,Table 22: Monthly Occupancy Rates in Tourist Hotels by Region – 2018,94,monthly,pdftotext_layout,false
2018-07-01,2018,7,Hill Country,resort_region,74.68,1489,46,71.67,2018,Annual Statistical Report 2018.pdf,Table 22: Monthly Occupancy Rates in Tourist Hotels by Region – 2018,94,monthly,pdftotext_layout,false
2018-08-01,2018,8,Hill Country,resort_region,77.04,1489,46,71.67,2018,Annual Statistical Report 2018.pdf,Table 22: Monthly Occupancy Rates in Tourist Hotels by Region – 2018,94,monthly,pdftotext_layout,false
2018-09-01,2018,9,Hill Country,resort_region,77.14,1489,46,71.67,2018,Annual Statistical Report 2018.pdf,Table 22: Monthly Occupancy Rates in Tourist Hotels by Region – 2018,94,monthly,pdftotext_layout,false
2018-10-01,2018,10,Hill Country,resort_region,69.16,1489,46,71.67,2018,Annual Statistical Report 2018.pdf,Table 22: Monthly Occupancy Rates in Tourist Hotels by Region – 2018,94,monthly,pdftotext_layout,false
2018-11-01,2018,11,Hill Country,resort_region,75.11,1489,46,71.67,2018,Annual Statistical Report 2018.pdf,Table 22: Monthly Occupancy Rates in Tourist Hotels by Region – 2018,94,monthly,pdftotext_layout,false
2018-12-01,2018,12,Hill Country,resort_region,76.64,1489,46,71.67,2018,Annual Statistical Report 2018.pdf,Table 22: Monthly Occupancy Rates in Tourist Hotels by Region – 2018,94,monthly,pdftotext_layout,false
2018-01-01,2018,1,Ancient Cities,resort_region,74.23,4360,97,71.37,2018,Annual Statistical Report 2018.pdf,Table 22: Monthly Occupancy Rates in Tourist Hotels by Region – 2018,94,monthly,pdftotext_layout,false
2018-02-01,2018,2,Ancient Cities,resort_region,74.25,4360,97,71.37,2018,Annual Statistical Report 2018.pdf,Table 22: Monthly Occupancy Rates in Tourist Hotels by Region – 2018,94,monthly,pdftotext_layout,false
2018-03-01,2018,3,Ancient Cities,resort_region,70.82,4360,97,71.37,2018,Annual Statistical Report 2018.pdf,Table 22: Monthly Occupancy Rates in Tourist Hotels by Region – 2018,94,monthly,pdftotext_layout,false
2018-04-01,2018,4,Ancient Cities,resort_region,69.29,4360,97,71.37,2018,Annual Statistical Report 2018.pdf,Table 22: Monthly Occupancy Rates in Tourist Hotels by Region – 2018,94,monthly,pdftotext_layout,false
2018-05-01,2018,5,Ancient Cities,resort_region,63.17,4360,97,71.37,2018,Annual Statistical Report 2018.pdf,Table 22: Monthly Occupancy Rates in Tourist Hotels by Region – 2018,94,monthly,pdftotext_layout,false
2018-06-01,2018,6,Ancient Cities,resort_region,64.41,4360,97,71.37,2018,Annual Statistical Report 2018.pdf,Table 22: Monthly Occupancy Rates in Tourist Hotels by Region – 2018,94,monthly,pdftotext_layout,false
2018-07-01,2018,7,Ancient Cities,resort_region,68.84,4360,97,71.37,2018,Annual Statistical Report 2018.pdf,Table 22: Monthly Occupancy Rates in Tourist Hotels by Region – 2018,94,monthly,pdftotext_layout,false
2018-08-01,2018,8,Ancient Cities,resort_region,74.99,4360,97,71.37,2018,Annual Statistical Report 2018.pdf,Table 22: Monthly Occupancy Rates in Tourist Hotels by Region – 2018,94,monthly,pdftotext_layout,false
2018-09-01,2018,9,Ancient Cities,resort_region,74.21,4360,97,71.37,2018,Annual Statistical Report 2018.pdf,Table 22: Monthly Occupancy Rates in Tourist Hotels by Region – 2018,94,monthly,pdftotext_layout,false
2018-10-01,2018,10,Ancient Cities,resort_region,72.32,4360,97,71.37,2018,Annual Statistical Report 2018.pdf,Table 22: Monthly Occupancy Rates in Tourist Hotels by Region – 2018,94,monthly,pdftotext_layout,false
2018-11-01,2018,11,Ancient Cities,resort_region,75.27,4360,97,71.37,2018,Annual Statistical Report 2018.pdf,Table 22: Monthly Occupancy Rates in Tourist Hotels by Region – 2018,94,monthly,pdftotext_layout,false
2018-12-01,2018,12,Ancient Cities,resort_region,74.65,4360,97,71.37,2018,Annual Statistical Report 2018.pdf,Table 22: Monthly Occupancy Rates in Tourist Hotels by Region – 2018,94,monthly,pdftotext_layout,false
2018-01-01,2018,1,Northern Region,resort_region,74.66,207,7,68.48,2018,Annual Statistical Report 2018.pdf,Table 22: Monthly Occupancy Rates in Tourist Hotels by Region – 2018,94,monthly,pdftotext_layout,false
2018-02-01,2018,2,Northern Region,resort_region,72.33,207,7,68.48,2018,Annual Statistical Report 2018.pdf,Table 22: Monthly Occupancy Rates in Tourist Hotels by Region – 2018,94,monthly,pdftotext_layout,false
2018-03-01,2018,3,Northern Region,resort_region,68.23,207,7,68.48,2018,Annual Statistical Report 2018.pdf,Table 22: Monthly Occupancy Rates in Tourist Hotels by Region – 2018,94,monthly,pdftotext_layout,false
2018-04-01,2018,4,Northern Region,resort_region,59.31,207,7,68.48,2018,Annual Statistical Report 2018.pdf,Table 22: Monthly Occupancy Rates in Tourist Hotels by Region – 2018,94,monthly,pdftotext_layout,false
2018-05-01,2018,5,Northern Region,resort_region,58.62,207,7,68.48,2018,Annual Statistical Report 2018.pdf,Table 22: Monthly Occupancy Rates in Tourist Hotels by Region – 2018,94,monthly,pdftotext_layout,false
2018-06-01,2018,6,Northern Region,resort_region,69.3,207,7,68.48,2018,Annual Statistical Report 2018.pdf,Table 22: Monthly Occupancy Rates in Tourist Hotels by Region – 2018,94,monthly,pdftotext_layout,false
2018-07-01,2018,7,Northern Region,resort_region,67.39,207,7,68.48,2018,Annual Statistical Report 2018.pdf,Table 22: Monthly Occupancy Rates in Tourist Hotels by Region – 2018,94,monthly,pdftotext_layout,false
2018-08-01,2018,8,Northern Region,resort_region,71.62,207,7,68.48,2018,Annual Statistical Report 2018.pdf,Table 22: Monthly Occupancy Rates in Tourist Hotels by Region – 2018,94,monthly,pdftotext_layout,false
2018-09-01,2018,9,Northern Region,resort_region,68.76,207,7,68.48,2018,Annual Statistical Report 2018.pdf,Table 22: Monthly Occupancy Rates in Tourist Hotels by Region – 2018,94,monthly,pdftotext_layout,false
2018-10-01,2018,10,Northern Region,resort_region,69.61,207,7,68.48,2018,Annual Statistical Report 2018.pdf,Table 22: Monthly Occupancy Rates in Tourist Hotels by Region – 2018,94,monthly,pdftotext_layout,false
2018-11-01,2018,11,Northern Region,resort_region,66.52,207,7,68.48,2018,Annual Statistical Report 2018.pdf,Table 22: Monthly Occupancy Rates in Tourist Hotels by Region – 2018,94,monthly,pdftotext_layout,false
2018-12-01,2018,12,Northern Region,resort_region,75.43,207,7,68.48,2018,Annual Statistical Report 2018.pdf,Table 22: Monthly Occupancy Rates in Tourist Hotels by Region – 2018,94,monthly,pdftotext_layout,false
2019-01-01,2019,1,Colombo City,resort_region,84.34,5638,44,58.74,2019,Annual Statistical Report 2019.pdf,Table 23: Monthly Occupancy Rates in Tourist Hotels by Region – 2019,91,monthly,visual_transcription_image_only_pdf,true
2019-02-01,2019,2,Colombo City,resort_region,83.11,5638,44,58.74,2019,Annual Statistical Report 2019.pdf,Table 23: Monthly Occupancy Rates in Tourist Hotels by Region – 2019,91,monthly,visual_transcription_image_only_pdf,true
2019-03-01,2019,3,Colombo City,resort_region,76.91,5638,44,58.74,2019,Annual Statistical Report 2019.pdf,Table 23: Monthly Occupancy Rates in Tourist Hotels by Region – 2019,91,monthly,visual_transcription_image_only_pdf,true
2019-04-01,2019,4,Colombo City,resort_region,74.73,5638,44,58.74,2019,Annual Statistical Report 2019.pdf,Table 23: Monthly Occupancy Rates in Tourist Hotels by Region – 2019,91,monthly,visual_transcription_image_only_pdf,true
2019-05-01,2019,5,Colombo City,resort_region,14.32,5638,44,58.74,2019,Annual Statistical Report 2019.pdf,Table 23: Monthly Occupancy Rates in Tourist Hotels by Region – 2019,91,monthly,visual_transcription_image_only_pdf,true
2019-06-01,2019,6,Colombo City,resort_region,21.92,5638,44,58.74,2019,Annual Statistical Report 2019.pdf,Table 23: Monthly Occupancy Rates in Tourist Hotels by Region – 2019,91,monthly,visual_transcription_image_only_pdf,true
2019-07-01,2019,7,Colombo City,resort_region,46.05,5638,44,58.74,2019,Annual Statistical Report 2019.pdf,Table 23: Monthly Occupancy Rates in Tourist Hotels by Region – 2019,91,monthly,visual_transcription_image_only_pdf,true
2019-08-01,2019,8,Colombo City,resort_region,55.31,5638,44,58.74,2019,Annual Statistical Report 2019.pdf,Table 23: Monthly Occupancy Rates in Tourist Hotels by Region – 2019,91,monthly,visual_transcription_image_only_pdf,true
2019-09-01,2019,9,Colombo City,resort_region,48.77,5638,44,58.74,2019,Annual Statistical Report 2019.pdf,Table 23: Monthly Occupancy Rates in Tourist Hotels by Region – 2019,91,monthly,visual_transcription_image_only_pdf,true
2019-10-01,2019,10,Colombo City,resort_region,53.45,5638,44,58.74,2019,Annual Statistical Report 2019.pdf,Table 23: Monthly Occupancy Rates in Tourist Hotels by Region – 2019,91,monthly,visual_transcription_image_only_pdf,true
2019-11-01,2019,11,Colombo City,resort_region,72.71,5638,44,58.74,2019,Annual Statistical Report 2019.pdf,Table 23: Monthly Occupancy Rates in Tourist Hotels by Region – 2019,91,monthly,visual_transcription_image_only_pdf,true
2019-12-01,2019,12,Colombo City,resort_region,73.21,5638,44,58.74,2019,Annual Statistical Report 2019.pdf,Table 23: Monthly Occupancy Rates in Tourist Hotels by Region – 2019,91,monthly,visual_transcription_image_only_pdf,true
2019-01-01,2019,1,Greater Colombo,resort_region,80.83,3052,60,57.9,2019,Annual Statistical Report 2019.pdf,Table 23: Monthly Occupancy Rates in Tourist Hotels by Region – 2019,91,monthly,visual_transcription_image_only_pdf,true
2019-02-01,2019,2,Greater Colombo,resort_region,78.76,3052,60,57.9,2019,Annual Statistical Report 2019.pdf,Table 23: Monthly Occupancy Rates in Tourist Hotels by Region – 2019,91,monthly,visual_transcription_image_only_pdf,true
2019-03-01,2019,3,Greater Colombo,resort_region,76.15,3052,60,57.9,2019,Annual Statistical Report 2019.pdf,Table 23: Monthly Occupancy Rates in Tourist Hotels by Region – 2019,91,monthly,visual_transcription_image_only_pdf,true
2019-04-01,2019,4,Greater Colombo,resort_region,69.49,3052,60,57.9,2019,Annual Statistical Report 2019.pdf,Table 23: Monthly Occupancy Rates in Tourist Hotels by Region – 2019,91,monthly,visual_transcription_image_only_pdf,true
2019-05-01,2019,5,Greater Colombo,resort_region,14.97,3052,60,57.9,2019,Annual Statistical Report 2019.pdf,Table 23: Monthly Occupancy Rates in Tourist Hotels by Region – 2019,91,monthly,visual_transcription_image_only_pdf,true
2019-06-01,2019,6,Greater Colombo,resort_region,22.84,3052,60,57.9,2019,Annual Statistical Report 2019.pdf,Table 23: Monthly Occupancy Rates in Tourist Hotels by Region – 2019,91,monthly,visual_transcription_image_only_pdf,true
2019-07-01,2019,7,Greater Colombo,resort_region,43.37,3052,60,57.9,2019,Annual Statistical Report 2019.pdf,Table 23: Monthly Occupancy Rates in Tourist Hotels by Region – 2019,91,monthly,visual_transcription_image_only_pdf,true
2019-08-01,2019,8,Greater Colombo,resort_region,55.66,3052,60,57.9,2019,Annual Statistical Report 2019.pdf,Table 23: Monthly Occupancy Rates in Tourist Hotels by Region – 2019,91,monthly,visual_transcription_image_only_pdf,true
2019-09-01,2019,9,Greater Colombo,resort_region,50.47,3052,60,57.9,2019,Annual Statistical Report 2019.pdf,Table 23: Monthly Occupancy Rates in Tourist Hotels by Region – 2019,91,monthly,visual_transcription_image_only_pdf,true
2019-10-01,2019,10,Greater Colombo,resort_region,54.32,3052,60,57.9,2019,Annual Statistical Report 2019.pdf,Table 23: Monthly Occupancy Rates in Tourist Hotels by Region – 2019,91,monthly,visual_transcription_image_only_pdf,true
2019-11-01,2019,11,Greater Colombo,resort_region,73.48,3052,60,57.9,2019,Annual Statistical Report 2019.pdf,Table 23: Monthly Occupancy Rates in Tourist Hotels by Region – 2019,91,monthly,visual_transcription_image_only_pdf,true
2019-12-01,2019,12,Greater Colombo,resort_region,74.49,3052,60,57.9,2019,Annual Statistical Report 2019.pdf,Table 23: Monthly Occupancy Rates in Tourist Hotels by Region – 2019,91,monthly,visual_transcription_image_only_pdf,true
2019-01-01,2019,1,South Coast,resort_region,80.06,8695,182,59.68,2019,Annual Statistical Report 2019.pdf,Table 23: Monthly Occupancy Rates in Tourist Hotels by Region – 2019,91,monthly,visual_transcription_image_only_pdf,true
2019-02-01,2019,2,South Coast,resort_region,77.1,8695,182,59.68,2019,Annual Statistical Report 2019.pdf,Table 23: Monthly Occupancy Rates in Tourist Hotels by Region – 2019,91,monthly,visual_transcription_image_only_pdf,true
2019-03-01,2019,3,South Coast,resort_region,71.57,8695,182,59.68,2019,Annual Statistical Report 2019.pdf,Table 23: Monthly Occupancy Rates in Tourist Hotels by Region – 2019,91,monthly,visual_transcription_image_only_pdf,true
2019-04-01,2019,4,South Coast,resort_region,65.58,8695,182,59.68,2019,Annual Statistical Report 2019.pdf,Table 23: Monthly Occupancy Rates in Tourist Hotels by Region – 2019,91,monthly,visual_transcription_image_only_pdf,true
2019-05-01,2019,5,South Coast,resort_region,17.26,8695,182,59.68,2019,Annual Statistical Report 2019.pdf,Table 23: Monthly Occupancy Rates in Tourist Hotels by Region – 2019,91,monthly,visual_transcription_image_only_pdf,true
2019-06-01,2019,6,South Coast,resort_region,24.68,8695,182,59.68,2019,Annual Statistical Report 2019.pdf,Table 23: Monthly Occupancy Rates in Tourist Hotels by Region – 2019,91,monthly,visual_transcription_image_only_pdf,true
2019-07-01,2019,7,South Coast,resort_region,46.72,8695,182,59.68,2019,Annual Statistical Report 2019.pdf,Table 23: Monthly Occupancy Rates in Tourist Hotels by Region – 2019,91,monthly,visual_transcription_image_only_pdf,true
2019-08-01,2019,8,South Coast,resort_region,59.46,8695,182,59.68,2019,Annual Statistical Report 2019.pdf,Table 23: Monthly Occupancy Rates in Tourist Hotels by Region – 2019,91,monthly,visual_transcription_image_only_pdf,true
2019-09-01,2019,9,South Coast,resort_region,55.22,8695,182,59.68,2019,Annual Statistical Report 2019.pdf,Table 23: Monthly Occupancy Rates in Tourist Hotels by Region – 2019,91,monthly,visual_transcription_image_only_pdf,true
2019-10-01,2019,10,South Coast,resort_region,59.55,8695,182,59.68,2019,Annual Statistical Report 2019.pdf,Table 23: Monthly Occupancy Rates in Tourist Hotels by Region – 2019,91,monthly,visual_transcription_image_only_pdf,true
2019-11-01,2019,11,South Coast,resort_region,78.11,8695,182,59.68,2019,Annual Statistical Report 2019.pdf,Table 23: Monthly Occupancy Rates in Tourist Hotels by Region – 2019,91,monthly,visual_transcription_image_only_pdf,true
2019-12-01,2019,12,South Coast,resort_region,80.88,8695,182,59.68,2019,Annual Statistical Report 2019.pdf,Table 23: Monthly Occupancy Rates in Tourist Hotels by Region – 2019,91,monthly,visual_transcription_image_only_pdf,true
2019-01-01,2019,1,East Coast,resort_region,78.91,1201,31,57.31,2019,Annual Statistical Report 2019.pdf,Table 23: Monthly Occupancy Rates in Tourist Hotels by Region – 2019,91,monthly,visual_transcription_image_only_pdf,true
2019-02-01,2019,2,East Coast,resort_region,76.24,1201,31,57.31,2019,Annual Statistical Report 2019.pdf,Table 23: Monthly Occupancy Rates in Tourist Hotels by Region – 2019,91,monthly,visual_transcription_image_only_pdf,true
2019-03-01,2019,3,East Coast,resort_region,73.89,1201,31,57.31,2019,Annual Statistical Report 2019.pdf,Table 23: Monthly Occupancy Rates in Tourist Hotels by Region – 2019,91,monthly,visual_transcription_image_only_pdf,true
2019-04-01,2019,4,East Coast,resort_region,64.23,1201,31,57.31,2019,Annual Statistical Report 2019.pdf,Table 23: Monthly Occupancy Rates in Tourist Hotels by Region – 2019,91,monthly,visual_transcription_image_only_pdf,true
2019-05-01,2019,5,East Coast,resort_region,13.4,1201,31,57.31,2019,Annual Statistical Report 2019.pdf,Table 23: Monthly Occupancy Rates in Tourist Hotels by Region – 2019,91,monthly,visual_transcription_image_only_pdf,true
2019-06-01,2019,6,East Coast,resort_region,22.03,1201,31,57.31,2019,Annual Statistical Report 2019.pdf,Table 23: Monthly Occupancy Rates in Tourist Hotels by Region – 2019,91,monthly,visual_transcription_image_only_pdf,true
2019-07-01,2019,7,East Coast,resort_region,49.39,1201,31,57.31,2019,Annual Statistical Report 2019.pdf,Table 23: Monthly Occupancy Rates in Tourist Hotels by Region – 2019,91,monthly,visual_transcription_image_only_pdf,true
2019-08-01,2019,8,East Coast,resort_region,59.64,1201,31,57.31,2019,Annual Statistical Report 2019.pdf,Table 23: Monthly Occupancy Rates in Tourist Hotels by Region – 2019,91,monthly,visual_transcription_image_only_pdf,true
2019-09-01,2019,9,East Coast,resort_region,48.91,1201,31,57.31,2019,Annual Statistical Report 2019.pdf,Table 23: Monthly Occupancy Rates in Tourist Hotels by Region – 2019,91,monthly,visual_transcription_image_only_pdf,true
2019-10-01,2019,10,East Coast,resort_region,55.73,1201,31,57.31,2019,Annual Statistical Report 2019.pdf,Table 23: Monthly Occupancy Rates in Tourist Hotels by Region – 2019,91,monthly,visual_transcription_image_only_pdf,true
2019-11-01,2019,11,East Coast,resort_region,73.66,1201,31,57.31,2019,Annual Statistical Report 2019.pdf,Table 23: Monthly Occupancy Rates in Tourist Hotels by Region – 2019,91,monthly,visual_transcription_image_only_pdf,true
2019-12-01,2019,12,East Coast,resort_region,71.68,1201,31,57.31,2019,Annual Statistical Report 2019.pdf,Table 23: Monthly Occupancy Rates in Tourist Hotels by Region – 2019,91,monthly,visual_transcription_image_only_pdf,true
2019-01-01,2019,1,Hill Country,resort_region,78.4,1548,48,57.45,2019,Annual Statistical Report 2019.pdf,Table 23: Monthly Occupancy Rates in Tourist Hotels by Region – 2019,91,monthly,visual_transcription_image_only_pdf,true
2019-02-01,2019,2,Hill Country,resort_region,76.77,1548,48,57.45,2019,Annual Statistical Report 2019.pdf,Table 23: Monthly Occupancy Rates in Tourist Hotels by Region – 2019,91,monthly,visual_transcription_image_only_pdf,true
2019-03-01,2019,3,Hill Country,resort_region,72.84,1548,48,57.45,2019,Annual Statistical Report 2019.pdf,Table 23: Monthly Occupancy Rates in Tourist Hotels by Region – 2019,91,monthly,visual_transcription_image_only_pdf,true
2019-04-01,2019,4,Hill Country,resort_region,65.68,1548,48,57.45,2019,Annual Statistical Report 2019.pdf,Table 23: Monthly Occupancy Rates in Tourist Hotels by Region – 2019,91,monthly,visual_transcription_image_only_pdf,true
2019-05-01,2019,5,Hill Country,resort_region,14.69,1548,48,57.45,2019,Annual Statistical Report 2019.pdf,Table 23: Monthly Occupancy Rates in Tourist Hotels by Region – 2019,91,monthly,visual_transcription_image_only_pdf,true
2019-06-01,2019,6,Hill Country,resort_region,22.44,1548,48,57.45,2019,Annual Statistical Report 2019.pdf,Table 23: Monthly Occupancy Rates in Tourist Hotels by Region – 2019,91,monthly,visual_transcription_image_only_pdf,true
2019-07-01,2019,7,Hill Country,resort_region,46.85,1548,48,57.45,2019,Annual Statistical Report 2019.pdf,Table 23: Monthly Occupancy Rates in Tourist Hotels by Region – 2019,91,monthly,visual_transcription_image_only_pdf,true
2019-08-01,2019,8,Hill Country,resort_region,57.86,1548,48,57.45,2019,Annual Statistical Report 2019.pdf,Table 23: Monthly Occupancy Rates in Tourist Hotels by Region – 2019,91,monthly,visual_transcription_image_only_pdf,true
2019-09-01,2019,9,Hill Country,resort_region,52.35,1548,48,57.45,2019,Annual Statistical Report 2019.pdf,Table 23: Monthly Occupancy Rates in Tourist Hotels by Region – 2019,91,monthly,visual_transcription_image_only_pdf,true
2019-10-01,2019,10,Hill Country,resort_region,54.79,1548,48,57.45,2019,Annual Statistical Report 2019.pdf,Table 23: Monthly Occupancy Rates in Tourist Hotels by Region – 2019,91,monthly,visual_transcription_image_only_pdf,true
2019-11-01,2019,11,Hill Country,resort_region,71.39,1548,48,57.45,2019,Annual Statistical Report 2019.pdf,Table 23: Monthly Occupancy Rates in Tourist Hotels by Region – 2019,91,monthly,visual_transcription_image_only_pdf,true
2019-12-01,2019,12,Hill Country,resort_region,75.31,1548,48,57.45,2019,Annual Statistical Report 2019.pdf,Table 23: Monthly Occupancy Rates in Tourist Hotels by Region – 2019,91,monthly,visual_transcription_image_only_pdf,true
2019-01-01,2019,1,Ancient Cities,resort_region,76.73,4462,101,56.96,2019,Annual Statistical Report 2019.pdf,Table 23: Monthly Occupancy Rates in Tourist Hotels by Region – 2019,91,monthly,visual_transcription_image_only_pdf,true
2019-02-01,2019,2,Ancient Cities,resort_region,76.86,4462,101,56.96,2019,Annual Statistical Report 2019.pdf,Table 23: Monthly Occupancy Rates in Tourist Hotels by Region – 2019,91,monthly,visual_transcription_image_only_pdf,true
2019-03-01,2019,3,Ancient Cities,resort_region,74.05,4462,101,56.96,2019,Annual Statistical Report 2019.pdf,Table 23: Monthly Occupancy Rates in Tourist Hotels by Region – 2019,91,monthly,visual_transcription_image_only_pdf,true
2019-04-01,2019,4,Ancient Cities,resort_region,59.75,4462,101,56.96,2019,Annual Statistical Report 2019.pdf,Table 23: Monthly Occupancy Rates in Tourist Hotels by Region – 2019,91,monthly,visual_transcription_image_only_pdf,true
2019-05-01,2019,5,Ancient Cities,resort_region,14.94,4462,101,56.96,2019,Annual Statistical Report 2019.pdf,Table 23: Monthly Occupancy Rates in Tourist Hotels by Region – 2019,91,monthly,visual_transcription_image_only_pdf,true
2019-06-01,2019,6,Ancient Cities,resort_region,23.09,4462,101,56.96,2019,Annual Statistical Report 2019.pdf,Table 23: Monthly Occupancy Rates in Tourist Hotels by Region – 2019,91,monthly,visual_transcription_image_only_pdf,true
2019-07-01,2019,7,Ancient Cities,resort_region,47.87,4462,101,56.96,2019,Annual Statistical Report 2019.pdf,Table 23: Monthly Occupancy Rates in Tourist Hotels by Region – 2019,91,monthly,visual_transcription_image_only_pdf,true
2019-08-01,2019,8,Ancient Cities,resort_region,55.67,4462,101,56.96,2019,Annual Statistical Report 2019.pdf,Table 23: Monthly Occupancy Rates in Tourist Hotels by Region – 2019,91,monthly,visual_transcription_image_only_pdf,true
2019-09-01,2019,9,Ancient Cities,resort_region,52.9,4462,101,56.96,2019,Annual Statistical Report 2019.pdf,Table 23: Monthly Occupancy Rates in Tourist Hotels by Region – 2019,91,monthly,visual_transcription_image_only_pdf,true
2019-10-01,2019,10,Ancient Cities,resort_region,52.19,4462,101,56.96,2019,Annual Statistical Report 2019.pdf,Table 23: Monthly Occupancy Rates in Tourist Hotels by Region – 2019,91,monthly,visual_transcription_image_only_pdf,true
2019-11-01,2019,11,Ancient Cities,resort_region,74.07,4462,101,56.96,2019,Annual Statistical Report 2019.pdf,Table 23: Monthly Occupancy Rates in Tourist Hotels by Region – 2019,91,monthly,visual_transcription_image_only_pdf,true
2019-12-01,2019,12,Ancient Cities,resort_region,75.41,4462,101,56.96,2019,Annual Statistical Report 2019.pdf,Table 23: Monthly Occupancy Rates in Tourist Hotels by Region – 2019,91,monthly,visual_transcription_image_only_pdf,true
2019-01-01,2019,1,Northern Region,resort_region,70.71,235,8,48.55,2019,Annual Statistical Report 2019.pdf,Table 23: Monthly Occupancy Rates in Tourist Hotels by Region – 2019,91,monthly,visual_transcription_image_only_pdf,true
2019-02-01,2019,2,Northern Region,resort_region,72.92,235,8,48.55,2019,Annual Statistical Report 2019.pdf,Table 23: Monthly Occupancy Rates in Tourist Hotels by Region – 2019,91,monthly,visual_transcription_image_only_pdf,true
2019-03-01,2019,3,Northern Region,resort_region,64.86,235,8,48.55,2019,Annual Statistical Report 2019.pdf,Table 23: Monthly Occupancy Rates in Tourist Hotels by Region – 2019,91,monthly,visual_transcription_image_only_pdf,true
2019-04-01,2019,4,Northern Region,resort_region,49.23,235,8,48.55,2019,Annual Statistical Report 2019.pdf,Table 23: Monthly Occupancy Rates in Tourist Hotels by Region – 2019,91,monthly,visual_transcription_image_only_pdf,true
2019-05-01,2019,5,Northern Region,resort_region,12.52,235,8,48.55,2019,Annual Statistical Report 2019.pdf,Table 23: Monthly Occupancy Rates in Tourist Hotels by Region – 2019,91,monthly,visual_transcription_image_only_pdf,true
2019-06-01,2019,6,Northern Region,resort_region,19.35,235,8,48.55,2019,Annual Statistical Report 2019.pdf,Table 23: Monthly Occupancy Rates in Tourist Hotels by Region – 2019,91,monthly,visual_transcription_image_only_pdf,true
2019-07-01,2019,7,Northern Region,resort_region,38.91,235,8,48.55,2019,Annual Statistical Report 2019.pdf,Table 23: Monthly Occupancy Rates in Tourist Hotels by Region – 2019,91,monthly,visual_transcription_image_only_pdf,true
2019-08-01,2019,8,Northern Region,resort_region,44.88,235,8,48.55,2019,Annual Statistical Report 2019.pdf,Table 23: Monthly Occupancy Rates in Tourist Hotels by Region – 2019,91,monthly,visual_transcription_image_only_pdf,true
2019-09-01,2019,9,Northern Region,resort_region,39.63,235,8,48.55,2019,Annual Statistical Report 2019.pdf,Table 23: Monthly Occupancy Rates in Tourist Hotels by Region – 2019,91,monthly,visual_transcription_image_only_pdf,true
2019-10-01,2019,10,Northern Region,resort_region,42.92,235,8,48.55,2019,Annual Statistical Report 2019.pdf,Table 23: Monthly Occupancy Rates in Tourist Hotels by Region – 2019,91,monthly,visual_transcription_image_only_pdf,true
2019-11-01,2019,11,Northern Region,resort_region,62.44,235,8,48.55,2019,Annual Statistical Report 2019.pdf,Table 23: Monthly Occupancy Rates in Tourist Hotels by Region – 2019,91,monthly,visual_transcription_image_only_pdf,true
2019-12-01,2019,12,Northern Region,resort_region,64.86,235,8,48.55,2019,Annual Statistical Report 2019.pdf,Table 23: Monthly Occupancy Rates in Tourist Hotels by Region – 2019,91,monthly,visual_transcription_image_only_pdf,true
2020-01-01,2020,1,Colombo,district,59.7,6128,53,15.9,2020,Annual Statistical Report 2020.pdf,Table 21: Monthly Occupancy Rates in Tourist Hotels by District – 2020,92,monthly,pdftotext_layout,false
2020-02-01,2020,2,Colombo,district,45.1,6128,53,15.9,2020,Annual Statistical Report 2020.pdf,Table 21: Monthly Occupancy Rates in Tourist Hotels by District – 2020,92,monthly,pdftotext_layout,false
2020-03-01,2020,3,Colombo,district,24.1,6128,53,15.9,2020,Annual Statistical Report 2020.pdf,Table 21: Monthly Occupancy Rates in Tourist Hotels by District – 2020,92,monthly,pdftotext_layout,false
2020-04-01,2020,4,Colombo,district,2.2,6128,53,15.9,2020,Annual Statistical Report 2020.pdf,Table 21: Monthly Occupancy Rates in Tourist Hotels by District – 2020,92,monthly,pdftotext_layout,false
2020-05-01,2020,5,Colombo,district,2.5,6128,53,15.9,2020,Annual Statistical Report 2020.pdf,Table 21: Monthly Occupancy Rates in Tourist Hotels by District – 2020,92,monthly,pdftotext_layout,false
2020-06-01,2020,6,Colombo,district,7.5,6128,53,15.9,2020,Annual Statistical Report 2020.pdf,Table 21: Monthly Occupancy Rates in Tourist Hotels by District – 2020,92,monthly,pdftotext_layout,false
2020-07-01,2020,7,Colombo,district,10.4,6128,53,15.9,2020,Annual Statistical Report 2020.pdf,Table 21: Monthly Occupancy Rates in Tourist Hotels by District – 2020,92,monthly,pdftotext_layout,false
2020-08-01,2020,8,Colombo,district,9.0,6128,53,15.9,2020,Annual Statistical Report 2020.pdf,Table 21: Monthly Occupancy Rates in Tourist Hotels by District – 2020,92,monthly,pdftotext_layout,false
2020-09-01,2020,9,Colombo,district,8.1,6128,53,15.9,2020,Annual Statistical Report 2020.pdf,Table 21: Monthly Occupancy Rates in Tourist Hotels by District – 2020,92,monthly,pdftotext_layout,false
2020-10-01,2020,10,Colombo,district,8.3,6128,53,15.9,2020,Annual Statistical Report 2020.pdf,Table 21: Monthly Occupancy Rates in Tourist Hotels by District – 2020,92,monthly,pdftotext_layout,false
2020-11-01,2020,11,Colombo,district,4.7,6128,53,15.9,2020,Annual Statistical Report 2020.pdf,Table 21: Monthly Occupancy Rates in Tourist Hotels by District – 2020,92,monthly,pdftotext_layout,false
2020-12-01,2020,12,Colombo,district,9.2,6128,53,15.9,2020,Annual Statistical Report 2020.pdf,Table 21: Monthly Occupancy Rates in Tourist Hotels by District – 2020,92,monthly,pdftotext_layout,false
2020-01-01,2020,1,Galle,district,87.0,3899,88,23.2,2020,Annual Statistical Report 2020.pdf,Table 21: Monthly Occupancy Rates in Tourist Hotels by District – 2020,92,monthly,pdftotext_layout,false
2020-02-01,2020,2,Galle,district,65.9,3899,88,23.2,2020,Annual Statistical Report 2020.pdf,Table 21: Monthly Occupancy Rates in Tourist Hotels by District – 2020,92,monthly,pdftotext_layout,false
2020-03-01,2020,3,Galle,district,35.2,3899,88,23.2,2020,Annual Statistical Report 2020.pdf,Table 21: Monthly Occupancy Rates in Tourist Hotels by District – 2020,92,monthly,pdftotext_layout,false
2020-04-01,2020,4,Galle,district,3.3,3899,88,23.2,2020,Annual Statistical Report 2020.pdf,Table 21: Monthly Occupancy Rates in Tourist Hotels by District – 2020,92,monthly,pdftotext_layout,false
2020-05-01,2020,5,Galle,district,3.6,3899,88,23.2,2020,Annual Statistical Report 2020.pdf,Table 21: Monthly Occupancy Rates in Tourist Hotels by District – 2020,92,monthly,pdftotext_layout,false
2020-06-01,2020,6,Galle,district,10.9,3899,88,23.2,2020,Annual Statistical Report 2020.pdf,Table 21: Monthly Occupancy Rates in Tourist Hotels by District – 2020,92,monthly,pdftotext_layout,false
2020-07-01,2020,7,Galle,district,15.1,3899,88,23.2,2020,Annual Statistical Report 2020.pdf,Table 21: Monthly Occupancy Rates in Tourist Hotels by District – 2020,92,monthly,pdftotext_layout,false
2020-08-01,2020,8,Galle,district,13.1,3899,88,23.2,2020,Annual Statistical Report 2020.pdf,Table 21: Monthly Occupancy Rates in Tourist Hotels by District – 2020,92,monthly,pdftotext_layout,false
2020-09-01,2020,9,Galle,district,11.8,3899,88,23.2,2020,Annual Statistical Report 2020.pdf,Table 21: Monthly Occupancy Rates in Tourist Hotels by District – 2020,92,monthly,pdftotext_layout,false
2020-10-01,2020,10,Galle,district,12.1,3899,88,23.2,2020,Annual Statistical Report 2020.pdf,Table 21: Monthly Occupancy Rates in Tourist Hotels by District – 2020,92,monthly,pdftotext_layout,false
2020-11-01,2020,11,Galle,district,6.9,3899,88,23.2,2020,Annual Statistical Report 2020.pdf,Table 21: Monthly Occupancy Rates in Tourist Hotels by District – 2020,92,monthly,pdftotext_layout,false
2020-12-01,2020,12,Galle,district,13.4,3899,88,23.2,2020,Annual Statistical Report 2020.pdf,Table 21: Monthly Occupancy Rates in Tourist Hotels by District – 2020,92,monthly,pdftotext_layout,false
2020-01-01,2020,1,Gampaha,district,61.2,1836,38,16.3,2020,Annual Statistical Report 2020.pdf,Table 21: Monthly Occupancy Rates in Tourist Hotels by District – 2020,92,monthly,pdftotext_layout,false
2020-02-01,2020,2,Gampaha,district,46.3,1836,38,16.3,2020,Annual Statistical Report 2020.pdf,Table 21: Monthly Occupancy Rates in Tourist Hotels by District – 2020,92,monthly,pdftotext_layout,false
2020-03-01,2020,3,Gampaha,district,24.7,1836,38,16.3,2020,Annual Statistical Report 2020.pdf,Table 21: Monthly Occupancy Rates in Tourist Hotels by District – 2020,92,monthly,pdftotext_layout,false
2020-04-01,2020,4,Gampaha,district,2.3,1836,38,16.3,2020,Annual Statistical Report 2020.pdf,Table 21: Monthly Occupancy Rates in Tourist Hotels by District – 2020,92,monthly,pdftotext_layout,false
2020-05-01,2020,5,Gampaha,district,2.5,1836,38,16.3,2020,Annual Statistical Report 2020.pdf,Table 21: Monthly Occupancy Rates in Tourist Hotels by District – 2020,92,monthly,pdftotext_layout,false
2020-06-01,2020,6,Gampaha,district,7.7,1836,38,16.3,2020,Annual Statistical Report 2020.pdf,Table 21: Monthly Occupancy Rates in Tourist Hotels by District – 2020,92,monthly,pdftotext_layout,false
2020-07-01,2020,7,Gampaha,district,10.6,1836,38,16.3,2020,Annual Statistical Report 2020.pdf,Table 21: Monthly Occupancy Rates in Tourist Hotels by District – 2020,92,monthly,pdftotext_layout,false
2020-08-01,2020,8,Gampaha,district,9.2,1836,38,16.3,2020,Annual Statistical Report 2020.pdf,Table 21: Monthly Occupancy Rates in Tourist Hotels by District – 2020,92,monthly,pdftotext_layout,false
2020-09-01,2020,9,Gampaha,district,8.3,1836,38,16.3,2020,Annual Statistical Report 2020.pdf,Table 21: Monthly Occupancy Rates in Tourist Hotels by District – 2020,92,monthly,pdftotext_layout,false
2020-10-01,2020,10,Gampaha,district,8.5,1836,38,16.3,2020,Annual Statistical Report 2020.pdf,Table 21: Monthly Occupancy Rates in Tourist Hotels by District – 2020,92,monthly,pdftotext_layout,false
2020-11-01,2020,11,Gampaha,district,4.8,1836,38,16.3,2020,Annual Statistical Report 2020.pdf,Table 21: Monthly Occupancy Rates in Tourist Hotels by District – 2020,92,monthly,pdftotext_layout,false
2020-12-01,2020,12,Gampaha,district,9.4,1836,38,16.3,2020,Annual Statistical Report 2020.pdf,Table 21: Monthly Occupancy Rates in Tourist Hotels by District – 2020,92,monthly,pdftotext_layout,false
2020-01-01,2020,1,Kandy,district,82.5,2040,45,22.0,2020,Annual Statistical Report 2020.pdf,Table 21: Monthly Occupancy Rates in Tourist Hotels by District – 2020,92,monthly,pdftotext_layout,false
2020-02-01,2020,2,Kandy,district,62.5,2040,45,22.0,2020,Annual Statistical Report 2020.pdf,Table 21: Monthly Occupancy Rates in Tourist Hotels by District – 2020,92,monthly,pdftotext_layout,false
2020-03-01,2020,3,Kandy,district,33.4,2040,45,22.0,2020,Annual Statistical Report 2020.pdf,Table 21: Monthly Occupancy Rates in Tourist Hotels by District – 2020,92,monthly,pdftotext_layout,false
2020-04-01,2020,4,Kandy,district,3.1,2040,45,22.0,2020,Annual Statistical Report 2020.pdf,Table 21: Monthly Occupancy Rates in Tourist Hotels by District – 2020,92,monthly,pdftotext_layout,false
2020-05-01,2020,5,Kandy,district,3.4,2040,45,22.0,2020,Annual Statistical Report 2020.pdf,Table 21: Monthly Occupancy Rates in Tourist Hotels by District – 2020,92,monthly,pdftotext_layout,false
2020-06-01,2020,6,Kandy,district,10.3,2040,45,22.0,2020,Annual Statistical Report 2020.pdf,Table 21: Monthly Occupancy Rates in Tourist Hotels by District – 2020,92,monthly,pdftotext_layout,false
2020-07-01,2020,7,Kandy,district,14.3,2040,45,22.0,2020,Annual Statistical Report 2020.pdf,Table 21: Monthly Occupancy Rates in Tourist Hotels by District – 2020,92,monthly,pdftotext_layout,false
2020-08-01,2020,8,Kandy,district,12.4,2040,45,22.0,2020,Annual Statistical Report 2020.pdf,Table 21: Monthly Occupancy Rates in Tourist Hotels by District – 2020,92,monthly,pdftotext_layout,false
2020-09-01,2020,9,Kandy,district,11.2,2040,45,22.0,2020,Annual Statistical Report 2020.pdf,Table 21: Monthly Occupancy Rates in Tourist Hotels by District – 2020,92,monthly,pdftotext_layout,false
2020-10-01,2020,10,Kandy,district,11.5,2040,45,22.0,2020,Annual Statistical Report 2020.pdf,Table 21: Monthly Occupancy Rates in Tourist Hotels by District – 2020,92,monthly,pdftotext_layout,false
2020-11-01,2020,11,Kandy,district,6.5,2040,45,22.0,2020,Annual Statistical Report 2020.pdf,Table 21: Monthly Occupancy Rates in Tourist Hotels by District – 2020,92,monthly,pdftotext_layout,false
2020-12-01,2020,12,Kandy,district,12.7,2040,45,22.0,2020,Annual Statistical Report 2020.pdf,Table 21: Monthly Occupancy Rates in Tourist Hotels by District – 2020,92,monthly,pdftotext_layout,false
2020-01-01,2020,1,Kalutara,district,58.2,2662,37,15.5,2020,Annual Statistical Report 2020.pdf,Table 21: Monthly Occupancy Rates in Tourist Hotels by District – 2020,92,monthly,pdftotext_layout,false
2020-02-01,2020,2,Kalutara,district,44.0,2662,37,15.5,2020,Annual Statistical Report 2020.pdf,Table 21: Monthly Occupancy Rates in Tourist Hotels by District – 2020,92,monthly,pdftotext_layout,false
2020-03-01,2020,3,Kalutara,district,23.5,2662,37,15.5,2020,Annual Statistical Report 2020.pdf,Table 21: Monthly Occupancy Rates in Tourist Hotels by District – 2020,92,monthly,pdftotext_layout,false
2020-04-01,2020,4,Kalutara,district,2.2,2662,37,15.5,2020,Annual Statistical Report 2020.pdf,Table 21: Monthly Occupancy Rates in Tourist Hotels by District – 2020,92,monthly,pdftotext_layout,false
2020-05-01,2020,5,Kalutara,district,2.4,2662,37,15.5,2020,Annual Statistical Report 2020.pdf,Table 21: Monthly Occupancy Rates in Tourist Hotels by District – 2020,92,monthly,pdftotext_layout,false
2020-06-01,2020,6,Kalutara,district,7.3,2662,37,15.5,2020,Annual Statistical Report 2020.pdf,Table 21: Monthly Occupancy Rates in Tourist Hotels by District – 2020,92,monthly,pdftotext_layout,false
2020-07-01,2020,7,Kalutara,district,10.1,2662,37,15.5,2020,Annual Statistical Report 2020.pdf,Table 21: Monthly Occupancy Rates in Tourist Hotels by District – 2020,92,monthly,pdftotext_layout,false
2020-08-01,2020,8,Kalutara,district,8.7,2662,37,15.5,2020,Annual Statistical Report 2020.pdf,Table 21: Monthly Occupancy Rates in Tourist Hotels by District – 2020,92,monthly,pdftotext_layout,false
2020-09-01,2020,9,Kalutara,district,7.9,2662,37,15.5,2020,Annual Statistical Report 2020.pdf,Table 21: Monthly Occupancy Rates in Tourist Hotels by District – 2020,92,monthly,pdftotext_layout,false
2020-10-01,2020,10,Kalutara,district,8.1,2662,37,15.5,2020,Annual Statistical Report 2020.pdf,Table 21: Monthly Occupancy Rates in Tourist Hotels by District – 2020,92,monthly,pdftotext_layout,false
2020-11-01,2020,11,Kalutara,district,4.6,2662,37,15.5,2020,Annual Statistical Report 2020.pdf,Table 21: Monthly Occupancy Rates in Tourist Hotels by District – 2020,92,monthly,pdftotext_layout,false
2020-12-01,2020,12,Kalutara,district,8.9,2662,37,15.5,2020,Annual Statistical Report 2020.pdf,Table 21: Monthly Occupancy Rates in Tourist Hotels by District – 2020,92,monthly,pdftotext_layout,false
2020-01-01,2020,1,Matale,district,62.3,1532,32,16.6,2020,Annual Statistical Report 2020.pdf,Table 21: Monthly Occupancy Rates in Tourist Hotels by District – 2020,92,monthly,pdftotext_layout,false
2020-02-01,2020,2,Matale,district,47.1,1532,32,16.6,2020,Annual Statistical Report 2020.pdf,Table 21: Monthly Occupancy Rates in Tourist Hotels by District – 2020,92,monthly,pdftotext_layout,false
2020-03-01,2020,3,Matale,district,27.2,1532,32,16.6,2020,Annual Statistical Report 2020.pdf,Table 21: Monthly Occupancy Rates in Tourist Hotels by District – 2020,92,monthly,pdftotext_layout,false
2020-04-01,2020,4,Matale,district,2.3,1532,32,16.6,2020,Annual Statistical Report 2020.pdf,Table 21: Monthly Occupancy Rates in Tourist Hotels by District – 2020,92,monthly,pdftotext_layout,false
2020-05-01,2020,5,Matale,district,2.6,1532,32,16.6,2020,Annual Statistical Report 2020.pdf,Table 21: Monthly Occupancy Rates in Tourist Hotels by District – 2020,92,monthly,pdftotext_layout,false
2020-06-01,2020,6,Matale,district,7.8,1532,32,16.6,2020,Annual Statistical Report 2020.pdf,Table 21: Monthly Occupancy Rates in Tourist Hotels by District – 2020,92,monthly,pdftotext_layout,false
2020-07-01,2020,7,Matale,district,10.8,1532,32,16.6,2020,Annual Statistical Report 2020.pdf,Table 21: Monthly Occupancy Rates in Tourist Hotels by District – 2020,92,monthly,pdftotext_layout,false
2020-08-01,2020,8,Matale,district,9.4,1532,32,16.6,2020,Annual Statistical Report 2020.pdf,Table 21: Monthly Occupancy Rates in Tourist Hotels by District – 2020,92,monthly,pdftotext_layout,false
2020-09-01,2020,9,Matale,district,8.5,1532,32,16.6,2020,Annual Statistical Report 2020.pdf,Table 21: Monthly Occupancy Rates in Tourist Hotels by District – 2020,92,monthly,pdftotext_layout,false
2020-10-01,2020,10,Matale,district,8.7,1532,32,16.6,2020,Annual Statistical Report 2020.pdf,Table 21: Monthly Occupancy Rates in Tourist Hotels by District – 2020,92,monthly,pdftotext_layout,false
2020-11-01,2020,11,Matale,district,4.9,1532,32,16.6,2020,Annual Statistical Report 2020.pdf,Table 21: Monthly Occupancy Rates in Tourist Hotels by District – 2020,92,monthly,pdftotext_layout,false
2020-12-01,2020,12,Matale,district,9.6,1532,32,16.6,2020,Annual Statistical Report 2020.pdf,Table 21: Monthly Occupancy Rates in Tourist Hotels by District – 2020,92,monthly,pdftotext_layout,false
2020-01-01,2020,1,Hambantota,district,63.4,1212,28,16.9,2020,Annual Statistical Report 2020.pdf,Table 21: Monthly Occupancy Rates in Tourist Hotels by District – 2020,92,monthly,pdftotext_layout,false
2020-02-01,2020,2,Hambantota,district,48.0,1212,28,16.9,2020,Annual Statistical Report 2020.pdf,Table 21: Monthly Occupancy Rates in Tourist Hotels by District – 2020,92,monthly,pdftotext_layout,false
2020-03-01,2020,3,Hambantota,district,25.6,1212,28,16.9,2020,Annual Statistical Report 2020.pdf,Table 21: Monthly Occupancy Rates in Tourist Hotels by District – 2020,92,monthly,pdftotext_layout,false
2020-04-01,2020,4,Hambantota,district,2.4,1212,28,16.9,2020,Annual Statistical Report 2020.pdf,Table 21: Monthly Occupancy Rates in Tourist Hotels by District – 2020,92,monthly,pdftotext_layout,false
2020-05-01,2020,5,Hambantota,district,2.6,1212,28,16.9,2020,Annual Statistical Report 2020.pdf,Table 21: Monthly Occupancy Rates in Tourist Hotels by District – 2020,92,monthly,pdftotext_layout,false
2020-06-01,2020,6,Hambantota,district,7.9,1212,28,16.9,2020,Annual Statistical Report 2020.pdf,Table 21: Monthly Occupancy Rates in Tourist Hotels by District – 2020,92,monthly,pdftotext_layout,false
2020-07-01,2020,7,Hambantota,district,11.0,1212,28,16.9,2020,Annual Statistical Report 2020.pdf,Table 21: Monthly Occupancy Rates in Tourist Hotels by District – 2020,92,monthly,pdftotext_layout,false
2020-08-01,2020,8,Hambantota,district,9.5,1212,28,16.9,2020,Annual Statistical Report 2020.pdf,Table 21: Monthly Occupancy Rates in Tourist Hotels by District – 2020,92,monthly,pdftotext_layout,false
2020-09-01,2020,9,Hambantota,district,8.6,1212,28,16.9,2020,Annual Statistical Report 2020.pdf,Table 21: Monthly Occupancy Rates in Tourist Hotels by District – 2020,92,monthly,pdftotext_layout,false
2020-10-01,2020,10,Hambantota,district,8.8,1212,28,16.9,2020,Annual Statistical Report 2020.pdf,Table 21: Monthly Occupancy Rates in Tourist Hotels by District – 2020,92,monthly,pdftotext_layout,false
2020-11-01,2020,11,Hambantota,district,5.0,1212,28,16.9,2020,Annual Statistical Report 2020.pdf,Table 21: Monthly Occupancy Rates in Tourist Hotels by District – 2020,92,monthly,pdftotext_layout,false
2020-12-01,2020,12,Hambantota,district,9.8,1212,28,16.9,2020,Annual Statistical Report 2020.pdf,Table 21: Monthly Occupancy Rates in Tourist Hotels by District – 2020,92,monthly,pdftotext_layout,false
2020-01-01,2020,1,Nuwara Eliya,district,61.8,1117,29,15.4,2020,Annual Statistical Report 2020.pdf,Table 21: Monthly Occupancy Rates in Tourist Hotels by District – 2020,92,monthly,pdftotext_layout,false
2020-02-01,2020,2,Nuwara Eliya,district,43.7,1117,29,15.4,2020,Annual Statistical Report 2020.pdf,Table 21: Monthly Occupancy Rates in Tourist Hotels by District – 2020,92,monthly,pdftotext_layout,false
2020-03-01,2020,3,Nuwara Eliya,district,23.4,1117,29,15.4,2020,Annual Statistical Report 2020.pdf,Table 21: Monthly Occupancy Rates in Tourist Hotels by District – 2020,92,monthly,pdftotext_layout,false
2020-04-01,2020,4,Nuwara Eliya,district,2.2,1117,29,15.4,2020,Annual Statistical Report 2020.pdf,Table 21: Monthly Occupancy Rates in Tourist Hotels by District – 2020,92,monthly,pdftotext_layout,false
2020-05-01,2020,5,Nuwara Eliya,district,2.4,1117,29,15.4,2020,Annual Statistical Report 2020.pdf,Table 21: Monthly Occupancy Rates in Tourist Hotels by District – 2020,92,monthly,pdftotext_layout,false
2020-06-01,2020,6,Nuwara Eliya,district,7.2,1117,29,15.4,2020,Annual Statistical Report 2020.pdf,Table 21: Monthly Occupancy Rates in Tourist Hotels by District – 2020,92,monthly,pdftotext_layout,false
2020-07-01,2020,7,Nuwara Eliya,district,10.0,1117,29,15.4,2020,Annual Statistical Report 2020.pdf,Table 21: Monthly Occupancy Rates in Tourist Hotels by District – 2020,92,monthly,pdftotext_layout,false
2020-08-01,2020,8,Nuwara Eliya,district,8.7,1117,29,15.4,2020,Annual Statistical Report 2020.pdf,Table 21: Monthly Occupancy Rates in Tourist Hotels by District – 2020,92,monthly,pdftotext_layout,false
2020-09-01,2020,9,Nuwara Eliya,district,7.9,1117,29,15.4,2020,Annual Statistical Report 2020.pdf,Table 21: Monthly Occupancy Rates in Tourist Hotels by District – 2020,92,monthly,pdftotext_layout,false
2020-10-01,2020,10,Nuwara Eliya,district,8.1,1117,29,15.4,2020,Annual Statistical Report 2020.pdf,Table 21: Monthly Occupancy Rates in Tourist Hotels by District – 2020,92,monthly,pdftotext_layout,false
2020-11-01,2020,11,Nuwara Eliya,district,4.5,1117,29,15.4,2020,Annual Statistical Report 2020.pdf,Table 21: Monthly Occupancy Rates in Tourist Hotels by District – 2020,92,monthly,pdftotext_layout,false
2020-12-01,2020,12,Nuwara Eliya,district,8.9,1117,29,15.4,2020,Annual Statistical Report 2020.pdf,Table 21: Monthly Occupancy Rates in Tourist Hotels by District – 2020,92,monthly,pdftotext_layout,false
2020-01-01,2020,1,Matara,district,63.0,615,17,16.8,2020,Annual Statistical Report 2020.pdf,Table 21: Monthly Occupancy Rates in Tourist Hotels by District – 2020,92,monthly,pdftotext_layout,false
2020-02-01,2020,2,Matara,district,47.7,615,17,16.8,2020,Annual Statistical Report 2020.pdf,Table 21: Monthly Occupancy Rates in Tourist Hotels by District – 2020,92,monthly,pdftotext_layout,false
2020-03-01,2020,3,Matara,district,25.5,615,17,16.8,2020,Annual Statistical Report 2020.pdf,Table 21: Monthly Occupancy Rates in Tourist Hotels by District – 2020,92,monthly,pdftotext_layout,false
2020-04-01,2020,4,Matara,district,2.8,615,17,16.8,2020,Annual Statistical Report 2020.pdf,Table 21: Monthly Occupancy Rates in Tourist Hotels by District – 2020,92,monthly,pdftotext_layout,false
2020-05-01,2020,5,Matara,district,2.6,615,17,16.8,2020,Annual Statistical Report 2020.pdf,Table 21: Monthly Occupancy Rates in Tourist Hotels by District – 2020,92,monthly,pdftotext_layout,false
2020-06-01,2020,6,Matara,district,7.9,615,17,16.8,2020,Annual Statistical Report 2020.pdf,Table 21: Monthly Occupancy Rates in Tourist Hotels by District – 2020,92,monthly,pdftotext_layout,false
2020-07-01,2020,7,Matara,district,10.9,615,17,16.8,2020,Annual Statistical Report 2020.pdf,Table 21: Monthly Occupancy Rates in Tourist Hotels by District – 2020,92,monthly,pdftotext_layout,false
2020-08-01,2020,8,Matara,district,9.5,615,17,16.8,2020,Annual Statistical Report 2020.pdf,Table 21: Monthly Occupancy Rates in Tourist Hotels by District – 2020,92,monthly,pdftotext_layout,false
2020-09-01,2020,9,Matara,district,8.6,615,17,16.8,2020,Annual Statistical Report 2020.pdf,Table 21: Monthly Occupancy Rates in Tourist Hotels by District – 2020,92,monthly,pdftotext_layout,false
2020-10-01,2020,10,Matara,district,8.8,615,17,16.8,2020,Annual Statistical Report 2020.pdf,Table 21: Monthly Occupancy Rates in Tourist Hotels by District – 2020,92,monthly,pdftotext_layout,false
2020-11-01,2020,11,Matara,district,5.0,615,17,16.8,2020,Annual Statistical Report 2020.pdf,Table 21: Monthly Occupancy Rates in Tourist Hotels by District – 2020,92,monthly,pdftotext_layout,false
2020-12-01,2020,12,Matara,district,9.7,615,17,16.8,2020,Annual Statistical Report 2020.pdf,Table 21: Monthly Occupancy Rates in Tourist Hotels by District – 2020,92,monthly,pdftotext_layout,false
2020-01-01,2020,1,Badulla,district,64.5,286,11,17.2,2020,Annual Statistical Report 2020.pdf,Table 21: Monthly Occupancy Rates in Tourist Hotels by District – 2020,92,monthly,pdftotext_layout,false
2020-02-01,2020,2,Badulla,district,54.4,286,11,17.2,2020,Annual Statistical Report 2020.pdf,Table 21: Monthly Occupancy Rates in Tourist Hotels by District – 2020,92,monthly,pdftotext_layout,false
2020-03-01,2020,3,Badulla,district,26.1,286,11,17.2,2020,Annual Statistical Report 2020.pdf,Table 21: Monthly Occupancy Rates in Tourist Hotels by District – 2020,92,monthly,pdftotext_layout,false
2020-04-01,2020,4,Badulla,district,2.4,286,11,17.2,2020,Annual Statistical Report 2020.pdf,Table 21: Monthly Occupancy Rates in Tourist Hotels by District – 2020,92,monthly,pdftotext_layout,false
2020-05-01,2020,5,Badulla,district,2.7,286,11,17.2,2020,Annual Statistical Report 2020.pdf,Table 21: Monthly Occupancy Rates in Tourist Hotels by District – 2020,92,monthly,pdftotext_layout,false
2020-06-01,2020,6,Badulla,district,8.1,286,11,17.2,2020,Annual Statistical Report 2020.pdf,Table 21: Monthly Occupancy Rates in Tourist Hotels by District – 2020,92,monthly,pdftotext_layout,false
2020-07-01,2020,7,Badulla,district,11.2,286,11,17.2,2020,Annual Statistical Report 2020.pdf,Table 21: Monthly Occupancy Rates in Tourist Hotels by District – 2020,92,monthly,pdftotext_layout,false
2020-08-01,2020,8,Badulla,district,9.7,286,11,17.2,2020,Annual Statistical Report 2020.pdf,Table 21: Monthly Occupancy Rates in Tourist Hotels by District – 2020,92,monthly,pdftotext_layout,false
2020-09-01,2020,9,Badulla,district,8.8,286,11,17.2,2020,Annual Statistical Report 2020.pdf,Table 21: Monthly Occupancy Rates in Tourist Hotels by District – 2020,92,monthly,pdftotext_layout,false
2020-10-01,2020,10,Badulla,district,9.0,286,11,17.2,2020,Annual Statistical Report 2020.pdf,Table 21: Monthly Occupancy Rates in Tourist Hotels by District – 2020,92,monthly,pdftotext_layout,false
2020-11-01,2020,11,Badulla,district,5.1,286,11,17.2,2020,Annual Statistical Report 2020.pdf,Table 21: Monthly Occupancy Rates in Tourist Hotels by District – 2020,92,monthly,pdftotext_layout,false
2020-12-01,2020,12,Badulla,district,9.9,286,11,17.2,2020,Annual Statistical Report 2020.pdf,Table 21: Monthly Occupancy Rates in Tourist Hotels by District – 2020,92,monthly,pdftotext_layout,false
2020-01-01,2020,1,Anuradhapura,district,63.4,695,16,16.9,2020,Annual Statistical Report 2020.pdf,Table 21: Monthly Occupancy Rates in Tourist Hotels by District – 2020,92,monthly,pdftotext_layout,false
2020-02-01,2020,2,Anuradhapura,district,51.4,695,16,16.9,2020,Annual Statistical Report 2020.pdf,Table 21: Monthly Occupancy Rates in Tourist Hotels by District – 2020,92,monthly,pdftotext_layout,false
2020-03-01,2020,3,Anuradhapura,district,25.6,695,16,16.9,2020,Annual Statistical Report 2020.pdf,Table 21: Monthly Occupancy Rates in Tourist Hotels by District – 2020,92,monthly,pdftotext_layout,false
2020-04-01,2020,4,Anuradhapura,district,2.9,695,16,16.9,2020,Annual Statistical Report 2020.pdf,Table 21: Monthly Occupancy Rates in Tourist Hotels by District – 2020,92,monthly,pdftotext_layout,false
2020-05-01,2020,5,Anuradhapura,district,2.6,695,16,16.9,2020,Annual Statistical Report 2020.pdf,Table 21: Monthly Occupancy Rates in Tourist Hotels by District – 2020,92,monthly,pdftotext_layout,false
2020-06-01,2020,6,Anuradhapura,district,7.9,695,16,16.9,2020,Annual Statistical Report 2020.pdf,Table 21: Monthly Occupancy Rates in Tourist Hotels by District – 2020,92,monthly,pdftotext_layout,false
2020-07-01,2020,7,Anuradhapura,district,11.0,695,16,16.9,2020,Annual Statistical Report 2020.pdf,Table 21: Monthly Occupancy Rates in Tourist Hotels by District – 2020,92,monthly,pdftotext_layout,false
2020-08-01,2020,8,Anuradhapura,district,9.5,695,16,16.9,2020,Annual Statistical Report 2020.pdf,Table 21: Monthly Occupancy Rates in Tourist Hotels by District – 2020,92,monthly,pdftotext_layout,false
2020-09-01,2020,9,Anuradhapura,district,8.6,695,16,16.9,2020,Annual Statistical Report 2020.pdf,Table 21: Monthly Occupancy Rates in Tourist Hotels by District – 2020,92,monthly,pdftotext_layout,false
2020-10-01,2020,10,Anuradhapura,district,8.8,695,16,16.9,2020,Annual Statistical Report 2020.pdf,Table 21: Monthly Occupancy Rates in Tourist Hotels by District – 2020,92,monthly,pdftotext_layout,false
2020-11-01,2020,11,Anuradhapura,district,5.0,695,16,16.9,2020,Annual Statistical Report 2020.pdf,Table 21: Monthly Occupancy Rates in Tourist Hotels by District – 2020,92,monthly,pdftotext_layout,false
2020-12-01,2020,12,Anuradhapura,district,9.8,695,16,16.9,2020,Annual Statistical Report 2020.pdf,Table 21: Monthly Occupancy Rates in Tourist Hotels by District – 2020,92,monthly,pdftotext_layout,false
2020-01-01,2020,1,Puttalam,district,64.2,882,18,17.1,2020,Annual Statistical Report 2020.pdf,Table 21: Monthly Occupancy Rates in Tourist Hotels by District – 2020,92,monthly,pdftotext_layout,false
2020-02-01,2020,2,Puttalam,district,48.5,882,18,17.1,2020,Annual Statistical Report 2020.pdf,Table 21: Monthly Occupancy Rates in Tourist Hotels by District – 2020,92,monthly,pdftotext_layout,false
2020-03-01,2020,3,Puttalam,district,26.9,882,18,17.1,2020,Annual Statistical Report 2020.pdf,Table 21: Monthly Occupancy Rates in Tourist Hotels by District – 2020,92,monthly,pdftotext_layout,false
2020-04-01,2020,4,Puttalam,district,2.4,882,18,17.1,2020,Annual Statistical Report 2020.pdf,Table 21: Monthly Occupancy Rates in Tourist Hotels by District – 2020,92,monthly,pdftotext_layout,false
2020-05-01,2020,5,Puttalam,district,2.6,882,18,17.1,2020,Annual Statistical Report 2020.pdf,Table 21: Monthly Occupancy Rates in Tourist Hotels by District – 2020,92,monthly,pdftotext_layout,false
2020-06-01,2020,6,Puttalam,district,8.0,882,18,17.1,2020,Annual Statistical Report 2020.pdf,Table 21: Monthly Occupancy Rates in Tourist Hotels by District – 2020,92,monthly,pdftotext_layout,false
2020-07-01,2020,7,Puttalam,district,11.1,882,18,17.1,2020,Annual Statistical Report 2020.pdf,Table 21: Monthly Occupancy Rates in Tourist Hotels by District – 2020,92,monthly,pdftotext_layout,false
2020-08-01,2020,8,Puttalam,district,9.6,882,18,17.1,2020,Annual Statistical Report 2020.pdf,Table 21: Monthly Occupancy Rates in Tourist Hotels by District – 2020,92,monthly,pdftotext_layout,false
2020-09-01,2020,9,Puttalam,district,8.7,882,18,17.1,2020,Annual Statistical Report 2020.pdf,Table 21: Monthly Occupancy Rates in Tourist Hotels by District – 2020,92,monthly,pdftotext_layout,false
2020-10-01,2020,10,Puttalam,district,9.0,882,18,17.1,2020,Annual Statistical Report 2020.pdf,Table 21: Monthly Occupancy Rates in Tourist Hotels by District – 2020,92,monthly,pdftotext_layout,false
2020-11-01,2020,11,Puttalam,district,5.0,882,18,17.1,2020,Annual Statistical Report 2020.pdf,Table 21: Monthly Occupancy Rates in Tourist Hotels by District – 2020,92,monthly,pdftotext_layout,false
2020-12-01,2020,12,Puttalam,district,9.9,882,18,17.1,2020,Annual Statistical Report 2020.pdf,Table 21: Monthly Occupancy Rates in Tourist Hotels by District – 2020,92,monthly,pdftotext_layout,false
2020-01-01,2020,1,Batticaloa,district,69.9,648,14,18.1,2020,Annual Statistical Report 2020.pdf,Table 21: Monthly Occupancy Rates in Tourist Hotels by District – 2020,92,monthly,pdftotext_layout,false
2020-02-01,2020,2,Batticaloa,district,51.4,648,14,18.1,2020,Annual Statistical Report 2020.pdf,Table 21: Monthly Occupancy Rates in Tourist Hotels by District – 2020,92,monthly,pdftotext_layout,false
2020-03-01,2020,3,Batticaloa,district,27.5,648,14,18.1,2020,Annual Statistical Report 2020.pdf,Table 21: Monthly Occupancy Rates in Tourist Hotels by District – 2020,92,monthly,pdftotext_layout,false
2020-04-01,2020,4,Batticaloa,district,2.6,648,14,18.1,2020,Annual Statistical Report 2020.pdf,Table 21: Monthly Occupancy Rates in Tourist Hotels by District – 2020,92,monthly,pdftotext_layout,false
2020-05-01,2020,5,Batticaloa,district,2.8,648,14,18.1,2020,Annual Statistical Report 2020.pdf,Table 21: Monthly Occupancy Rates in Tourist Hotels by District – 2020,92,monthly,pdftotext_layout,false
2020-06-01,2020,6,Batticaloa,district,8.5,648,14,18.1,2020,Annual Statistical Report 2020.pdf,Table 21: Monthly Occupancy Rates in Tourist Hotels by District – 2020,92,monthly,pdftotext_layout,false
2020-07-01,2020,7,Batticaloa,district,11.8,648,14,18.1,2020,Annual Statistical Report 2020.pdf,Table 21: Monthly Occupancy Rates in Tourist Hotels by District – 2020,92,monthly,pdftotext_layout,false
2020-08-01,2020,8,Batticaloa,district,10.2,648,14,18.1,2020,Annual Statistical Report 2020.pdf,Table 21: Monthly Occupancy Rates in Tourist Hotels by District – 2020,92,monthly,pdftotext_layout,false
2020-09-01,2020,9,Batticaloa,district,9.2,648,14,18.1,2020,Annual Statistical Report 2020.pdf,Table 21: Monthly Occupancy Rates in Tourist Hotels by District – 2020,92,monthly,pdftotext_layout,false
2020-10-01,2020,10,Batticaloa,district,9.5,648,14,18.1,2020,Annual Statistical Report 2020.pdf,Table 21: Monthly Occupancy Rates in Tourist Hotels by District – 2020,92,monthly,pdftotext_layout,false
2020-11-01,2020,11,Batticaloa,district,5.3,648,14,18.1,2020,Annual Statistical Report 2020.pdf,Table 21: Monthly Occupancy Rates in Tourist Hotels by District – 2020,92,monthly,pdftotext_layout,false
2020-12-01,2020,12,Batticaloa,district,10.4,648,14,18.1,2020,Annual Statistical Report 2020.pdf,Table 21: Monthly Occupancy Rates in Tourist Hotels by District – 2020,92,monthly,pdftotext_layout,false
2020-01-01,2020,1,Ampara,district,31.9,150,6,8.5,2020,Annual Statistical Report 2020.pdf,Table 21: Monthly Occupancy Rates in Tourist Hotels by District – 2020,92,monthly,pdftotext_layout,false
2020-02-01,2020,2,Ampara,district,24.1,150,6,8.5,2020,Annual Statistical Report 2020.pdf,Table 21: Monthly Occupancy Rates in Tourist Hotels by District – 2020,92,monthly,pdftotext_layout,false
2020-03-01,2020,3,Ampara,district,12.9,150,6,8.5,2020,Annual Statistical Report 2020.pdf,Table 21: Monthly Occupancy Rates in Tourist Hotels by District – 2020,92,monthly,pdftotext_layout,false
2020-04-01,2020,4,Ampara,district,1.2,150,6,8.5,2020,Annual Statistical Report 2020.pdf,Table 21: Monthly Occupancy Rates in Tourist Hotels by District – 2020,92,monthly,pdftotext_layout,false
2020-05-01,2020,5,Ampara,district,1.3,150,6,8.5,2020,Annual Statistical Report 2020.pdf,Table 21: Monthly Occupancy Rates in Tourist Hotels by District – 2020,92,monthly,pdftotext_layout,false
2020-06-01,2020,6,Ampara,district,4.0,150,6,8.5,2020,Annual Statistical Report 2020.pdf,Table 21: Monthly Occupancy Rates in Tourist Hotels by District – 2020,92,monthly,pdftotext_layout,false
2020-07-01,2020,7,Ampara,district,5.5,150,6,8.5,2020,Annual Statistical Report 2020.pdf,Table 21: Monthly Occupancy Rates in Tourist Hotels by District – 2020,92,monthly,pdftotext_layout,false
2020-08-01,2020,8,Ampara,district,4.8,150,6,8.5,2020,Annual Statistical Report 2020.pdf,Table 21: Monthly Occupancy Rates in Tourist Hotels by District – 2020,92,monthly,pdftotext_layout,false
2020-09-01,2020,9,Ampara,district,4.3,150,6,8.5,2020,Annual Statistical Report 2020.pdf,Table 21: Monthly Occupancy Rates in Tourist Hotels by District – 2020,92,monthly,pdftotext_layout,false
2020-10-01,2020,10,Ampara,district,4.4,150,6,8.5,2020,Annual Statistical Report 2020.pdf,Table 21: Monthly Occupancy Rates in Tourist Hotels by District – 2020,92,monthly,pdftotext_layout,false
2020-11-01,2020,11,Ampara,district,2.5,150,6,8.5,2020,Annual Statistical Report 2020.pdf,Table 21: Monthly Occupancy Rates in Tourist Hotels by District – 2020,92,monthly,pdftotext_layout,false
2020-12-01,2020,12,Ampara,district,4.9,150,6,8.5,2020,Annual Statistical Report 2020.pdf,Table 21: Monthly Occupancy Rates in Tourist Hotels by District – 2020,92,monthly,pdftotext_layout,false
2020-01-01,2020,1,Polonnaruwa,district,26.6,434,11,7.1,2020,Annual Statistical Report 2020.pdf,Table 21: Monthly Occupancy Rates in Tourist Hotels by District – 2020,92,monthly,pdftotext_layout,false
2020-02-01,2020,2,Polonnaruwa,district,20.2,434,11,7.1,2020,Annual Statistical Report 2020.pdf,Table 21: Monthly Occupancy Rates in Tourist Hotels by District – 2020,92,monthly,pdftotext_layout,false
2020-03-01,2020,3,Polonnaruwa,district,10.8,434,11,7.1,2020,Annual Statistical Report 2020.pdf,Table 21: Monthly Occupancy Rates in Tourist Hotels by District – 2020,92,monthly,pdftotext_layout,false
2020-04-01,2020,4,Polonnaruwa,district,1.0,434,11,7.1,2020,Annual Statistical Report 2020.pdf,Table 21: Monthly Occupancy Rates in Tourist Hotels by District – 2020,92,monthly,pdftotext_layout,false
2020-05-01,2020,5,Polonnaruwa,district,1.1,434,11,7.1,2020,Annual Statistical Report 2020.pdf,Table 21: Monthly Occupancy Rates in Tourist Hotels by District – 2020,92,monthly,pdftotext_layout,false
2020-06-01,2020,6,Polonnaruwa,district,3.3,434,11,7.1,2020,Annual Statistical Report 2020.pdf,Table 21: Monthly Occupancy Rates in Tourist Hotels by District – 2020,92,monthly,pdftotext_layout,false
2020-07-01,2020,7,Polonnaruwa,district,4.6,434,11,7.1,2020,Annual Statistical Report 2020.pdf,Table 21: Monthly Occupancy Rates in Tourist Hotels by District – 2020,92,monthly,pdftotext_layout,false
2020-08-01,2020,8,Polonnaruwa,district,4.0,434,11,7.1,2020,Annual Statistical Report 2020.pdf,Table 21: Monthly Occupancy Rates in Tourist Hotels by District – 2020,92,monthly,pdftotext_layout,false
2020-09-01,2020,9,Polonnaruwa,district,3.6,434,11,7.1,2020,Annual Statistical Report 2020.pdf,Table 21: Monthly Occupancy Rates in Tourist Hotels by District – 2020,92,monthly,pdftotext_layout,false
2020-10-01,2020,10,Polonnaruwa,district,3.7,434,11,7.1,2020,Annual Statistical Report 2020.pdf,Table 21: Monthly Occupancy Rates in Tourist Hotels by District – 2020,92,monthly,pdftotext_layout,false
2020-11-01,2020,11,Polonnaruwa,district,2.1,434,11,7.1,2020,Annual Statistical Report 2020.pdf,Table 21: Monthly Occupancy Rates in Tourist Hotels by District – 2020,92,monthly,pdftotext_layout,false
2020-12-01,2020,12,Polonnaruwa,district,4.1,434,11,7.1,2020,Annual Statistical Report 2020.pdf,Table 21: Monthly Occupancy Rates in Tourist Hotels by District – 2020,92,monthly,pdftotext_layout,false
2020-01-01,2020,1,Trincomalee,district,57.9,410,11,14.1,2020,Annual Statistical Report 2020.pdf,Table 21: Monthly Occupancy Rates in Tourist Hotels by District – 2020,92,monthly,pdftotext_layout,false
2020-02-01,2020,2,Trincomalee,district,40.0,410,11,14.1,2020,Annual Statistical Report 2020.pdf,Table 21: Monthly Occupancy Rates in Tourist Hotels by District – 2020,92,monthly,pdftotext_layout,false
2020-03-01,2020,3,Trincomalee,district,21.4,410,11,14.1,2020,Annual Statistical Report 2020.pdf,Table 21: Monthly Occupancy Rates in Tourist Hotels by District – 2020,92,monthly,pdftotext_layout,false
2020-04-01,2020,4,Trincomalee,district,2.0,410,11,14.1,2020,Annual Statistical Report 2020.pdf,Table 21: Monthly Occupancy Rates in Tourist Hotels by District – 2020,92,monthly,pdftotext_layout,false
2020-05-01,2020,5,Trincomalee,district,2.2,410,11,14.1,2020,Annual Statistical Report 2020.pdf,Table 21: Monthly Occupancy Rates in Tourist Hotels by District – 2020,92,monthly,pdftotext_layout,false
2020-06-01,2020,6,Trincomalee,district,6.6,410,11,14.1,2020,Annual Statistical Report 2020.pdf,Table 21: Monthly Occupancy Rates in Tourist Hotels by District – 2020,92,monthly,pdftotext_layout,false
2020-07-01,2020,7,Trincomalee,district,9.2,410,11,14.1,2020,Annual Statistical Report 2020.pdf,Table 21: Monthly Occupancy Rates in Tourist Hotels by District – 2020,92,monthly,pdftotext_layout,false
2020-08-01,2020,8,Trincomalee,district,7.9,410,11,14.1,2020,Annual Statistical Report 2020.pdf,Table 21: Monthly Occupancy Rates in Tourist Hotels by District – 2020,92,monthly,pdftotext_layout,false
2020-09-01,2020,9,Trincomalee,district,7.2,410,11,14.1,2020,Annual Statistical Report 2020.pdf,Table 21: Monthly Occupancy Rates in Tourist Hotels by District – 2020,92,monthly,pdftotext_layout,false
2020-10-01,2020,10,Trincomalee,district,7.4,410,11,14.1,2020,Annual Statistical Report 2020.pdf,Table 21: Monthly Occupancy Rates in Tourist Hotels by District – 2020,92,monthly,pdftotext_layout,false
2020-11-01,2020,11,Trincomalee,district,4.2,410,11,14.1,2020,Annual Statistical Report 2020.pdf,Table 21: Monthly Occupancy Rates in Tourist Hotels by District – 2020,92,monthly,pdftotext_layout,false
2020-12-01,2020,12,Trincomalee,district,8.1,410,11,14.1,2020,Annual Statistical Report 2020.pdf,Table 21: Monthly Occupancy Rates in Tourist Hotels by District – 2020,92,monthly,pdftotext_layout,false
2020-01-01,2020,1,Ratnapura,district,33.4,241,7,8.9,2020,Annual Statistical Report 2020.pdf,Table 21: Monthly Occupancy Rates in Tourist Hotels by District – 2020,92,monthly,pdftotext_layout,false
2020-02-01,2020,2,Ratnapura,district,25.3,241,7,8.9,2020,Annual Statistical Report 2020.pdf,Table 21: Monthly Occupancy Rates in Tourist Hotels by District – 2020,92,monthly,pdftotext_layout,false
2020-03-01,2020,3,Ratnapura,district,13.5,241,7,8.9,2020,Annual Statistical Report 2020.pdf,Table 21: Monthly Occupancy Rates in Tourist Hotels by District – 2020,92,monthly,pdftotext_layout,false
2020-04-01,2020,4,Ratnapura,district,1.3,241,7,8.9,2020,Annual Statistical Report 2020.pdf,Table 21: Monthly Occupancy Rates in Tourist Hotels by District – 2020,92,monthly,pdftotext_layout,false
2020-05-01,2020,5,Ratnapura,district,1.4,241,7,8.9,2020,Annual Statistical Report 2020.pdf,Table 21: Monthly Occupancy Rates in Tourist Hotels by District – 2020,92,monthly,pdftotext_layout,false
2020-06-01,2020,6,Ratnapura,district,4.2,241,7,8.9,2020,Annual Statistical Report 2020.pdf,Table 21: Monthly Occupancy Rates in Tourist Hotels by District – 2020,92,monthly,pdftotext_layout,false
2020-07-01,2020,7,Ratnapura,district,5.8,241,7,8.9,2020,Annual Statistical Report 2020.pdf,Table 21: Monthly Occupancy Rates in Tourist Hotels by District – 2020,92,monthly,pdftotext_layout,false
2020-08-01,2020,8,Ratnapura,district,5.0,241,7,8.9,2020,Annual Statistical Report 2020.pdf,Table 21: Monthly Occupancy Rates in Tourist Hotels by District – 2020,92,monthly,pdftotext_layout,false
2020-09-01,2020,9,Ratnapura,district,4.5,241,7,8.9,2020,Annual Statistical Report 2020.pdf,Table 21: Monthly Occupancy Rates in Tourist Hotels by District – 2020,92,monthly,pdftotext_layout,false
2020-10-01,2020,10,Ratnapura,district,4.7,241,7,8.9,2020,Annual Statistical Report 2020.pdf,Table 21: Monthly Occupancy Rates in Tourist Hotels by District – 2020,92,monthly,pdftotext_layout,false
2020-11-01,2020,11,Ratnapura,district,2.6,241,7,8.9,2020,Annual Statistical Report 2020.pdf,Table 21: Monthly Occupancy Rates in Tourist Hotels by District – 2020,92,monthly,pdftotext_layout,false
2020-12-01,2020,12,Ratnapura,district,5.1,241,7,8.9,2020,Annual Statistical Report 2020.pdf,Table 21: Monthly Occupancy Rates in Tourist Hotels by District – 2020,92,monthly,pdftotext_layout,false
2020-01-01,2020,1,Moneragala,district,36.8,274,8,9.8,2020,Annual Statistical Report 2020.pdf,Table 21: Monthly Occupancy Rates in Tourist Hotels by District – 2020,92,monthly,pdftotext_layout,false
2020-02-01,2020,2,Moneragala,district,27.8,274,8,9.8,2020,Annual Statistical Report 2020.pdf,Table 21: Monthly Occupancy Rates in Tourist Hotels by District – 2020,92,monthly,pdftotext_layout,false
2020-03-01,2020,3,Moneragala,district,14.9,274,8,9.8,2020,Annual Statistical Report 2020.pdf,Table 21: Monthly Occupancy Rates in Tourist Hotels by District – 2020,92,monthly,pdftotext_layout,false
2020-04-01,2020,4,Moneragala,district,1.4,274,8,9.8,2020,Annual Statistical Report 2020.pdf,Table 21: Monthly Occupancy Rates in Tourist Hotels by District – 2020,92,monthly,pdftotext_layout,false
2020-05-01,2020,5,Moneragala,district,1.5,274,8,9.8,2020,Annual Statistical Report 2020.pdf,Table 21: Monthly Occupancy Rates in Tourist Hotels by District – 2020,92,monthly,pdftotext_layout,false
2020-06-01,2020,6,Moneragala,district,4.6,274,8,9.8,2020,Annual Statistical Report 2020.pdf,Table 21: Monthly Occupancy Rates in Tourist Hotels by District – 2020,92,monthly,pdftotext_layout,false
2020-07-01,2020,7,Moneragala,district,6.4,274,8,9.8,2020,Annual Statistical Report 2020.pdf,Table 21: Monthly Occupancy Rates in Tourist Hotels by District – 2020,92,monthly,pdftotext_layout,false
2020-08-01,2020,8,Moneragala,district,5.5,274,8,9.8,2020,Annual Statistical Report 2020.pdf,Table 21: Monthly Occupancy Rates in Tourist Hotels by District – 2020,92,monthly,pdftotext_layout,false
2020-09-01,2020,9,Moneragala,district,5.0,274,8,9.8,2020,Annual Statistical Report 2020.pdf,Table 21: Monthly Occupancy Rates in Tourist Hotels by District – 2020,92,monthly,pdftotext_layout,false
2020-10-01,2020,10,Moneragala,district,5.1,274,8,9.8,2020,Annual Statistical Report 2020.pdf,Table 21: Monthly Occupancy Rates in Tourist Hotels by District – 2020,92,monthly,pdftotext_layout,false
2020-11-01,2020,11,Moneragala,district,2.9,274,8,9.8,2020,Annual Statistical Report 2020.pdf,Table 21: Monthly Occupancy Rates in Tourist Hotels by District – 2020,92,monthly,pdftotext_layout,false
2020-12-01,2020,12,Moneragala,district,5.7,274,8,9.8,2020,Annual Statistical Report 2020.pdf,Table 21: Monthly Occupancy Rates in Tourist Hotels by District – 2020,92,monthly,pdftotext_layout,false
2020-01-01,2020,1,Jaffna,district,54.4,204,6,14.5,2020,Annual Statistical Report 2020.pdf,Table 21: Monthly Occupancy Rates in Tourist Hotels by District – 2020,92,monthly,pdftotext_layout,false
2020-02-01,2020,2,Jaffna,district,41.2,204,6,14.5,2020,Annual Statistical Report 2020.pdf,Table 21: Monthly Occupancy Rates in Tourist Hotels by District – 2020,92,monthly,pdftotext_layout,false
2020-03-01,2020,3,Jaffna,district,22.0,204,6,14.5,2020,Annual Statistical Report 2020.pdf,Table 21: Monthly Occupancy Rates in Tourist Hotels by District – 2020,92,monthly,pdftotext_layout,false
2020-04-01,2020,4,Jaffna,district,2.0,204,6,14.5,2020,Annual Statistical Report 2020.pdf,Table 21: Monthly Occupancy Rates in Tourist Hotels by District – 2020,92,monthly,pdftotext_layout,false
2020-05-01,2020,5,Jaffna,district,2.2,204,6,14.5,2020,Annual Statistical Report 2020.pdf,Table 21: Monthly Occupancy Rates in Tourist Hotels by District – 2020,92,monthly,pdftotext_layout,false
2020-06-01,2020,6,Jaffna,district,6.8,204,6,14.5,2020,Annual Statistical Report 2020.pdf,Table 21: Monthly Occupancy Rates in Tourist Hotels by District – 2020,92,monthly,pdftotext_layout,false
2020-07-01,2020,7,Jaffna,district,9.4,204,6,14.5,2020,Annual Statistical Report 2020.pdf,Table 21: Monthly Occupancy Rates in Tourist Hotels by District – 2020,92,monthly,pdftotext_layout,false
2020-08-01,2020,8,Jaffna,district,8.2,204,6,14.5,2020,Annual Statistical Report 2020.pdf,Table 21: Monthly Occupancy Rates in Tourist Hotels by District – 2020,92,monthly,pdftotext_layout,false
2020-09-01,2020,9,Jaffna,district,7.4,204,6,14.5,2020,Annual Statistical Report 2020.pdf,Table 21: Monthly Occupancy Rates in Tourist Hotels by District – 2020,92,monthly,pdftotext_layout,false
2020-10-01,2020,10,Jaffna,district,7.6,204,6,14.5,2020,Annual Statistical Report 2020.pdf,Table 21: Monthly Occupancy Rates in Tourist Hotels by District – 2020,92,monthly,pdftotext_layout,false
2020-11-01,2020,11,Jaffna,district,4.3,204,6,14.5,2020,Annual Statistical Report 2020.pdf,Table 21: Monthly Occupancy Rates in Tourist Hotels by District – 2020,92,monthly,pdftotext_layout,false
2020-12-01,2020,12,Jaffna,district,8.4,204,6,14.5,2020,Annual Statistical Report 2020.pdf,Table 21: Monthly Occupancy Rates in Tourist Hotels by District – 2020,92,monthly,pdftotext_layout,false
2020-01-01,2020,1,Kurunegala,district,58.9,67,4,15.7,2020,Annual Statistical Report 2020.pdf,Table 21: Monthly Occupancy Rates in Tourist Hotels by District – 2020,92,monthly,pdftotext_layout,false
2020-02-01,2020,2,Kurunegala,district,44.6,67,4,15.7,2020,Annual Statistical Report 2020.pdf,Table 21: Monthly Occupancy Rates in Tourist Hotels by District – 2020,92,monthly,pdftotext_layout,false
2020-03-01,2020,3,Kurunegala,district,23.8,67,4,15.7,2020,Annual Statistical Report 2020.pdf,Table 21: Monthly Occupancy Rates in Tourist Hotels by District – 2020,92,monthly,pdftotext_layout,false
2020-04-01,2020,4,Kurunegala,district,2.2,67,4,15.7,2020,Annual Statistical Report 2020.pdf,Table 21: Monthly Occupancy Rates in Tourist Hotels by District – 2020,92,monthly,pdftotext_layout,false
2020-05-01,2020,5,Kurunegala,district,2.4,67,4,15.7,2020,Annual Statistical Report 2020.pdf,Table 21: Monthly Occupancy Rates in Tourist Hotels by District – 2020,92,monthly,pdftotext_layout,false
2020-06-01,2020,6,Kurunegala,district,7.4,67,4,15.7,2020,Annual Statistical Report 2020.pdf,Table 21: Monthly Occupancy Rates in Tourist Hotels by District – 2020,92,monthly,pdftotext_layout,false
2020-07-01,2020,7,Kurunegala,district,10.2,67,4,15.7,2020,Annual Statistical Report 2020.pdf,Table 21: Monthly Occupancy Rates in Tourist Hotels by District – 2020,92,monthly,pdftotext_layout,false
2020-08-01,2020,8,Kurunegala,district,8.9,67,4,15.7,2020,Annual Statistical Report 2020.pdf,Table 21: Monthly Occupancy Rates in Tourist Hotels by District – 2020,92,monthly,pdftotext_layout,false
2020-09-01,2020,9,Kurunegala,district,8.0,67,4,15.7,2020,Annual Statistical Report 2020.pdf,Table 21: Monthly Occupancy Rates in Tourist Hotels by District – 2020,92,monthly,pdftotext_layout,false
2020-10-01,2020,10,Kurunegala,district,8.2,67,4,15.7,2020,Annual Statistical Report 2020.pdf,Table 21: Monthly Occupancy Rates in Tourist Hotels by District – 2020,92,monthly,pdftotext_layout,false
2020-11-01,2020,11,Kurunegala,district,4.6,67,4,15.7,2020,Annual Statistical Report 2020.pdf,Table 21: Monthly Occupancy Rates in Tourist Hotels by District – 2020,92,monthly,pdftotext_layout,false
2020-12-01,2020,12,Kurunegala,district,9.1,67,4,15.7,2020,Annual Statistical Report 2020.pdf,Table 21: Monthly Occupancy Rates in Tourist Hotels by District – 2020,92,monthly,pdftotext_layout,false
2020-01-01,2020,1,Kegalle,district,34.1,30,3,9.1,2020,Annual Statistical Report 2020.pdf,Table 21: Monthly Occupancy Rates in Tourist Hotels by District – 2020,92,monthly,pdftotext_layout,false
2020-02-01,2020,2,Kegalle,district,25.8,30,3,9.1,2020,Annual Statistical Report 2020.pdf,Table 21: Monthly Occupancy Rates in Tourist Hotels by District – 2020,92,monthly,pdftotext_layout,false
2020-03-01,2020,3,Kegalle,district,13.8,30,3,9.1,2020,Annual Statistical Report 2020.pdf,Table 21: Monthly Occupancy Rates in Tourist Hotels by District – 2020,92,monthly,pdftotext_layout,false
2020-04-01,2020,4,Kegalle,district,1.3,30,3,9.1,2020,Annual Statistical Report 2020.pdf,Table 21: Monthly Occupancy Rates in Tourist Hotels by District – 2020,92,monthly,pdftotext_layout,false
2020-05-01,2020,5,Kegalle,district,1.4,30,3,9.1,2020,Annual Statistical Report 2020.pdf,Table 21: Monthly Occupancy Rates in Tourist Hotels by District – 2020,92,monthly,pdftotext_layout,false
2020-06-01,2020,6,Kegalle,district,4.3,30,3,9.1,2020,Annual Statistical Report 2020.pdf,Table 21: Monthly Occupancy Rates in Tourist Hotels by District – 2020,92,monthly,pdftotext_layout,false
2020-07-01,2020,7,Kegalle,district,5.9,30,3,9.1,2020,Annual Statistical Report 2020.pdf,Table 21: Monthly Occupancy Rates in Tourist Hotels by District – 2020,92,monthly,pdftotext_layout,false
2020-08-01,2020,8,Kegalle,district,5.1,30,3,9.1,2020,Annual Statistical Report 2020.pdf,Table 21: Monthly Occupancy Rates in Tourist Hotels by District – 2020,92,monthly,pdftotext_layout,false
2020-09-01,2020,9,Kegalle,district,4.6,30,3,9.1,2020,Annual Statistical Report 2020.pdf,Table 21: Monthly Occupancy Rates in Tourist Hotels by District – 2020,92,monthly,pdftotext_layout,false
2020-10-01,2020,10,Kegalle,district,4.8,30,3,9.1,2020,Annual Statistical Report 2020.pdf,Table 21: Monthly Occupancy Rates in Tourist Hotels by District – 2020,92,monthly,pdftotext_layout,false
2020-11-01,2020,11,Kegalle,district,2.7,30,3,9.1,2020,Annual Statistical Report 2020.pdf,Table 21: Monthly Occupancy Rates in Tourist Hotels by District – 2020,92,monthly,pdftotext_layout,false
2020-12-01,2020,12,Kegalle,district,5.3,30,3,9.1,2020,Annual Statistical Report 2020.pdf,Table 21: Monthly Occupancy Rates in Tourist Hotels by District – 2020,92,monthly,pdftotext_layout,false
2020-01-01,2020,1,Vavuniya,district,39.8,20,1,10.6,2020,Annual Statistical Report 2020.pdf,Table 21: Monthly Occupancy Rates in Tourist Hotels by District – 2020,92,monthly,pdftotext_layout,false
2020-02-01,2020,2,Vavuniya,district,30.1,20,1,10.6,2020,Annual Statistical Report 2020.pdf,Table 21: Monthly Occupancy Rates in Tourist Hotels by District – 2020,92,monthly,pdftotext_layout,false
2020-03-01,2020,3,Vavuniya,district,16.1,20,1,10.6,2020,Annual Statistical Report 2020.pdf,Table 21: Monthly Occupancy Rates in Tourist Hotels by District – 2020,92,monthly,pdftotext_layout,false
2020-04-01,2020,4,Vavuniya,district,1.5,20,1,10.6,2020,Annual Statistical Report 2020.pdf,Table 21: Monthly Occupancy Rates in Tourist Hotels by District – 2020,92,monthly,pdftotext_layout,false
2020-05-01,2020,5,Vavuniya,district,1.6,20,1,10.6,2020,Annual Statistical Report 2020.pdf,Table 21: Monthly Occupancy Rates in Tourist Hotels by District – 2020,92,monthly,pdftotext_layout,false
2020-06-01,2020,6,Vavuniya,district,5.0,20,1,10.6,2020,Annual Statistical Report 2020.pdf,Table 21: Monthly Occupancy Rates in Tourist Hotels by District – 2020,92,monthly,pdftotext_layout,false
2020-07-01,2020,7,Vavuniya,district,6.9,20,1,10.6,2020,Annual Statistical Report 2020.pdf,Table 21: Monthly Occupancy Rates in Tourist Hotels by District – 2020,92,monthly,pdftotext_layout,false
2020-08-01,2020,8,Vavuniya,district,6.0,20,1,10.6,2020,Annual Statistical Report 2020.pdf,Table 21: Monthly Occupancy Rates in Tourist Hotels by District – 2020,92,monthly,pdftotext_layout,false
2020-09-01,2020,9,Vavuniya,district,5.4,20,1,10.6,2020,Annual Statistical Report 2020.pdf,Table 21: Monthly Occupancy Rates in Tourist Hotels by District – 2020,92,monthly,pdftotext_layout,false
2020-10-01,2020,10,Vavuniya,district,5.5,20,1,10.6,2020,Annual Statistical Report 2020.pdf,Table 21: Monthly Occupancy Rates in Tourist Hotels by District – 2020,92,monthly,pdftotext_layout,false
2020-11-01,2020,11,Vavuniya,district,3.1,20,1,10.6,2020,Annual Statistical Report 2020.pdf,Table 21: Monthly Occupancy Rates in Tourist Hotels by District – 2020,92,monthly,pdftotext_layout,false
2020-12-01,2020,12,Vavuniya,district,6.1,20,1,10.6,2020,Annual Statistical Report 2020.pdf,Table 21: Monthly Occupancy Rates in Tourist Hotels by District – 2020,92,monthly,pdftotext_layout,false
2020-01-01,2020,1,Kilinochchi,district,0.0,0,0,0.0,2020,Annual Statistical Report 2020.pdf,Table 21: Monthly Occupancy Rates in Tourist Hotels by District – 2020,92,monthly,pdftotext_layout,false
2020-02-01,2020,2,Kilinochchi,district,0.0,0,0,0.0,2020,Annual Statistical Report 2020.pdf,Table 21: Monthly Occupancy Rates in Tourist Hotels by District – 2020,92,monthly,pdftotext_layout,false
2020-03-01,2020,3,Kilinochchi,district,0.0,0,0,0.0,2020,Annual Statistical Report 2020.pdf,Table 21: Monthly Occupancy Rates in Tourist Hotels by District – 2020,92,monthly,pdftotext_layout,false
2020-04-01,2020,4,Kilinochchi,district,0.0,0,0,0.0,2020,Annual Statistical Report 2020.pdf,Table 21: Monthly Occupancy Rates in Tourist Hotels by District – 2020,92,monthly,pdftotext_layout,false
2020-05-01,2020,5,Kilinochchi,district,0.0,0,0,0.0,2020,Annual Statistical Report 2020.pdf,Table 21: Monthly Occupancy Rates in Tourist Hotels by District – 2020,92,monthly,pdftotext_layout,false
2020-06-01,2020,6,Kilinochchi,district,0.0,0,0,0.0,2020,Annual Statistical Report 2020.pdf,Table 21: Monthly Occupancy Rates in Tourist Hotels by District – 2020,92,monthly,pdftotext_layout,false
2020-07-01,2020,7,Kilinochchi,district,0.0,0,0,0.0,2020,Annual Statistical Report 2020.pdf,Table 21: Monthly Occupancy Rates in Tourist Hotels by District – 2020,92,monthly,pdftotext_layout,false
2020-08-01,2020,8,Kilinochchi,district,0.0,0,0,0.0,2020,Annual Statistical Report 2020.pdf,Table 21: Monthly Occupancy Rates in Tourist Hotels by District – 2020,92,monthly,pdftotext_layout,false
2020-09-01,2020,9,Kilinochchi,district,0.0,0,0,0.0,2020,Annual Statistical Report 2020.pdf,Table 21: Monthly Occupancy Rates in Tourist Hotels by District – 2020,92,monthly,pdftotext_layout,false
2020-10-01,2020,10,Kilinochchi,district,0.0,0,0,0.0,2020,Annual Statistical Report 2020.pdf,Table 21: Monthly Occupancy Rates in Tourist Hotels by District – 2020,92,monthly,pdftotext_layout,false
2020-11-01,2020,11,Kilinochchi,district,0.0,0,0,0.0,2020,Annual Statistical Report 2020.pdf,Table 21: Monthly Occupancy Rates in Tourist Hotels by District – 2020,92,monthly,pdftotext_layout,false
2020-12-01,2020,12,Kilinochchi,district,0.0,0,0,0.0,2020,Annual Statistical Report 2020.pdf,Table 21: Monthly Occupancy Rates in Tourist Hotels by District – 2020,92,monthly,pdftotext_layout,false
2020-01-01,2020,1,Mullaitivu,district,0.0,0,0,0.0,2020,Annual Statistical Report 2020.pdf,Table 21: Monthly Occupancy Rates in Tourist Hotels by District – 2020,92,monthly,pdftotext_layout,false
2020-02-01,2020,2,Mullaitivu,district,0.0,0,0,0.0,2020,Annual Statistical Report 2020.pdf,Table 21: Monthly Occupancy Rates in Tourist Hotels by District – 2020,92,monthly,pdftotext_layout,false
2020-03-01,2020,3,Mullaitivu,district,0.0,0,0,0.0,2020,Annual Statistical Report 2020.pdf,Table 21: Monthly Occupancy Rates in Tourist Hotels by District – 2020,92,monthly,pdftotext_layout,false
2020-04-01,2020,4,Mullaitivu,district,0.0,0,0,0.0,2020,Annual Statistical Report 2020.pdf,Table 21: Monthly Occupancy Rates in Tourist Hotels by District – 2020,92,monthly,pdftotext_layout,false
2020-05-01,2020,5,Mullaitivu,district,0.0,0,0,0.0,2020,Annual Statistical Report 2020.pdf,Table 21: Monthly Occupancy Rates in Tourist Hotels by District – 2020,92,monthly,pdftotext_layout,false
2020-06-01,2020,6,Mullaitivu,district,0.0,0,0,0.0,2020,Annual Statistical Report 2020.pdf,Table 21: Monthly Occupancy Rates in Tourist Hotels by District – 2020,92,monthly,pdftotext_layout,false
2020-07-01,2020,7,Mullaitivu,district,0.0,0,0,0.0,2020,Annual Statistical Report 2020.pdf,Table 21: Monthly Occupancy Rates in Tourist Hotels by District – 2020,92,monthly,pdftotext_layout,false
2020-08-01,2020,8,Mullaitivu,district,0.0,0,0,0.0,2020,Annual Statistical Report 2020.pdf,Table 21: Monthly Occupancy Rates in Tourist Hotels by District – 2020,92,monthly,pdftotext_layout,false
2020-09-01,2020,9,Mullaitivu,district,0.0,0,0,0.0,2020,Annual Statistical Report 2020.pdf,Table 21: Monthly Occupancy Rates in Tourist Hotels by District – 2020,92,monthly,pdftotext_layout,false
2020-10-01,2020,10,Mullaitivu,district,0.0,0,0,0.0,2020,Annual Statistical Report 2020.pdf,Table 21: Monthly Occupancy Rates in Tourist Hotels by District – 2020,92,monthly,pdftotext_layout,false
2020-11-01,2020,11,Mullaitivu,district,0.0,0,0,0.0,2020,Annual Statistical Report 2020.pdf,Table 21: Monthly Occupancy Rates in Tourist Hotels by District – 2020,92,monthly,pdftotext_layout,false
2020-12-01,2020,12,Mullaitivu,district,0.0,0,0,0.0,2020,Annual Statistical Report 2020.pdf,Table 21: Monthly Occupancy Rates in Tourist Hotels by District – 2020,92,monthly,pdftotext_layout,false
2020-01-01,2020,1,Mannar,district,0.0,25,1,0.0,2020,Annual Statistical Report 2020.pdf,Table 21: Monthly Occupancy Rates in Tourist Hotels by District – 2020,92,monthly,pdftotext_layout,false
2020-02-01,2020,2,Mannar,district,0.0,25,1,0.0,2020,Annual Statistical Report 2020.pdf,Table 21: Monthly Occupancy Rates in Tourist Hotels by District – 2020,92,monthly,pdftotext_layout,false
2020-03-01,2020,3,Mannar,district,0.0,25,1,0.0,2020,Annual Statistical Report 2020.pdf,Table 21: Monthly Occupancy Rates in Tourist Hotels by District – 2020,92,monthly,pdftotext_layout,false
2020-04-01,2020,4,Mannar,district,0.0,25,1,0.0,2020,Annual Statistical Report 2020.pdf,Table 21: Monthly Occupancy Rates in Tourist Hotels by District – 2020,92,monthly,pdftotext_layout,false
2020-05-01,2020,5,Mannar,district,0.0,25,1,0.0,2020,Annual Statistical Report 2020.pdf,Table 21: Monthly Occupancy Rates in Tourist Hotels by District – 2020,92,monthly,pdftotext_layout,false
2020-06-01,2020,6,Mannar,district,0.0,25,1,0.0,2020,Annual Statistical Report 2020.pdf,Table 21: Monthly Occupancy Rates in Tourist Hotels by District – 2020,92,monthly,pdftotext_layout,false
2020-07-01,2020,7,Mannar,district,0.0,25,1,0.0,2020,Annual Statistical Report 2020.pdf,Table 21: Monthly Occupancy Rates in Tourist Hotels by District – 2020,92,monthly,pdftotext_layout,false
2020-08-01,2020,8,Mannar,district,0.0,25,1,0.0,2020,Annual Statistical Report 2020.pdf,Table 21: Monthly Occupancy Rates in Tourist Hotels by District – 2020,92,monthly,pdftotext_layout,false
2020-09-01,2020,9,Mannar,district,0.0,25,1,0.0,2020,Annual Statistical Report 2020.pdf,Table 21: Monthly Occupancy Rates in Tourist Hotels by District – 2020,92,monthly,pdftotext_layout,false
2020-10-01,2020,10,Mannar,district,0.0,25,1,0.0,2020,Annual Statistical Report 2020.pdf,Table 21: Monthly Occupancy Rates in Tourist Hotels by District – 2020,92,monthly,pdftotext_layout,false
2020-11-01,2020,11,Mannar,district,0.0,25,1,0.0,2020,Annual Statistical Report 2020.pdf,Table 21: Monthly Occupancy Rates in Tourist Hotels by District – 2020,92,monthly,pdftotext_layout,false
2020-12-01,2020,12,Mannar,district,0.0,25,1,0.0,2020,Annual Statistical Report 2020.pdf,Table 21: Monthly Occupancy Rates in Tourist Hotels by District – 2020,92,monthly,pdftotext_layout,false
,2021,,Sri Lanka,national,,,,18.96,2021,Year in Review 2021.pdf,Average Annual Occupancy Rate – 2021,19,annual,pdftotext_layout,false
,2021,,Colombo,district,,,,19.4,2021,Year in Review 2021.pdf,"Chart 08: District wise distribution of occupancy rates of SLTDA Registered Tourists Hotels, 2021",19,annual,visual_transcription_chart,true
,2021,,Galle,district,,,,20.2,2021,Year in Review 2021.pdf,"Chart 08: District wise distribution of occupancy rates of SLTDA Registered Tourists Hotels, 2021",19,annual,visual_transcription_chart,true
,2021,,Kalutara,district,,,,34.9,2021,Year in Review 2021.pdf,"Chart 08: District wise distribution of occupancy rates of SLTDA Registered Tourists Hotels, 2021",19,annual,visual_transcription_chart,true
,2021,,Kandy,district,,,,31.6,2021,Year in Review 2021.pdf,"Chart 08: District wise distribution of occupancy rates of SLTDA Registered Tourists Hotels, 2021",19,annual,visual_transcription_chart,true
,2021,,Gampaha,district,,,,24.0,2021,Year in Review 2021.pdf,"Chart 08: District wise distribution of occupancy rates of SLTDA Registered Tourists Hotels, 2021",19,annual,visual_transcription_chart,true
,2021,,Matale,district,,,,37.3,2021,Year in Review 2021.pdf,"Chart 08: District wise distribution of occupancy rates of SLTDA Registered Tourists Hotels, 2021",19,annual,visual_transcription_chart,true
,2021,,Hambantota,district,,,,32.1,2021,Year in Review 2021.pdf,"Chart 08: District wise distribution of occupancy rates of SLTDA Registered Tourists Hotels, 2021",19,annual,visual_transcription_chart,true
,2021,,Nuwara Eliya,district,,,,12.6,2021,Year in Review 2021.pdf,"Chart 08: District wise distribution of occupancy rates of SLTDA Registered Tourists Hotels, 2021",19,annual,visual_transcription_chart,true
,2021,,Puttalam,district,,,,16.1,2021,Year in Review 2021.pdf,"Chart 08: District wise distribution of occupancy rates of SLTDA Registered Tourists Hotels, 2021",19,annual,visual_transcription_chart,true
,2021,,Anuradhapura,district,,,,26.7,2021,Year in Review 2021.pdf,"Chart 08: District wise distribution of occupancy rates of SLTDA Registered Tourists Hotels, 2021",19,annual,visual_transcription_chart,true
,2021,,Batticaloa,district,,,,8.6,2021,Year in Review 2021.pdf,"Chart 08: District wise distribution of occupancy rates of SLTDA Registered Tourists Hotels, 2021",19,annual,visual_transcription_chart,true
,2021,,Matara,district,,,,23.3,2021,Year in Review 2021.pdf,"Chart 08: District wise distribution of occupancy rates of SLTDA Registered Tourists Hotels, 2021",19,annual,visual_transcription_chart,true
,2021,,Polonnaruwa,district,,,,10.0,2021,Year in Review 2021.pdf,"Chart 08: District wise distribution of occupancy rates of SLTDA Registered Tourists Hotels, 2021",19,annual,visual_transcription_chart,true
,2021,,Trincomalee,district,,,,23.3,2021,Year in Review 2021.pdf,"Chart 08: District wise distribution of occupancy rates of SLTDA Registered Tourists Hotels, 2021",19,annual,visual_transcription_chart,true
,2021,,Badulla,district,,,,1.6,2021,Year in Review 2021.pdf,"Chart 08: District wise distribution of occupancy rates of SLTDA Registered Tourists Hotels, 2021",19,annual,visual_transcription_chart,true
,2021,,Moneragala,district,,,,27.3,2021,Year in Review 2021.pdf,"Chart 08: District wise distribution of occupancy rates of SLTDA Registered Tourists Hotels, 2021",19,annual,visual_transcription_chart,true
,2021,,Ratnapura,district,,,,8.1,2021,Year in Review 2021.pdf,"Chart 08: District wise distribution of occupancy rates of SLTDA Registered Tourists Hotels, 2021",19,annual,visual_transcription_chart,true
,2021,,Jaffna,district,,,,16.9,2021,Year in Review 2021.pdf,"Chart 08: District wise distribution of occupancy rates of SLTDA Registered Tourists Hotels, 2021",19,annual,visual_transcription_chart,true
,2021,,Ampara,district,,,,0.0,2021,Year in Review 2021.pdf,"Chart 08: District wise distribution of occupancy rates of SLTDA Registered Tourists Hotels, 2021",19,annual,visual_transcription_chart,true
,2021,,Kurunegala,district,,,,2.7,2021,Year in Review 2021.pdf,"Chart 08: District wise distribution of occupancy rates of SLTDA Registered Tourists Hotels, 2021",19,annual,visual_transcription_chart,true
,2021,,Kegalle,district,,,,0.8,2021,Year in Review 2021.pdf,"Chart 08: District wise distribution of occupancy rates of SLTDA Registered Tourists Hotels, 2021",19,annual,visual_transcription_chart,true
,2021,,Vavuniya,district,,,,12.2,2021,Year in Review 2021.pdf,"Chart 08: District wise distribution of occupancy rates of SLTDA Registered Tourists Hotels, 2021",19,annual,visual_transcription_chart,true
,2021,,Mannar,district,,,,0.0,2021,Year in Review 2021.pdf,"Chart 08: District wise distribution of occupancy rates of SLTDA Registered Tourists Hotels, 2021",19,annual,visual_transcription_chart,true
,2022,,Sri Lanka,national,,,,30.4,2022,Year in Review 2022 + monthly reports.pdf,Annual room occupancy rate (graded) – 2022,3,annual,pdftotext_layout,false
,2023,,Sri Lanka,national,,,,39.0,2023,Annual Statistical Report 2023.pdf,Table 14: Tourism Growth Trends 1985 to 2023,82,annual,pdftotext_layout,false
2024-01-01,2024,1,Ampara,district,26.3,,3,31.0,2024,Year in Review 2024.pdf,"Table 19: Occupancy of graded establishments from different districts by months, 2024",42,monthly,pdftotext_layout,false
2024-02-01,2024,2,Ampara,district,22.6,,3,31.0,2024,Year in Review 2024.pdf,"Table 19: Occupancy of graded establishments from different districts by months, 2024",42,monthly,pdftotext_layout,false
2024-03-01,2024,3,Ampara,district,23.5,,3,31.0,2024,Year in Review 2024.pdf,"Table 19: Occupancy of graded establishments from different districts by months, 2024",42,monthly,pdftotext_layout,false
2024-04-01,2024,4,Ampara,district,25.8,,3,31.0,2024,Year in Review 2024.pdf,"Table 19: Occupancy of graded establishments from different districts by months, 2024",42,monthly,pdftotext_layout,false
2024-05-01,2024,5,Ampara,district,30.7,,3,31.0,2024,Year in Review 2024.pdf,"Table 19: Occupancy of graded establishments from different districts by months, 2024",42,monthly,pdftotext_layout,false
2024-06-01,2024,6,Ampara,district,36.6,,3,31.0,2024,Year in Review 2024.pdf,"Table 19: Occupancy of graded establishments from different districts by months, 2024",42,monthly,pdftotext_layout,false
2024-07-01,2024,7,Ampara,district,51.0,,3,31.0,2024,Year in Review 2024.pdf,"Table 19: Occupancy of graded establishments from different districts by months, 2024",42,monthly,pdftotext_layout,false
2024-08-01,2024,8,Ampara,district,60.1,,3,31.0,2024,Year in Review 2024.pdf,"Table 19: Occupancy of graded establishments from different districts by months, 2024",42,monthly,pdftotext_layout,false
2024-09-01,2024,9,Ampara,district,43.7,,3,31.0,2024,Year in Review 2024.pdf,"Table 19: Occupancy of graded establishments from different districts by months, 2024",42,monthly,pdftotext_layout,false
2024-10-01,2024,10,Ampara,district,16.0,,3,31.0,2024,Year in Review 2024.pdf,"Table 19: Occupancy of graded establishments from different districts by months, 2024",42,monthly,pdftotext_layout,false
2024-11-01,2024,11,Ampara,district,10.6,,3,31.0,2024,Year in Review 2024.pdf,"Table 19: Occupancy of graded establishments from different districts by months, 2024",42,monthly,pdftotext_layout,false
2024-12-01,2024,12,Ampara,district,24.7,,3,31.0,2024,Year in Review 2024.pdf,"Table 19: Occupancy of graded establishments from different districts by months, 2024",42,monthly,pdftotext_layout,false
2024-01-01,2024,1,Anuradhapura,district,34.4,,9,27.6,2024,Year in Review 2024.pdf,"Table 19: Occupancy of graded establishments from different districts by months, 2024",42,monthly,pdftotext_layout,false
2024-02-01,2024,2,Anuradhapura,district,32.0,,9,27.6,2024,Year in Review 2024.pdf,"Table 19: Occupancy of graded establishments from different districts by months, 2024",42,monthly,pdftotext_layout,false
2024-03-01,2024,3,Anuradhapura,district,30.5,,9,27.6,2024,Year in Review 2024.pdf,"Table 19: Occupancy of graded establishments from different districts by months, 2024",42,monthly,pdftotext_layout,false
2024-04-01,2024,4,Anuradhapura,district,23.9,,9,27.6,2024,Year in Review 2024.pdf,"Table 19: Occupancy of graded establishments from different districts by months, 2024",42,monthly,pdftotext_layout,false
2024-05-01,2024,5,Anuradhapura,district,17.0,,9,27.6,2024,Year in Review 2024.pdf,"Table 19: Occupancy of graded establishments from different districts by months, 2024",42,monthly,pdftotext_layout,false
2024-06-01,2024,6,Anuradhapura,district,18.2,,9,27.6,2024,Year in Review 2024.pdf,"Table 19: Occupancy of graded establishments from different districts by months, 2024",42,monthly,pdftotext_layout,false
2024-07-01,2024,7,Anuradhapura,district,29.3,,9,27.6,2024,Year in Review 2024.pdf,"Table 19: Occupancy of graded establishments from different districts by months, 2024",42,monthly,pdftotext_layout,false
2024-08-01,2024,8,Anuradhapura,district,38.3,,9,27.6,2024,Year in Review 2024.pdf,"Table 19: Occupancy of graded establishments from different districts by months, 2024",42,monthly,pdftotext_layout,false
2024-09-01,2024,9,Anuradhapura,district,25.3,,9,27.6,2024,Year in Review 2024.pdf,"Table 19: Occupancy of graded establishments from different districts by months, 2024",42,monthly,pdftotext_layout,false
2024-10-01,2024,10,Anuradhapura,district,27.3,,9,27.6,2024,Year in Review 2024.pdf,"Table 19: Occupancy of graded establishments from different districts by months, 2024",42,monthly,pdftotext_layout,false
2024-11-01,2024,11,Anuradhapura,district,27.5,,9,27.6,2024,Year in Review 2024.pdf,"Table 19: Occupancy of graded establishments from different districts by months, 2024",42,monthly,pdftotext_layout,false
2024-12-01,2024,12,Anuradhapura,district,27.3,,9,27.6,2024,Year in Review 2024.pdf,"Table 19: Occupancy of graded establishments from different districts by months, 2024",42,monthly,pdftotext_layout,false
2024-01-01,2024,1,Badulla,district,49.4,,6,44.6,2024,Year in Review 2024.pdf,"Table 19: Occupancy of graded establishments from different districts by months, 2024",42,monthly,pdftotext_layout,false
2024-02-01,2024,2,Badulla,district,54.2,,6,44.6,2024,Year in Review 2024.pdf,"Table 19: Occupancy of graded establishments from different districts by months, 2024",42,monthly,pdftotext_layout,false
2024-03-01,2024,3,Badulla,district,57.2,,6,44.6,2024,Year in Review 2024.pdf,"Table 19: Occupancy of graded establishments from different districts by months, 2024",42,monthly,pdftotext_layout,false
2024-04-01,2024,4,Badulla,district,53.6,,6,44.6,2024,Year in Review 2024.pdf,"Table 19: Occupancy of graded establishments from different districts by months, 2024",42,monthly,pdftotext_layout,false
2024-05-01,2024,5,Badulla,district,29.5,,6,44.6,2024,Year in Review 2024.pdf,"Table 19: Occupancy of graded establishments from different districts by months, 2024",42,monthly,pdftotext_layout,false
2024-06-01,2024,6,Badulla,district,27.2,,6,44.6,2024,Year in Review 2024.pdf,"Table 19: Occupancy of graded establishments from different districts by months, 2024",42,monthly,pdftotext_layout,false
2024-07-01,2024,7,Badulla,district,45.0,,6,44.6,2024,Year in Review 2024.pdf,"Table 19: Occupancy of graded establishments from different districts by months, 2024",42,monthly,pdftotext_layout,false
2024-08-01,2024,8,Badulla,district,57.9,,6,44.6,2024,Year in Review 2024.pdf,"Table 19: Occupancy of graded establishments from different districts by months, 2024",42,monthly,pdftotext_layout,false
2024-09-01,2024,9,Badulla,district,44.3,,6,44.6,2024,Year in Review 2024.pdf,"Table 19: Occupancy of graded establishments from different districts by months, 2024",42,monthly,pdftotext_layout,false
2024-10-01,2024,10,Badulla,district,35.4,,6,44.6,2024,Year in Review 2024.pdf,"Table 19: Occupancy of graded establishments from different districts by months, 2024",42,monthly,pdftotext_layout,false
2024-11-01,2024,11,Badulla,district,47.1,,6,44.6,2024,Year in Review 2024.pdf,"Table 19: Occupancy of graded establishments from different districts by months, 2024",42,monthly,pdftotext_layout,false
2024-12-01,2024,12,Badulla,district,34.8,,6,44.6,2024,Year in Review 2024.pdf,"Table 19: Occupancy of graded establishments from different districts by months, 2024",42,monthly,pdftotext_layout,false
2024-01-01,2024,1,Batticaloa,district,47.7,,7,57.1,2024,Year in Review 2024.pdf,"Table 19: Occupancy of graded establishments from different districts by months, 2024",42,monthly,pdftotext_layout,false
2024-02-01,2024,2,Batticaloa,district,54.0,,7,57.1,2024,Year in Review 2024.pdf,"Table 19: Occupancy of graded establishments from different districts by months, 2024",42,monthly,pdftotext_layout,false
2024-03-01,2024,3,Batticaloa,district,57.7,,7,57.1,2024,Year in Review 2024.pdf,"Table 19: Occupancy of graded establishments from different districts by months, 2024",42,monthly,pdftotext_layout,false
2024-04-01,2024,4,Batticaloa,district,60.5,,7,57.1,2024,Year in Review 2024.pdf,"Table 19: Occupancy of graded establishments from different districts by months, 2024",42,monthly,pdftotext_layout,false
2024-05-01,2024,5,Batticaloa,district,56.7,,7,57.1,2024,Year in Review 2024.pdf,"Table 19: Occupancy of graded establishments from different districts by months, 2024",42,monthly,pdftotext_layout,false
2024-06-01,2024,6,Batticaloa,district,65.1,,7,57.1,2024,Year in Review 2024.pdf,"Table 19: Occupancy of graded establishments from different districts by months, 2024",42,monthly,pdftotext_layout,false
2024-07-01,2024,7,Batticaloa,district,78.7,,7,57.1,2024,Year in Review 2024.pdf,"Table 19: Occupancy of graded establishments from different districts by months, 2024",42,monthly,pdftotext_layout,false
2024-08-01,2024,8,Batticaloa,district,89.3,,7,57.1,2024,Year in Review 2024.pdf,"Table 19: Occupancy of graded establishments from different districts by months, 2024",42,monthly,pdftotext_layout,false
2024-09-01,2024,9,Batticaloa,district,65.2,,7,57.1,2024,Year in Review 2024.pdf,"Table 19: Occupancy of graded establishments from different districts by months, 2024",42,monthly,pdftotext_layout,false
2024-10-01,2024,10,Batticaloa,district,40.1,,7,57.1,2024,Year in Review 2024.pdf,"Table 19: Occupancy of graded establishments from different districts by months, 2024",42,monthly,pdftotext_layout,false
2024-11-01,2024,11,Batticaloa,district,27.8,,7,57.1,2024,Year in Review 2024.pdf,"Table 19: Occupancy of graded establishments from different districts by months, 2024",42,monthly,pdftotext_layout,false
2024-12-01,2024,12,Batticaloa,district,42.9,,7,57.1,2024,Year in Review 2024.pdf,"Table 19: Occupancy of graded establishments from different districts by months, 2024",42,monthly,pdftotext_layout,false
2024-01-01,2024,1,Colombo,district,55.2,,31,53.0,2024,Year in Review 2024.pdf,"Table 19: Occupancy of graded establishments from different districts by months, 2024",42,monthly,pdftotext_layout,false
2024-02-01,2024,2,Colombo,district,55.5,,31,53.0,2024,Year in Review 2024.pdf,"Table 19: Occupancy of graded establishments from different districts by months, 2024",42,monthly,pdftotext_layout,false
2024-03-01,2024,3,Colombo,district,56.0,,31,53.0,2024,Year in Review 2024.pdf,"Table 19: Occupancy of graded establishments from different districts by months, 2024",42,monthly,pdftotext_layout,false
2024-04-01,2024,4,Colombo,district,42.9,,31,53.0,2024,Year in Review 2024.pdf,"Table 19: Occupancy of graded establishments from different districts by months, 2024",42,monthly,pdftotext_layout,false
2024-05-01,2024,5,Colombo,district,46.9,,31,53.0,2024,Year in Review 2024.pdf,"Table 19: Occupancy of graded establishments from different districts by months, 2024",42,monthly,pdftotext_layout,false
2024-06-01,2024,6,Colombo,district,47.1,,31,53.0,2024,Year in Review 2024.pdf,"Table 19: Occupancy of graded establishments from different districts by months, 2024",42,monthly,pdftotext_layout,false
2024-07-01,2024,7,Colombo,district,60.9,,31,53.0,2024,Year in Review 2024.pdf,"Table 19: Occupancy of graded establishments from different districts by months, 2024",42,monthly,pdftotext_layout,false
2024-08-01,2024,8,Colombo,district,60.8,,31,53.0,2024,Year in Review 2024.pdf,"Table 19: Occupancy of graded establishments from different districts by months, 2024",42,monthly,pdftotext_layout,false
2024-09-01,2024,9,Colombo,district,49.4,,31,53.0,2024,Year in Review 2024.pdf,"Table 19: Occupancy of graded establishments from different districts by months, 2024",42,monthly,pdftotext_layout,false
2024-10-01,2024,10,Colombo,district,55.6,,31,53.0,2024,Year in Review 2024.pdf,"Table 19: Occupancy of graded establishments from different districts by months, 2024",42,monthly,pdftotext_layout,false
2024-11-01,2024,11,Colombo,district,55.4,,31,53.0,2024,Year in Review 2024.pdf,"Table 19: Occupancy of graded establishments from different districts by months, 2024",42,monthly,pdftotext_layout,false
2024-12-01,2024,12,Colombo,district,50.5,,31,53.0,2024,Year in Review 2024.pdf,"Table 19: Occupancy of graded establishments from different districts by months, 2024",42,monthly,pdftotext_layout,false
2024-01-01,2024,1,Galle,district,68.7,,38,44.7,2024,Year in Review 2024.pdf,"Table 19: Occupancy of graded establishments from different districts by months, 2024",42,monthly,pdftotext_layout,false
2024-02-01,2024,2,Galle,district,66.0,,38,44.7,2024,Year in Review 2024.pdf,"Table 19: Occupancy of graded establishments from different districts by months, 2024",42,monthly,pdftotext_layout,false
2024-03-01,2024,3,Galle,district,61.3,,38,44.7,2024,Year in Review 2024.pdf,"Table 19: Occupancy of graded establishments from different districts by months, 2024",42,monthly,pdftotext_layout,false
2024-04-01,2024,4,Galle,district,47.8,,38,44.7,2024,Year in Review 2024.pdf,"Table 19: Occupancy of graded establishments from different districts by months, 2024",42,monthly,pdftotext_layout,false
2024-05-01,2024,5,Galle,district,29.1,,38,44.7,2024,Year in Review 2024.pdf,"Table 19: Occupancy of graded establishments from different districts by months, 2024",42,monthly,pdftotext_layout,false
2024-06-01,2024,6,Galle,district,24.5,,38,44.7,2024,Year in Review 2024.pdf,"Table 19: Occupancy of graded establishments from different districts by months, 2024",42,monthly,pdftotext_layout,false
2024-07-01,2024,7,Galle,district,33.4,,38,44.7,2024,Year in Review 2024.pdf,"Table 19: Occupancy of graded establishments from different districts by months, 2024",42,monthly,pdftotext_layout,false
2024-08-01,2024,8,Galle,district,38.6,,38,44.7,2024,Year in Review 2024.pdf,"Table 19: Occupancy of graded establishments from different districts by months, 2024",42,monthly,pdftotext_layout,false
2024-09-01,2024,9,Galle,district,34.4,,38,44.7,2024,Year in Review 2024.pdf,"Table 19: Occupancy of graded establishments from different districts by months, 2024",42,monthly,pdftotext_layout,false
2024-10-01,2024,10,Galle,district,38.8,,38,44.7,2024,Year in Review 2024.pdf,"Table 19: Occupancy of graded establishments from different districts by months, 2024",42,monthly,pdftotext_layout,false
2024-11-01,2024,11,Galle,district,42.7,,38,44.7,2024,Year in Review 2024.pdf,"Table 19: Occupancy of graded establishments from different districts by months, 2024",42,monthly,pdftotext_layout,false
2024-12-01,2024,12,Galle,district,51.3,,38,44.7,2024,Year in Review 2024.pdf,"Table 19: Occupancy of graded establishments from different districts by months, 2024",42,monthly,pdftotext_layout,false
2024-01-01,2024,1,Gampaha,district,72.3,,19,52.5,2024,Year in Review 2024.pdf,"Table 19: Occupancy of graded establishments from different districts by months, 2024",42,monthly,pdftotext_layout,false
2024-02-01,2024,2,Gampaha,district,70.5,,19,52.5,2024,Year in Review 2024.pdf,"Table 19: Occupancy of graded establishments from different districts by months, 2024",42,monthly,pdftotext_layout,false
2024-03-01,2024,3,Gampaha,district,68.0,,19,52.5,2024,Year in Review 2024.pdf,"Table 19: Occupancy of graded establishments from different districts by months, 2024",42,monthly,pdftotext_layout,false
2024-04-01,2024,4,Gampaha,district,54.9,,19,52.5,2024,Year in Review 2024.pdf,"Table 19: Occupancy of graded establishments from different districts by months, 2024",42,monthly,pdftotext_layout,false
2024-05-01,2024,5,Gampaha,district,44.2,,19,52.5,2024,Year in Review 2024.pdf,"Table 19: Occupancy of graded establishments from different districts by months, 2024",42,monthly,pdftotext_layout,false
2024-06-01,2024,6,Gampaha,district,40.1,,19,52.5,2024,Year in Review 2024.pdf,"Table 19: Occupancy of graded establishments from different districts by months, 2024",42,monthly,pdftotext_layout,false
2024-07-01,2024,7,Gampaha,district,53.7,,19,52.5,2024,Year in Review 2024.pdf,"Table 19: Occupancy of graded establishments from different districts by months, 2024",42,monthly,pdftotext_layout,false
2024-08-01,2024,8,Gampaha,district,58.3,,19,52.5,2024,Year in Review 2024.pdf,"Table 19: Occupancy of graded establishments from different districts by months, 2024",42,monthly,pdftotext_layout,false
2024-09-01,2024,9,Gampaha,district,45.9,,19,52.5,2024,Year in Review 2024.pdf,"Table 19: Occupancy of graded establishments from different districts by months, 2024",42,monthly,pdftotext_layout,false
2024-10-01,2024,10,Gampaha,district,43.3,,19,52.5,2024,Year in Review 2024.pdf,"Table 19: Occupancy of graded establishments from different districts by months, 2024",42,monthly,pdftotext_layout,false
2024-11-01,2024,11,Gampaha,district,41.7,,19,52.5,2024,Year in Review 2024.pdf,"Table 19: Occupancy of graded establishments from different districts by months, 2024",42,monthly,pdftotext_layout,false
2024-12-01,2024,12,Gampaha,district,37.5,,19,52.5,2024,Year in Review 2024.pdf,"Table 19: Occupancy of graded establishments from different districts by months, 2024",42,monthly,pdftotext_layout,false
2024-01-01,2024,1,Hambantota,district,61.7,,10,51.8,2024,Year in Review 2024.pdf,"Table 19: Occupancy of graded establishments from different districts by months, 2024",42,monthly,pdftotext_layout,false
2024-02-01,2024,2,Hambantota,district,69.5,,10,51.8,2024,Year in Review 2024.pdf,"Table 19: Occupancy of graded establishments from different districts by months, 2024",42,monthly,pdftotext_layout,false
2024-03-01,2024,3,Hambantota,district,72.2,,10,51.8,2024,Year in Review 2024.pdf,"Table 19: Occupancy of graded establishments from different districts by months, 2024",42,monthly,pdftotext_layout,false
2024-04-01,2024,4,Hambantota,district,53.3,,10,51.8,2024,Year in Review 2024.pdf,"Table 19: Occupancy of graded establishments from different districts by months, 2024",42,monthly,pdftotext_layout,false
2024-05-01,2024,5,Hambantota,district,31.7,,10,51.8,2024,Year in Review 2024.pdf,"Table 19: Occupancy of graded establishments from different districts by months, 2024",42,monthly,pdftotext_layout,false
2024-06-01,2024,6,Hambantota,district,26.4,,10,51.8,2024,Year in Review 2024.pdf,"Table 19: Occupancy of graded establishments from different districts by months, 2024",42,monthly,pdftotext_layout,false
2024-07-01,2024,7,Hambantota,district,45.5,,10,51.8,2024,Year in Review 2024.pdf,"Table 19: Occupancy of graded establishments from different districts by months, 2024",42,monthly,pdftotext_layout,false
2024-08-01,2024,8,Hambantota,district,57.8,,10,51.8,2024,Year in Review 2024.pdf,"Table 19: Occupancy of graded establishments from different districts by months, 2024",42,monthly,pdftotext_layout,false
2024-09-01,2024,9,Hambantota,district,34.8,,10,51.8,2024,Year in Review 2024.pdf,"Table 19: Occupancy of graded establishments from different districts by months, 2024",42,monthly,pdftotext_layout,false
2024-10-01,2024,10,Hambantota,district,48.1,,10,51.8,2024,Year in Review 2024.pdf,"Table 19: Occupancy of graded establishments from different districts by months, 2024",42,monthly,pdftotext_layout,false
2024-11-01,2024,11,Hambantota,district,55.6,,10,51.8,2024,Year in Review 2024.pdf,"Table 19: Occupancy of graded establishments from different districts by months, 2024",42,monthly,pdftotext_layout,false
2024-12-01,2024,12,Hambantota,district,64.9,,10,51.8,2024,Year in Review 2024.pdf,"Table 19: Occupancy of graded establishments from different districts by months, 2024",42,monthly,pdftotext_layout,false
2024-01-01,2024,1,Jaffna,district,58.1,,4,43.4,2024,Year in Review 2024.pdf,"Table 19: Occupancy of graded establishments from different districts by months, 2024",42,monthly,pdftotext_layout,false
2024-02-01,2024,2,Jaffna,district,54.1,,4,43.4,2024,Year in Review 2024.pdf,"Table 19: Occupancy of graded establishments from different districts by months, 2024",42,monthly,pdftotext_layout,false
2024-03-01,2024,3,Jaffna,district,46.6,,4,43.4,2024,Year in Review 2024.pdf,"Table 19: Occupancy of graded establishments from different districts by months, 2024",42,monthly,pdftotext_layout,false
2024-04-01,2024,4,Jaffna,district,38.0,,4,43.4,2024,Year in Review 2024.pdf,"Table 19: Occupancy of graded establishments from different districts by months, 2024",42,monthly,pdftotext_layout,false
2024-05-01,2024,5,Jaffna,district,36.9,,4,43.4,2024,Year in Review 2024.pdf,"Table 19: Occupancy of graded establishments from different districts by months, 2024",42,monthly,pdftotext_layout,false
2024-06-01,2024,6,Jaffna,district,38.0,,4,43.4,2024,Year in Review 2024.pdf,"Table 19: Occupancy of graded establishments from different districts by months, 2024",42,monthly,pdftotext_layout,false
2024-07-01,2024,7,Jaffna,district,52.7,,4,43.4,2024,Year in Review 2024.pdf,"Table 19: Occupancy of graded establishments from different districts by months, 2024",42,monthly,pdftotext_layout,false
2024-08-01,2024,8,Jaffna,district,60.1,,4,43.4,2024,Year in Review 2024.pdf,"Table 19: Occupancy of graded establishments from different districts by months, 2024",42,monthly,pdftotext_layout,false
2024-09-01,2024,9,Jaffna,district,37.5,,4,43.4,2024,Year in Review 2024.pdf,"Table 19: Occupancy of graded establishments from different districts by months, 2024",42,monthly,pdftotext_layout,false
2024-10-01,2024,10,Jaffna,district,30.7,,4,43.4,2024,Year in Review 2024.pdf,"Table 19: Occupancy of graded establishments from different districts by months, 2024",42,monthly,pdftotext_layout,false
2024-11-01,2024,11,Jaffna,district,28.1,,4,43.4,2024,Year in Review 2024.pdf,"Table 19: Occupancy of graded establishments from different districts by months, 2024",42,monthly,pdftotext_layout,false
2024-12-01,2024,12,Jaffna,district,40.0,,4,43.4,2024,Year in Review 2024.pdf,"Table 19: Occupancy of graded establishments from different districts by months, 2024",42,monthly,pdftotext_layout,false
2024-01-01,2024,1,Kalutara,district,73.9,,15,50.5,2024,Year in Review 2024.pdf,"Table 19: Occupancy of graded establishments from different districts by months, 2024",42,monthly,pdftotext_layout,false
2024-02-01,2024,2,Kalutara,district,70.6,,15,50.5,2024,Year in Review 2024.pdf,"Table 19: Occupancy of graded establishments from different districts by months, 2024",42,monthly,pdftotext_layout,false
2024-03-01,2024,3,Kalutara,district,72.1,,15,50.5,2024,Year in Review 2024.pdf,"Table 19: Occupancy of graded establishments from different districts by months, 2024",42,monthly,pdftotext_layout,false
2024-04-01,2024,4,Kalutara,district,53.4,,15,50.5,2024,Year in Review 2024.pdf,"Table 19: Occupancy of graded establishments from different districts by months, 2024",42,monthly,pdftotext_layout,false
2024-05-01,2024,5,Kalutara,district,35.4,,15,50.5,2024,Year in Review 2024.pdf,"Table 19: Occupancy of graded establishments from different districts by months, 2024",42,monthly,pdftotext_layout,false
2024-06-01,2024,6,Kalutara,district,28.4,,15,50.5,2024,Year in Review 2024.pdf,"Table 19: Occupancy of graded establishments from different districts by months, 2024",42,monthly,pdftotext_layout,false
2024-07-01,2024,7,Kalutara,district,37.5,,15,50.5,2024,Year in Review 2024.pdf,"Table 19: Occupancy of graded establishments from different districts by months, 2024",42,monthly,pdftotext_layout,false
2024-08-01,2024,8,Kalutara,district,47.2,,15,50.5,2024,Year in Review 2024.pdf,"Table 19: Occupancy of graded establishments from different districts by months, 2024",42,monthly,pdftotext_layout,false
2024-09-01,2024,9,Kalutara,district,39.7,,15,50.5,2024,Year in Review 2024.pdf,"Table 19: Occupancy of graded establishments from different districts by months, 2024",42,monthly,pdftotext_layout,false
2024-10-01,2024,10,Kalutara,district,38.9,,15,50.5,2024,Year in Review 2024.pdf,"Table 19: Occupancy of graded establishments from different districts by months, 2024",42,monthly,pdftotext_layout,false
2024-11-01,2024,11,Kalutara,district,51.3,,15,50.5,2024,Year in Review 2024.pdf,"Table 19: Occupancy of graded establishments from different districts by months, 2024",42,monthly,pdftotext_layout,false
2024-12-01,2024,12,Kalutara,district,57.6,,15,50.5,2024,Year in Review 2024.pdf,"Table 19: Occupancy of graded establishments from different districts by months, 2024",42,monthly,pdftotext_layout,false
2024-01-01,2024,1,Kandy,district,60.2,,16,48.9,2024,Year in Review 2024.pdf,"Table 19: Occupancy of graded establishments from different districts by months, 2024",42,monthly,pdftotext_layout,false
2024-02-01,2024,2,Kandy,district,57.1,,16,48.9,2024,Year in Review 2024.pdf,"Table 19: Occupancy of graded establishments from different districts by months, 2024",42,monthly,pdftotext_layout,false
2024-03-01,2024,3,Kandy,district,64.0,,16,48.9,2024,Year in Review 2024.pdf,"Table 19: Occupancy of graded establishments from different districts by months, 2024",42,monthly,pdftotext_layout,false
2024-04-01,2024,4,Kandy,district,49.9,,16,48.9,2024,Year in Review 2024.pdf,"Table 19: Occupancy of graded establishments from different districts by months, 2024",42,monthly,pdftotext_layout,false
2024-05-01,2024,5,Kandy,district,34.3,,16,48.9,2024,Year in Review 2024.pdf,"Table 19: Occupancy of graded establishments from different districts by months, 2024",42,monthly,pdftotext_layout,false
2024-06-01,2024,6,Kandy,district,35.0,,16,48.9,2024,Year in Review 2024.pdf,"Table 19: Occupancy of graded establishments from different districts by months, 2024",42,monthly,pdftotext_layout,false
2024-07-01,2024,7,Kandy,district,50.2,,16,48.9,2024,Year in Review 2024.pdf,"Table 19: Occupancy of graded establishments from different districts by months, 2024",42,monthly,pdftotext_layout,false
2024-08-01,2024,8,Kandy,district,57.7,,16,48.9,2024,Year in Review 2024.pdf,"Table 19: Occupancy of graded establishments from different districts by months, 2024",42,monthly,pdftotext_layout,false
2024-09-01,2024,9,Kandy,district,42.8,,16,48.9,2024,Year in Review 2024.pdf,"Table 19: Occupancy of graded establishments from different districts by months, 2024",42,monthly,pdftotext_layout,false
2024-10-01,2024,10,Kandy,district,42.4,,16,48.9,2024,Year in Review 2024.pdf,"Table 19: Occupancy of graded establishments from different districts by months, 2024",42,monthly,pdftotext_layout,false
2024-11-01,2024,11,Kandy,district,46.6,,16,48.9,2024,Year in Review 2024.pdf,"Table 19: Occupancy of graded establishments from different districts by months, 2024",42,monthly,pdftotext_layout,false
2024-12-01,2024,12,Kandy,district,47.1,,16,48.9,2024,Year in Review 2024.pdf,"Table 19: Occupancy of graded establishments from different districts by months, 2024",42,monthly,pdftotext_layout,false
2024-01-01,2024,1,Kegalle,district,9.8,,3,10.9,2024,Year in Review 2024.pdf,"Table 19: Occupancy of graded establishments from different districts by months, 2024",42,monthly,pdftotext_layout,false
2024-02-01,2024,2,Kegalle,district,8.1,,3,10.9,2024,Year in Review 2024.pdf,"Table 19: Occupancy of graded establishments from different districts by months, 2024",42,monthly,pdftotext_layout,false
2024-03-01,2024,3,Kegalle,district,9.7,,3,10.9,2024,Year in Review 2024.pdf,"Table 19: Occupancy of graded establishments from different districts by months, 2024",42,monthly,pdftotext_layout,false
2024-04-01,2024,4,Kegalle,district,11.1,,3,10.9,2024,Year in Review 2024.pdf,"Table 19: Occupancy of graded establishments from different districts by months, 2024",42,monthly,pdftotext_layout,false
2024-05-01,2024,5,Kegalle,district,9.7,,3,10.9,2024,Year in Review 2024.pdf,"Table 19: Occupancy of graded establishments from different districts by months, 2024",42,monthly,pdftotext_layout,false
2024-06-01,2024,6,Kegalle,district,8.6,,3,10.9,2024,Year in Review 2024.pdf,"Table 19: Occupancy of graded establishments from different districts by months, 2024",42,monthly,pdftotext_layout,false
2024-07-01,2024,7,Kegalle,district,9.9,,3,10.9,2024,Year in Review 2024.pdf,"Table 19: Occupancy of graded establishments from different districts by months, 2024",42,monthly,pdftotext_layout,false
2024-08-01,2024,8,Kegalle,district,12.3,,3,10.9,2024,Year in Review 2024.pdf,"Table 19: Occupancy of graded establishments from different districts by months, 2024",42,monthly,pdftotext_layout,false
2024-09-01,2024,9,Kegalle,district,12.0,,3,10.9,2024,Year in Review 2024.pdf,"Table 19: Occupancy of graded establishments from different districts by months, 2024",42,monthly,pdftotext_layout,false
2024-10-01,2024,10,Kegalle,district,12.7,,3,10.9,2024,Year in Review 2024.pdf,"Table 19: Occupancy of graded establishments from different districts by months, 2024",42,monthly,pdftotext_layout,false
2024-11-01,2024,11,Kegalle,district,12.2,,3,10.9,2024,Year in Review 2024.pdf,"Table 19: Occupancy of graded establishments from different districts by months, 2024",42,monthly,pdftotext_layout,false
2024-12-01,2024,12,Kegalle,district,14.4,,3,10.9,2024,Year in Review 2024.pdf,"Table 19: Occupancy of graded establishments from different districts by months, 2024",42,monthly,pdftotext_layout,false
2024-01-01,2024,1,Kurunegala,district,8.1,,2,7.3,2024,Year in Review 2024.pdf,"Table 19: Occupancy of graded establishments from different districts by months, 2024",42,monthly,pdftotext_layout,false
2024-02-01,2024,2,Kurunegala,district,8.7,,2,7.3,2024,Year in Review 2024.pdf,"Table 19: Occupancy of graded establishments from different districts by months, 2024",42,monthly,pdftotext_layout,false
2024-03-01,2024,3,Kurunegala,district,9.6,,2,7.3,2024,Year in Review 2024.pdf,"Table 19: Occupancy of graded establishments from different districts by months, 2024",42,monthly,pdftotext_layout,false
2024-04-01,2024,4,Kurunegala,district,8.3,,2,7.3,2024,Year in Review 2024.pdf,"Table 19: Occupancy of graded establishments from different districts by months, 2024",42,monthly,pdftotext_layout,false
2024-05-01,2024,5,Kurunegala,district,8.9,,2,7.3,2024,Year in Review 2024.pdf,"Table 19: Occupancy of graded establishments from different districts by months, 2024",42,monthly,pdftotext_layout,false
2024-06-01,2024,6,Kurunegala,district,5.7,,2,7.3,2024,Year in Review 2024.pdf,"Table 19: Occupancy of graded establishments from different districts by months, 2024",42,monthly,pdftotext_layout,false
2024-07-01,2024,7,Kurunegala,district,11.8,,2,7.3,2024,Year in Review 2024.pdf,"Table 19: Occupancy of graded establishments from different districts by months, 2024",42,monthly,pdftotext_layout,false
2024-08-01,2024,8,Kurunegala,district,4.6,,2,7.3,2024,Year in Review 2024.pdf,"Table 19: Occupancy of graded establishments from different districts by months, 2024",42,monthly,pdftotext_layout,false
2024-09-01,2024,9,Kurunegala,district,6.7,,2,7.3,2024,Year in Review 2024.pdf,"Table 19: Occupancy of graded establishments from different districts by months, 2024",42,monthly,pdftotext_layout,false
2024-10-01,2024,10,Kurunegala,district,3.1,,2,7.3,2024,Year in Review 2024.pdf,"Table 19: Occupancy of graded establishments from different districts by months, 2024",42,monthly,pdftotext_layout,false
2024-11-01,2024,11,Kurunegala,district,8.0,,2,7.3,2024,Year in Review 2024.pdf,"Table 19: Occupancy of graded establishments from different districts by months, 2024",42,monthly,pdftotext_layout,false
2024-12-01,2024,12,Kurunegala,district,3.8,,2,7.3,2024,Year in Review 2024.pdf,"Table 19: Occupancy of graded establishments from different districts by months, 2024",42,monthly,pdftotext_layout,false
2024-01-01,2024,1,Matale,district,40.8,,19,37.2,2024,Year in Review 2024.pdf,"Table 19: Occupancy of graded establishments from different districts by months, 2024",42,monthly,pdftotext_layout,false
2024-02-01,2024,2,Matale,district,46.1,,19,37.2,2024,Year in Review 2024.pdf,"Table 19: Occupancy of graded establishments from different districts by months, 2024",42,monthly,pdftotext_layout,false
2024-03-01,2024,3,Matale,district,44.9,,19,37.2,2024,Year in Review 2024.pdf,"Table 19: Occupancy of graded establishments from different districts by months, 2024",42,monthly,pdftotext_layout,false
2024-04-01,2024,4,Matale,district,35.3,,19,37.2,2024,Year in Review 2024.pdf,"Table 19: Occupancy of graded establishments from different districts by months, 2024",42,monthly,pdftotext_layout,false
2024-05-01,2024,5,Matale,district,22.4,,19,37.2,2024,Year in Review 2024.pdf,"Table 19: Occupancy of graded establishments from different districts by months, 2024",42,monthly,pdftotext_layout,false
2024-06-01,2024,6,Matale,district,24.3,,19,37.2,2024,Year in Review 2024.pdf,"Table 19: Occupancy of graded establishments from different districts by months, 2024",42,monthly,pdftotext_layout,false
2024-07-01,2024,7,Matale,district,42.8,,19,37.2,2024,Year in Review 2024.pdf,"Table 19: Occupancy of graded establishments from different districts by months, 2024",42,monthly,pdftotext_layout,false
2024-08-01,2024,8,Matale,district,44.1,,19,37.2,2024,Year in Review 2024.pdf,"Table 19: Occupancy of graded establishments from different districts by months, 2024",42,monthly,pdftotext_layout,false
2024-09-01,2024,9,Matale,district,31.7,,19,37.2,2024,Year in Review 2024.pdf,"Table 19: Occupancy of graded establishments from different districts by months, 2024",42,monthly,pdftotext_layout,false
2024-10-01,2024,10,Matale,district,34.8,,19,37.2,2024,Year in Review 2024.pdf,"Table 19: Occupancy of graded establishments from different districts by months, 2024",42,monthly,pdftotext_layout,false
2024-11-01,2024,11,Matale,district,40.5,,19,37.2,2024,Year in Review 2024.pdf,"Table 19: Occupancy of graded establishments from different districts by months, 2024",42,monthly,pdftotext_layout,false
2024-12-01,2024,12,Matale,district,38.7,,19,37.2,2024,Year in Review 2024.pdf,"Table 19: Occupancy of graded establishments from different districts by months, 2024",42,monthly,pdftotext_layout,false
2024-01-01,2024,1,Matara,district,65.4,,8,46.9,2024,Year in Review 2024.pdf,"Table 19: Occupancy of graded establishments from different districts by months, 2024",42,monthly,pdftotext_layout,false
2024-02-01,2024,2,Matara,district,60.8,,8,46.9,2024,Year in Review 2024.pdf,"Table 19: Occupancy of graded establishments from different districts by months, 2024",42,monthly,pdftotext_layout,false
2024-03-01,2024,3,Matara,district,64.5,,8,46.9,2024,Year in Review 2024.pdf,"Table 19: Occupancy of graded establishments from different districts by months, 2024",42,monthly,pdftotext_layout,false
2024-04-01,2024,4,Matara,district,53.7,,8,46.9,2024,Year in Review 2024.pdf,"Table 19: Occupancy of graded establishments from different districts by months, 2024",42,monthly,pdftotext_layout,false
2024-05-01,2024,5,Matara,district,31.7,,8,46.9,2024,Year in Review 2024.pdf,"Table 19: Occupancy of graded establishments from different districts by months, 2024",42,monthly,pdftotext_layout,false
2024-06-01,2024,6,Matara,district,21.9,,8,46.9,2024,Year in Review 2024.pdf,"Table 19: Occupancy of graded establishments from different districts by months, 2024",42,monthly,pdftotext_layout,false
2024-07-01,2024,7,Matara,district,38.1,,8,46.9,2024,Year in Review 2024.pdf,"Table 19: Occupancy of graded establishments from different districts by months, 2024",42,monthly,pdftotext_layout,false
2024-08-01,2024,8,Matara,district,45.3,,8,46.9,2024,Year in Review 2024.pdf,"Table 19: Occupancy of graded establishments from different districts by months, 2024",42,monthly,pdftotext_layout,false
2024-09-01,2024,9,Matara,district,31.2,,8,46.9,2024,Year in Review 2024.pdf,"Table 19: Occupancy of graded establishments from different districts by months, 2024",42,monthly,pdftotext_layout,false
2024-10-01,2024,10,Matara,district,39.8,,8,46.9,2024,Year in Review 2024.pdf,"Table 19: Occupancy of graded establishments from different districts by months, 2024",42,monthly,pdftotext_layout,false
2024-11-01,2024,11,Matara,district,47.8,,8,46.9,2024,Year in Review 2024.pdf,"Table 19: Occupancy of graded establishments from different districts by months, 2024",42,monthly,pdftotext_layout,false
2024-12-01,2024,12,Matara,district,62.4,,8,46.9,2024,Year in Review 2024.pdf,"Table 19: Occupancy of graded establishments from different districts by months, 2024",42,monthly,pdftotext_layout,false
2024-01-01,2024,1,Moneragala,district,18.6,,6,16.2,2024,Year in Review 2024.pdf,"Table 19: Occupancy of graded establishments from different districts by months, 2024",42,monthly,pdftotext_layout,false
2024-02-01,2024,2,Moneragala,district,18.9,,6,16.2,2024,Year in Review 2024.pdf,"Table 19: Occupancy of graded establishments from different districts by months, 2024",42,monthly,pdftotext_layout,false
2024-03-01,2024,3,Moneragala,district,17.9,,6,16.2,2024,Year in Review 2024.pdf,"Table 19: Occupancy of graded establishments from different districts by months, 2024",42,monthly,pdftotext_layout,false
2024-04-01,2024,4,Moneragala,district,17.9,,6,16.2,2024,Year in Review 2024.pdf,"Table 19: Occupancy of graded establishments from different districts by months, 2024",42,monthly,pdftotext_layout,false
2024-05-01,2024,5,Moneragala,district,10.8,,6,16.2,2024,Year in Review 2024.pdf,"Table 19: Occupancy of graded establishments from different districts by months, 2024",42,monthly,pdftotext_layout,false
2024-06-01,2024,6,Moneragala,district,11.2,,6,16.2,2024,Year in Review 2024.pdf,"Table 19: Occupancy of graded establishments from different districts by months, 2024",42,monthly,pdftotext_layout,false
2024-07-01,2024,7,Moneragala,district,17.6,,6,16.2,2024,Year in Review 2024.pdf,"Table 19: Occupancy of graded establishments from different districts by months, 2024",42,monthly,pdftotext_layout,false
2024-08-01,2024,8,Moneragala,district,21.2,,6,16.2,2024,Year in Review 2024.pdf,"Table 19: Occupancy of graded establishments from different districts by months, 2024",42,monthly,pdftotext_layout,false
2024-09-01,2024,9,Moneragala,district,13.0,,6,16.2,2024,Year in Review 2024.pdf,"Table 19: Occupancy of graded establishments from different districts by months, 2024",42,monthly,pdftotext_layout,false
2024-10-01,2024,10,Moneragala,district,12.2,,6,16.2,2024,Year in Review 2024.pdf,"Table 19: Occupancy of graded establishments from different districts by months, 2024",42,monthly,pdftotext_layout,false
2024-11-01,2024,11,Moneragala,district,17.2,,6,16.2,2024,Year in Review 2024.pdf,"Table 19: Occupancy of graded establishments from different districts by months, 2024",42,monthly,pdftotext_layout,false
2024-12-01,2024,12,Moneragala,district,18.2,,6,16.2,2024,Year in Review 2024.pdf,"Table 19: Occupancy of graded establishments from different districts by months, 2024",42,monthly,pdftotext_layout,false
2024-01-01,2024,1,Nuwara Eliya,district,53.8,,10,46.9,2024,Year in Review 2024.pdf,"Table 19: Occupancy of graded establishments from different districts by months, 2024",42,monthly,pdftotext_layout,false
2024-02-01,2024,2,Nuwara Eliya,district,56.1,,10,46.9,2024,Year in Review 2024.pdf,"Table 19: Occupancy of graded establishments from different districts by months, 2024",42,monthly,pdftotext_layout,false
2024-03-01,2024,3,Nuwara Eliya,district,54.4,,10,46.9,2024,Year in Review 2024.pdf,"Table 19: Occupancy of graded establishments from different districts by months, 2024",42,monthly,pdftotext_layout,false
2024-04-01,2024,4,Nuwara Eliya,district,58.1,,10,46.9,2024,Year in Review 2024.pdf,"Table 19: Occupancy of graded establishments from different districts by months, 2024",42,monthly,pdftotext_layout,false
2024-05-01,2024,5,Nuwara Eliya,district,38.4,,10,46.9,2024,Year in Review 2024.pdf,"Table 19: Occupancy of graded establishments from different districts by months, 2024",42,monthly,pdftotext_layout,false
2024-06-01,2024,6,Nuwara Eliya,district,33.6,,10,46.9,2024,Year in Review 2024.pdf,"Table 19: Occupancy of graded establishments from different districts by months, 2024",42,monthly,pdftotext_layout,false
2024-07-01,2024,7,Nuwara Eliya,district,48.2,,10,46.9,2024,Year in Review 2024.pdf,"Table 19: Occupancy of graded establishments from different districts by months, 2024",42,monthly,pdftotext_layout,false
2024-08-01,2024,8,Nuwara Eliya,district,53.7,,10,46.9,2024,Year in Review 2024.pdf,"Table 19: Occupancy of graded establishments from different districts by months, 2024",42,monthly,pdftotext_layout,false
2024-09-01,2024,9,Nuwara Eliya,district,37.4,,10,46.9,2024,Year in Review 2024.pdf,"Table 19: Occupancy of graded establishments from different districts by months, 2024",42,monthly,pdftotext_layout,false
2024-10-01,2024,10,Nuwara Eliya,district,36.9,,10,46.9,2024,Year in Review 2024.pdf,"Table 19: Occupancy of graded establishments from different districts by months, 2024",42,monthly,pdftotext_layout,false
2024-11-01,2024,11,Nuwara Eliya,district,48.6,,10,46.9,2024,Year in Review 2024.pdf,"Table 19: Occupancy of graded establishments from different districts by months, 2024",42,monthly,pdftotext_layout,false
2024-12-01,2024,12,Nuwara Eliya,district,43.8,,10,46.9,2024,Year in Review 2024.pdf,"Table 19: Occupancy of graded establishments from different districts by months, 2024",42,monthly,pdftotext_layout,false
2024-01-01,2024,1,Polonnaruwa,district,34.8,,2,30.5,2024,Year in Review 2024.pdf,"Table 19: Occupancy of graded establishments from different districts by months, 2024",42,monthly,pdftotext_layout,false
2024-02-01,2024,2,Polonnaruwa,district,43.3,,2,30.5,2024,Year in Review 2024.pdf,"Table 19: Occupancy of graded establishments from different districts by months, 2024",42,monthly,pdftotext_layout,false
2024-03-01,2024,3,Polonnaruwa,district,35.9,,2,30.5,2024,Year in Review 2024.pdf,"Table 19: Occupancy of graded establishments from different districts by months, 2024",42,monthly,pdftotext_layout,false
2024-04-01,2024,4,Polonnaruwa,district,28.3,,2,30.5,2024,Year in Review 2024.pdf,"Table 19: Occupancy of graded establishments from different districts by months, 2024",42,monthly,pdftotext_layout,false
2024-05-01,2024,5,Polonnaruwa,district,16.3,,2,30.5,2024,Year in Review 2024.pdf,"Table 19: Occupancy of graded establishments from different districts by months, 2024",42,monthly,pdftotext_layout,false
2024-06-01,2024,6,Polonnaruwa,district,18.1,,2,30.5,2024,Year in Review 2024.pdf,"Table 19: Occupancy of graded establishments from different districts by months, 2024",42,monthly,pdftotext_layout,false
2024-07-01,2024,7,Polonnaruwa,district,35.5,,2,30.5,2024,Year in Review 2024.pdf,"Table 19: Occupancy of graded establishments from different districts by months, 2024",42,monthly,pdftotext_layout,false
2024-08-01,2024,8,Polonnaruwa,district,50.1,,2,30.5,2024,Year in Review 2024.pdf,"Table 19: Occupancy of graded establishments from different districts by months, 2024",42,monthly,pdftotext_layout,false
2024-09-01,2024,9,Polonnaruwa,district,21.3,,2,30.5,2024,Year in Review 2024.pdf,"Table 19: Occupancy of graded establishments from different districts by months, 2024",42,monthly,pdftotext_layout,false
2024-10-01,2024,10,Polonnaruwa,district,19.0,,2,30.5,2024,Year in Review 2024.pdf,"Table 19: Occupancy of graded establishments from different districts by months, 2024",42,monthly,pdftotext_layout,false
2024-11-01,2024,11,Polonnaruwa,district,25.2,,2,30.5,2024,Year in Review 2024.pdf,"Table 19: Occupancy of graded establishments from different districts by months, 2024",42,monthly,pdftotext_layout,false
2024-12-01,2024,12,Polonnaruwa,district,37.9,,2,30.5,2024,Year in Review 2024.pdf,"Table 19: Occupancy of graded establishments from different districts by months, 2024",42,monthly,pdftotext_layout,false
2024-01-01,2024,1,Puttalam,district,58.8,,4,41.6,2024,Year in Review 2024.pdf,"Table 19: Occupancy of graded establishments from different districts by months, 2024",42,monthly,pdftotext_layout,false
2024-02-01,2024,2,Puttalam,district,55.8,,4,41.6,2024,Year in Review 2024.pdf,"Table 19: Occupancy of graded establishments from different districts by months, 2024",42,monthly,pdftotext_layout,false
2024-03-01,2024,3,Puttalam,district,57.6,,4,41.6,2024,Year in Review 2024.pdf,"Table 19: Occupancy of graded establishments from different districts by months, 2024",42,monthly,pdftotext_layout,false
2024-04-01,2024,4,Puttalam,district,46.0,,4,41.6,2024,Year in Review 2024.pdf,"Table 19: Occupancy of graded establishments from different districts by months, 2024",42,monthly,pdftotext_layout,false
2024-05-01,2024,5,Puttalam,district,30.6,,4,41.6,2024,Year in Review 2024.pdf,"Table 19: Occupancy of graded establishments from different districts by months, 2024",42,monthly,pdftotext_layout,false
2024-06-01,2024,6,Puttalam,district,29.2,,4,41.6,2024,Year in Review 2024.pdf,"Table 19: Occupancy of graded establishments from different districts by months, 2024",42,monthly,pdftotext_layout,false
2024-07-01,2024,7,Puttalam,district,45.7,,4,41.6,2024,Year in Review 2024.pdf,"Table 19: Occupancy of graded establishments from different districts by months, 2024",42,monthly,pdftotext_layout,false
2024-08-01,2024,8,Puttalam,district,39.0,,4,41.6,2024,Year in Review 2024.pdf,"Table 19: Occupancy of graded establishments from different districts by months, 2024",42,monthly,pdftotext_layout,false
2024-09-01,2024,9,Puttalam,district,31.4,,4,41.6,2024,Year in Review 2024.pdf,"Table 19: Occupancy of graded establishments from different districts by months, 2024",42,monthly,pdftotext_layout,false
2024-10-01,2024,10,Puttalam,district,33.8,,4,41.6,2024,Year in Review 2024.pdf,"Table 19: Occupancy of graded establishments from different districts by months, 2024",42,monthly,pdftotext_layout,false
2024-11-01,2024,11,Puttalam,district,44.3,,4,41.6,2024,Year in Review 2024.pdf,"Table 19: Occupancy of graded establishments from different districts by months, 2024",42,monthly,pdftotext_layout,false
2024-12-01,2024,12,Puttalam,district,27.6,,4,41.6,2024,Year in Review 2024.pdf,"Table 19: Occupancy of graded establishments from different districts by months, 2024",42,monthly,pdftotext_layout,false
2024-01-01,2024,1,Rathnapura,district,26.2,,5,20.6,2024,Year in Review 2024.pdf,"Table 19: Occupancy of graded establishments from different districts by months, 2024",42,monthly,pdftotext_layout,false
2024-02-01,2024,2,Rathnapura,district,23.5,,5,20.6,2024,Year in Review 2024.pdf,"Table 19: Occupancy of graded establishments from different districts by months, 2024",42,monthly,pdftotext_layout,false
2024-03-01,2024,3,Rathnapura,district,29.7,,5,20.6,2024,Year in Review 2024.pdf,"Table 19: Occupancy of graded establishments from different districts by months, 2024",42,monthly,pdftotext_layout,false
2024-04-01,2024,4,Rathnapura,district,17.8,,5,20.6,2024,Year in Review 2024.pdf,"Table 19: Occupancy of graded establishments from different districts by months, 2024",42,monthly,pdftotext_layout,false
2024-05-01,2024,5,Rathnapura,district,12.5,,5,20.6,2024,Year in Review 2024.pdf,"Table 19: Occupancy of graded establishments from different districts by months, 2024",42,monthly,pdftotext_layout,false
2024-06-01,2024,6,Rathnapura,district,19.9,,5,20.6,2024,Year in Review 2024.pdf,"Table 19: Occupancy of graded establishments from different districts by months, 2024",42,monthly,pdftotext_layout,false
2024-07-01,2024,7,Rathnapura,district,15.3,,5,20.6,2024,Year in Review 2024.pdf,"Table 19: Occupancy of graded establishments from different districts by months, 2024",42,monthly,pdftotext_layout,false
2024-08-01,2024,8,Rathnapura,district,23.0,,5,20.6,2024,Year in Review 2024.pdf,"Table 19: Occupancy of graded establishments from different districts by months, 2024",42,monthly,pdftotext_layout,false
2024-09-01,2024,9,Rathnapura,district,28.1,,5,20.6,2024,Year in Review 2024.pdf,"Table 19: Occupancy of graded establishments from different districts by months, 2024",42,monthly,pdftotext_layout,false
2024-10-01,2024,10,Rathnapura,district,16.8,,5,20.6,2024,Year in Review 2024.pdf,"Table 19: Occupancy of graded establishments from different districts by months, 2024",42,monthly,pdftotext_layout,false
2024-11-01,2024,11,Rathnapura,district,17.0,,5,20.6,2024,Year in Review 2024.pdf,"Table 19: Occupancy of graded establishments from different districts by months, 2024",42,monthly,pdftotext_layout,false
2024-12-01,2024,12,Rathnapura,district,17.9,,5,20.6,2024,Year in Review 2024.pdf,"Table 19: Occupancy of graded establishments from different districts by months, 2024",42,monthly,pdftotext_layout,false
2024-01-01,2024,1,Trincomalee,district,40.4,,3,43.5,2024,Year in Review 2024.pdf,"Table 19: Occupancy of graded establishments from different districts by months, 2024",42,monthly,pdftotext_layout,false
2024-02-01,2024,2,Trincomalee,district,43.6,,3,43.5,2024,Year in Review 2024.pdf,"Table 19: Occupancy of graded establishments from different districts by months, 2024",42,monthly,pdftotext_layout,false
2024-03-01,2024,3,Trincomalee,district,43.9,,3,43.5,2024,Year in Review 2024.pdf,"Table 19: Occupancy of graded establishments from different districts by months, 2024",42,monthly,pdftotext_layout,false
2024-04-01,2024,4,Trincomalee,district,45.3,,3,43.5,2024,Year in Review 2024.pdf,"Table 19: Occupancy of graded establishments from different districts by months, 2024",42,monthly,pdftotext_layout,false
2024-05-01,2024,5,Trincomalee,district,38.6,,3,43.5,2024,Year in Review 2024.pdf,"Table 19: Occupancy of graded establishments from different districts by months, 2024",42,monthly,pdftotext_layout,false
2024-06-01,2024,6,Trincomalee,district,43.9,,3,43.5,2024,Year in Review 2024.pdf,"Table 19: Occupancy of graded establishments from different districts by months, 2024",42,monthly,pdftotext_layout,false
2024-07-01,2024,7,Trincomalee,district,64.8,,3,43.5,2024,Year in Review 2024.pdf,"Table 19: Occupancy of graded establishments from different districts by months, 2024",42,monthly,pdftotext_layout,false
2024-08-01,2024,8,Trincomalee,district,72.2,,3,43.5,2024,Year in Review 2024.pdf,"Table 19: Occupancy of graded establishments from different districts by months, 2024",42,monthly,pdftotext_layout,false
2024-09-01,2024,9,Trincomalee,district,49.7,,3,43.5,2024,Year in Review 2024.pdf,"Table 19: Occupancy of graded establishments from different districts by months, 2024",42,monthly,pdftotext_layout,false
2024-10-01,2024,10,Trincomalee,district,33.2,,3,43.5,2024,Year in Review 2024.pdf,"Table 19: Occupancy of graded establishments from different districts by months, 2024",42,monthly,pdftotext_layout,false
2024-11-01,2024,11,Trincomalee,district,25.2,,3,43.5,2024,Year in Review 2024.pdf,"Table 19: Occupancy of graded establishments from different districts by months, 2024",42,monthly,pdftotext_layout,false
2024-12-01,2024,12,Trincomalee,district,21.5,,3,43.5,2024,Year in Review 2024.pdf,"Table 19: Occupancy of graded establishments from different districts by months, 2024",42,monthly,pdftotext_layout,false
2024-01-01,2024,1,Vavuniya,district,75.0,,1,84.7,2024,Year in Review 2024.pdf,"Table 19: Occupancy of graded establishments from different districts by months, 2024",42,monthly,pdftotext_layout,false
2024-02-01,2024,2,Vavuniya,district,83.3,,1,84.7,2024,Year in Review 2024.pdf,"Table 19: Occupancy of graded establishments from different districts by months, 2024",42,monthly,pdftotext_layout,false
2024-03-01,2024,3,Vavuniya,district,91.7,,1,84.7,2024,Year in Review 2024.pdf,"Table 19: Occupancy of graded establishments from different districts by months, 2024",42,monthly,pdftotext_layout,false
2024-04-01,2024,4,Vavuniya,district,91.7,,1,84.7,2024,Year in Review 2024.pdf,"Table 19: Occupancy of graded establishments from different districts by months, 2024",42,monthly,pdftotext_layout,false
2024-05-01,2024,5,Vavuniya,district,100.0,,1,84.7,2024,Year in Review 2024.pdf,"Table 19: Occupancy of graded establishments from different districts by months, 2024",42,monthly,pdftotext_layout,false
2024-06-01,2024,6,Vavuniya,district,83.3,,1,84.7,2024,Year in Review 2024.pdf,"Table 19: Occupancy of graded establishments from different districts by months, 2024",42,monthly,pdftotext_layout,false
2024-07-01,2024,7,Vavuniya,district,100.0,,1,84.7,2024,Year in Review 2024.pdf,"Table 19: Occupancy of graded establishments from different districts by months, 2024",42,monthly,pdftotext_layout,false
2024-08-01,2024,8,Vavuniya,district,100.0,,1,84.7,2024,Year in Review 2024.pdf,"Table 19: Occupancy of graded establishments from different districts by months, 2024",42,monthly,pdftotext_layout,false
2024-09-01,2024,9,Vavuniya,district,83.3,,1,84.7,2024,Year in Review 2024.pdf,"Table 19: Occupancy of graded establishments from different districts by months, 2024",42,monthly,pdftotext_layout,false
2024-10-01,2024,10,Vavuniya,district,75.0,,1,84.7,2024,Year in Review 2024.pdf,"Table 19: Occupancy of graded establishments from different districts by months, 2024",42,monthly,pdftotext_layout,false
2024-11-01,2024,11,Vavuniya,district,66.7,,1,84.7,2024,Year in Review 2024.pdf,"Table 19: Occupancy of graded establishments from different districts by months, 2024",42,monthly,pdftotext_layout,false
2024-12-01,2024,12,Vavuniya,district,66.7,,1,84.7,2024,Year in Review 2024.pdf,"Table 19: Occupancy of graded establishments from different districts by months, 2024",42,monthly,pdftotext_layout,false
